"SEQN","cycle","risk","y","truth"
83732,"I",0.153333237463019,1,1
83733,"I",0.223196587638091,0,0
83734,"I",0.373818697125428,1,1
83735,"I",0.0610007662464936,0,0
83737,"I",0.31475817133243,0,0
83741,"I",0.00839883027094295,0,0
83742,"I",0.055038492103039,0,0
83744,"I",0.630843671006919,1,1
83747,"I",0.138295780237881,0,0
83750,"I",0.0324979122888385,0,0
83752,"I",0.00571630282103958,0,0
83754,"I",0.709867950787366,0,0
83755,"I",0.582678481873862,1,1
83757,"I",0.592670906299062,1,1
83761,"I",0.00797325307683999,0,0
83762,"I",0.0556929622934872,0,0
83767,"I",0.395396373057045,0,0
83769,"I",0.120274776502778,0,0
83773,"I",0.467408996546058,0,1
83775,"I",0.349336490318321,0,0
83776,"I",0.157809212518123,0,0
83777,"I",0.572504094618964,1,1
83781,"I",0.0304568278198877,0,0
83784,"I",0.00283381225083084,0,0
83785,"I",0.357922720511548,1,1
83787,"I",0.290926322636579,0,0
83788,"I",0.264660791280293,0,0
83789,"I",0.11535168756009,0,0
83790,"I",0.235302583676152,0,1
83791,"I",0.111640367470997,0,0
83801,"I",0.0999585775020096,0,0
83802,"I",0.0361932662360365,0,0
83803,"I",0.0074340167522732,0,0
83809,"I",0.00927789912018404,0,0
83812,"I",0.612777264504384,1,1
83813,"I",0.00190816482961313,0,0
83816,"I",0.00356846480655697,0,0
83817,"I",0.0155462261314258,0,0
83818,"I",0.597856832813866,0,0
83820,"I",0.0636835227067853,0,0
83822,"I",0.00199625365108232,0,0
83823,"I",0.017538057133517,0,0
83827,"I",0.204680947328768,0,0
83828,"I",0.132823304143931,0,0
83829,"I",0.193881974197137,0,0
83832,"I",0.539350993185844,0,0
83834,"I",0.202251350165373,0,0
83837,"I",0.21922431028508,1,1
83843,"I",0.22495083924244,0,0
83844,"I",0.00744005408258554,0,0
83849,"I",0.291724857785871,1,1
83851,"I",0.0176351871888669,0,0
83853,"I",0.0220794646585884,0,0
83854,"I",0.0670467290047588,0,0
83856,"I",0.0296070283795825,0,0
83857,"I",0.00406082918957969,0,0
83860,"I",0.109415394607253,0,0
83863,"I",0.106374396985419,0,0
83865,"I",0.00058541442027723,0,0
83866,"I",0.0132207226178966,0,0
83869,"I",0.0818256429202324,0,0
83870,"I",0.147194308299925,0,0
83871,"I",0.00740792018954186,0,0
83872,"I",0.155588894593011,1,1
83874,"I",0.0859743295473632,0,0
83875,"I",0.0947694267492614,0,0
83881,"I",0.0120035472479197,0,0
83883,"I",0.263228111033635,0,0
83884,"I",0.29464608240674,0,0
83885,"I",0.0139642770350668,0,0
83886,"I",0.177899085528841,1,1
83887,"I",0.0177548980585529,0,0
83889,"I",0.0030237210340142,0,0
83891,"I",0.0720794310584748,0,0
83894,"I",0.180112391115566,0,0
83895,"I",0.112956807417926,0,0
83897,"I",0.0221889029820548,0,0
83898,"I",0.134425931566537,0,0
83899,"I",0.00273829538755259,0,0
83900,"I",0.119434954212585,0,0
83902,"I",0.0221521702734692,0,0
83903,"I",0.201157182756552,0,0
83908,"I",0.156375162585655,0,0
83909,"I",0.0588731721205895,0,0
83910,"I",0.00459535844510297,0,0
83911,"I",0.12326377939291,1,1
83913,"I",0.370854755590106,1,1
83915,"I",0.569123337592334,1,1
83920,"I",0.43633051779978,0,1
83924,"I",0.38734554850275,0,1
83925,"I",0.270464836761845,0,0
83926,"I",0.242927187193705,1,1
83928,"I",0.326942004521065,0,0
83931,"I",0.0526991938720844,0,0
83932,"I",0.284272685999356,0,0
83933,"I",0.00926188954187845,0,0
83934,"I",0.00259761834657583,0,0
83935,"I",0.169000742039418,0,0
83937,"I",0.195169213260047,0,0
83941,"I",0.306691436802759,1,1
83944,"I",0.328743525297188,1,1
83946,"I",0.0496448032132075,0,0
83949,"I",0.247491795338562,1,1
83950,"I",0.0388377365961582,0,0
83951,"I",0.00138065671297089,0,0
83953,"I",0.0972068706906963,0,0
83954,"I",0.127107894740625,0,0
83955,"I",0.151387120767684,0,0
83958,"I",0.0485927380592837,0,0
83959,"I",0.0328235077550271,1,1
83961,"I",0.0518935907433921,0,0
83962,"I",0.0236038079373018,0,0
83964,"I",0.143164303686632,0,0
83965,"I",0.761598327084049,1,1
83966,"I",0.0291141543291674,0,0
83967,"I",0.0220127802229936,0,0
83969,"I",0.0112886877748728,0,0
83971,"I",0.0231501431755123,0,0
83973,"I",0.0494075354319428,0,0
83975,"I",0.422500042358338,0,0
83976,"I",0.103147713253779,0,0
83977,"I",0.0673441572570264,0,0
83982,"I",0.00139018077954259,0,0
83985,"I",0.0272625065681206,0,0
83986,"I",0.0558606242023444,0,0
83987,"I",0.510039253086203,1,1
83988,"I",0.010478076411425,0,0
83990,"I",0.447598640186874,0,1
83993,"I",0.160423658815044,0,0
83994,"I",0.191520479531449,0,0
83995,"I",0.315038489143908,0,0
83996,"I",0.357529733789123,1,1
83999,"I",0.226700944075286,0,0
84001,"I",0.0467471238960467,0,0
84002,"I",0.0594728740110783,1,1
84006,"I",0.108600846260832,1,1
84008,"I",0.21792488487337,0,0
84010,"I",0.0659496208485228,0,0
84011,"I",0.0434287601538868,0,0
84012,"I",0.00906102992194107,0,0
84014,"I",0.0649984339627153,0,0
84015,"I",0.520682622039621,1,1
84016,"I",0.0179524416636761,0,0
84018,"I",0.0156700879283859,0,0
84019,"I",0.0893492904301635,0,0
84021,"I",0.0289030091760575,0,0
84022,"I",0.917916762591909,1,1
84026,"I",0.579051041025881,1,1
84028,"I",0.0241538924930833,0,0
84029,"I",0.0148005820085564,0,0
84030,"I",0.0432578222549537,0,0
84032,"I",0.07701116437958,0,0
84033,"I",0.0165349367949509,0,0
84034,"I",0.00212415335124684,0,0
84036,"I",0.0433112861743125,0,0
84037,"I",0.207304665334819,0,0
84038,"I",0.00326284960262311,0,0
84039,"I",0.0134357186225314,0,0
84041,"I",0.0375093051702043,0,0
84042,"I",0.18680514628285,0,0
84046,"I",0.183663990297892,0,0
84047,"I",0.0880867009801452,0,0
84050,"I",0.0924356769005384,0,0
84051,"I",0.192664648326869,0,0
84055,"I",0.183825004944478,1,1
84058,"I",0.00096907054091834,0,0
84061,"I",0.0315451655178561,0,0
84062,"I",0.0943381093874214,0,1
84065,"I",0.0203871977523289,0,0
84068,"I",0.0623490127902393,0,0
84070,"I",0.0179252800176598,0,0
84073,"I",0.128962875534081,0,0
84074,"I",0.0129217859363526,0,0
84077,"I",0.047298713397595,0,0
84086,"I",0.0145230946395157,0,0
84087,"I",0.00978777281625984,0,0
84089,"I",0.198511898152235,0,0
84091,"I",0.0679195192434505,0,0
84094,"I",0.0498280271801957,0,0
84095,"I",0.106613865178453,0,0
84098,"I",0.00288982344226188,0,0
84099,"I",0.78642767996908,1,1
84101,"I",0.701005305549053,0,0
84105,"I",0.00652341204324267,0,0
84106,"I",0.0629713093618019,0,0
84107,"I",0.0922126027309456,1,1
84109,"I",0.113495885696373,0,0
84110,"I",0.0140647423940196,0,0
84111,"I",0.296922720382168,0,0
84112,"I",0.222387240892602,0,0
84115,"I",0.446793919480773,1,1
84118,"I",0.108208300798076,0,0
84119,"I",0.496608391917872,1,1
84120,"I",0.285154821036533,0,1
84122,"I",0.377522342628544,1,1
84125,"I",0.392011764633801,1,1
84128,"I",0.0977818543077905,0,0
84129,"I",0.25651191608502,0,1
84130,"I",0.00499106121516124,0,0
84137,"I",0.00693558015418915,0,0
84139,"I",0.123921753047063,0,0
84140,"I",0.00617398035075379,0,0
84142,"I",0.00551929971911611,0,0
84143,"I",0.0809484051119706,0,0
84151,"I",0.0230973723402515,0,0
84156,"I",0.0426577818235647,0,0
84157,"I",0.232298013516267,0,0
84165,"I",0.449830893750857,0,0
84166,"I",0.212475111471636,0,0
84167,"I",0.445390124955109,0,0
84168,"I",0.0896103227473092,0,1
84169,"I",0.27715565059313,0,0
84170,"I",0.242605832510198,1,1
84171,"I",0.00542007667826597,0,0
84172,"I",0.00430577390126285,0,0
84173,"I",0.555528351949524,1,1
84174,"I",0.0232146976044268,0,0
84177,"I",0.699539473324763,0,0
84178,"I",0.620053425235602,1,1
84181,"I",0.0815049778422656,0,0
84187,"I",0.00692475440747204,0,0
84188,"I",0.123378814605782,1,1
84189,"I",0.394619232364018,0,0
84192,"I",0.0523704814013415,0,0
84194,"I",0.109897027278848,0,0
84195,"I",0.290111813409563,0,0
84196,"I",0.0605969677875992,0,0
84197,"I",0.121820051323811,0,0
84205,"I",0.0606960316669871,0,0
84208,"I",0.574415817070984,1,1
84212,"I",0.496077563999946,0,0
84217,"I",0.502933281577213,0,0
84218,"I",0.151643636420356,0,0
84219,"I",0.335360289569413,0,0
84220,"I",0.0553565036961045,0,0
84222,"I",0.18746535407066,0,0
84226,"I",0.559792647399646,1,1
84229,"I",0.382652296985572,0,0
84230,"I",0.110398412001653,0,0
84231,"I",0.0615770061876072,0,0
84232,"I",0.082025966929168,0,0
84234,"I",0.141283524218087,0,0
84235,"I",0.268285172720136,0,0
84238,"I",0.0289241422624509,0,0
84239,"I",0.0833768058929342,1,1
84241,"I",0.450386571852702,1,1
84242,"I",0.0874665118920178,0,0
84248,"I",0.0544733007077946,0,0
84251,"I",0.00133346315041338,0,0
84256,"I",0.272348754497934,0,0
84260,"I",0.192309666312602,0,0
84264,"I",0.0637433269481092,0,0
84265,"I",0.719404820165657,0,0
84269,"I",0.00325410395637453,0,0
84271,"I",0.735613219309721,1,1
84273,"I",0.107619188408547,0,0
84276,"I",0.0040138453812283,0,0
84279,"I",0.390265926233645,0,0
84280,"I",0.53351152201401,0,0
84285,"I",0.256417645703468,1,1
84287,"I",0.0257672837318913,0,0
84290,"I",0.0639162001818805,0,0
84292,"I",0.166399404247309,0,0
84293,"I",0.00797571861185638,0,0
84294,"I",0.00217775259067445,0,0
84295,"I",0.356108914244567,0,0
84298,"I",0.0425830356280723,1,1
84299,"I",0.0588615035085968,0,0
84300,"I",0.00491783599333128,0,0
84301,"I",0.326345800229924,1,1
84302,"I",0.129140591870137,0,0
84305,"I",0.196484927025045,0,0
84308,"I",0.0197052815585837,0,0
84309,"I",0.371495915615209,1,1
84315,"I",0.324389567633795,0,0
84316,"I",0.0346696196475196,0,0
84319,"I",0.106204251113966,1,1
84321,"I",0.416224247022889,0,0
84322,"I",0.0754220326611975,0,0
84323,"I",0.00205917126175585,0,0
84327,"I",0.186076636865642,0,1
84329,"I",0.0212839082228922,0,0
84332,"I",0.387109071019341,0,1
84336,"I",0.245528703341767,0,0
84338,"I",0.107259217915982,0,0
84347,"I",0.00318214638059286,0,0
84349,"I",0.0551350368837241,0,0
84353,"I",0.230476709893934,1,1
84354,"I",0.0586113561681522,0,0
84357,"I",0.00286256495408738,0,0
84359,"I",0.0954683454424371,0,0
84360,"I",0.331120189384338,1,1
84363,"I",0.0125135413980095,0,0
84366,"I",0.350559609779111,0,0
84368,"I",0.0533460770887089,0,0
84372,"I",0.35466506562011,0,0
84374,"I",0.569442452223069,1,1
84375,"I",0.520909392719461,1,1
84376,"I",0.280970846815744,0,0
84377,"I",0.299884383307008,0,0
84379,"I",0.155627043908142,0,0
84380,"I",0.158090857051916,0,0
84381,"I",0.148784551519474,0,0
84383,"I",0.0259073768167991,0,0
84384,"I",0.0317703118684871,0,0
84388,"I",0.0932569894481387,0,0
84389,"I",0.760535790952993,0,1
84390,"I",0.0142521573275249,0,0
84393,"I",0.00981506197700822,0,0
84394,"I",0.144992203356483,0,0
84395,"I",0.00790215119683955,0,0
84396,"I",0.571813929317759,1,1
84398,"I",0.0596450196022664,0,0
84400,"I",0.518940781606434,0,0
84402,"I",0.0053369892736321,0,0
84403,"I",0.0393186718831206,0,0
84404,"I",0.0199095798081028,0,0
84405,"I",0.044461606986409,0,0
84409,"I",0.0333173822967678,0,0
84410,"I",0.0509091670517985,0,0
84411,"I",0.0049596759448614,0,0
84412,"I",0.00834778359247215,0,0
84413,"I",0.066401064831839,0,0
84418,"I",0.526329056107787,0,0
84419,"I",0.100738870110534,0,0
84420,"I",0.0756225778635479,0,0
84423,"I",0.240269634141846,0,0
84424,"I",0.396155567976134,1,1
84425,"I",0.350436878586157,0,0
84426,"I",0.109786734729694,0,0
84427,"I",0.149385571734343,0,0
84429,"I",0.600481552270665,0,0
84431,"I",0.0244347133377599,1,1
84434,"I",0.00502985839228936,0,0
84435,"I",0.135702762784112,0,0
84437,"I",0.0431404467778296,0,0
84440,"I",0.00590876700679219,0,0
84443,"I",0.812354180715739,1,1
84444,"I",0.0132576983398242,0,0
84447,"I",0.56600196083927,0,0
84448,"I",0.00343498741527689,0,0
84452,"I",0.116484242802083,0,0
84453,"I",0.00615731567776514,0,0
84454,"I",0.34509245742465,0,1
84455,"I",0.694088799588941,0,0
84456,"I",0.0852004861844653,0,0
84459,"I",0.0502075986942888,0,0
84463,"I",0.278403686821818,0,0
84464,"I",0.222777584123606,0,0
84467,"I",0.0414620252965204,0,0
84470,"I",0.0092437846341237,0,0
84471,"I",0.0879649311896296,0,0
84473,"I",0.00150771784687914,0,0
84475,"I",0.00537909637648062,0,0
84479,"I",0.128077810599472,0,0
84480,"I",0.560861826995971,0,0
84481,"I",0.256629442521865,0,0
84482,"I",0.0280154869815139,0,0
84485,"I",0.0660456621319805,0,0
84487,"I",0.00357397897277397,0,0
84488,"I",0.0439735179486387,0,0
84490,"I",0.0552912079888693,0,0
84492,"I",0.102167116145243,0,0
84493,"I",0.795175051739843,1,1
84494,"I",0.00273337561817205,0,0
84495,"I",0.138027110686093,1,1
84496,"I",0.403689123834121,0,0
84498,"I",0.0970497270659295,0,0
84499,"I",0.0925979057924479,0,0
84500,"I",0.00939603460646166,0,0
84503,"I",0.345350889322479,0,0
84511,"I",0.0584020859646571,0,0
84513,"I",0.053446810962016,0,0
84514,"I",0.0823336848573233,0,0
84530,"I",0.121057774965816,0,0
84532,"I",0.01543071550225,0,0
84534,"I",0.391752695153816,1,1
84535,"I",0.00412169679612019,0,0
84536,"I",0.0332801166582423,0,0
84537,"I",0.0525872113706203,0,0
84539,"I",0.0104541428815143,0,0
84543,"I",0.147616195302272,0,0
84545,"I",0.0408596266045301,0,0
84546,"I",0.56537844616275,1,1
84547,"I",0.0219538816063574,0,0
84548,"I",0.763402231557517,1,1
84550,"I",0.0335534201851772,0,0
84551,"I",0.132316374583769,0,0
84555,"I",0.495118618256416,0,0
84556,"I",0.42627891950487,1,1
84558,"I",0.00507531919361551,0,0
84561,"I",0.156778179201374,0,0
84562,"I",0.533413241533335,0,0
84564,"I",0.624228689371331,1,1
84565,"I",0.00366562974804225,0,0
84568,"I",0.0601166596356466,0,0
84569,"I",0.22275957310151,0,0
84575,"I",0.625822908458617,1,1
84576,"I",0.167001579261715,0,0
84579,"I",0.00971343664399815,1,1
84581,"I",0.127146680989726,0,0
84582,"I",0.658458228803949,1,1
84583,"I",0.351694346681498,1,1
84584,"I",0.561410240245753,1,1
84586,"I",0.00535584096073244,0,0
84587,"I",0.0574224735440562,0,0
84588,"I",0.0253114277420732,0,0
84592,"I",0.0473563254697091,0,0
84593,"I",0.0100422636137602,0,0
84594,"I",0.0576752300112402,0,0
84595,"I",0.0480977758704152,0,0
84596,"I",0.011627390415221,0,0
84597,"I",0.341206891912726,0,0
84600,"I",0.00521550104833663,0,0
84602,"I",0.345623979105769,1,1
84606,"I",0.606797759811471,1,1
84607,"I",0.0879130248149205,0,0
84608,"I",0.389529719241785,0,0
84609,"I",0.0948869756764729,0,0
84610,"I",0.0355890966768464,0,0
84611,"I",0.55260305063581,0,1
84612,"I",0.229040251940943,0,1
84614,"I",0.355652206776888,0,0
84615,"I",0.131336229930841,0,0
84617,"I",0.0319445197105451,0,0
84618,"I",0.00984690981146629,0,0
84619,"I",0.032220601450635,0,0
84620,"I",0.0214487153499845,0,0
84622,"I",0.498538417383311,1,1
84626,"I",0.100618109945461,0,0
84628,"I",0.010444688093115,0,0
84629,"I",0.169801555417705,0,0
84631,"I",0.490829140193044,1,1
84637,"I",0.105194031109195,0,0
84639,"I",0.0376844199544514,0,0
84640,"I",0.0477505556519481,0,0
84641,"I",0.0525105771123572,1,1
84642,"I",0.12343295473759,0,0
84644,"I",0.0473979844684847,0,0
84646,"I",0.0144854007326636,0,0
84650,"I",0.00667835971420465,0,0
84652,"I",0.191714641173368,0,0
84657,"I",0.0159120503876909,0,0
84658,"I",0.000963436507958603,0,0
84659,"I",0.831053409431351,0,0
84660,"I",0.0578985473089242,0,0
84661,"I",0.0500569098807444,0,0
84662,"I",0.655167876452309,0,1
84665,"I",0.0464178345366414,0,0
84668,"I",0.0483339628841092,0,0
84671,"I",0.00152167735223311,0,0
84672,"I",0.227473677503388,0,0
84673,"I",0.00592022320427455,0,0
84675,"I",0.0516090778915368,0,0
84677,"I",0.148381025089796,0,0
84679,"I",0.480937837042616,1,1
84680,"I",0.352682793048284,0,0
84683,"I",0.31214196689646,0,0
84685,"I",0.014067337455624,1,1
84686,"I",0.0103670005849813,0,0
84689,"I",0.185034218008205,0,0
84691,"I",0.189605115651009,0,0
84694,"I",0.046047129168507,0,0
84696,"I",0.0867554749510768,0,0
84700,"I",0.529939539414966,0,1
84702,"I",0.0322250614835983,0,0
84703,"I",0.866138785823795,0,0
84704,"I",0.17146477407072,0,0
84706,"I",0.204110720989407,0,0
84712,"I",0.011487087297585,0,0
84716,"I",0.173029645085938,0,0
84717,"I",0.0389988631011343,0,0
84720,"I",0.267894902634239,1,1
84723,"I",0.406642307423862,0,0
84726,"I",0.00781106187803999,0,0
84727,"I",0.270792241882399,0,0
84732,"I",0.362951996754067,1,1
84734,"I",0.131359485903832,0,1
84735,"I",0.221269522901183,0,0
84736,"I",0.356718817114681,0,1
84738,"I",0.0176859627897505,0,0
84741,"I",0.577170170699236,0,0
84742,"I",0.327094483564816,0,0
84745,"I",0.0199842879413065,0,0
84747,"I",0.229930521992725,0,0
84748,"I",0.00375100148931417,0,0
84751,"I",0.353062340899002,0,0
84752,"I",0.157242041019242,0,0
84753,"I",0.0114419627866491,0,0
84754,"I",0.500994327880441,1,1
84755,"I",0.154830066263794,0,1
84756,"I",0.0599887228388307,0,0
84757,"I",0.108312146482788,0,0
84759,"I",0.0822312674459104,0,0
84763,"I",0.372398678433313,0,1
84764,"I",0.043684455209118,0,0
84765,"I",0.325783719387679,1,1
84766,"I",0.168216408826562,0,0
84767,"I",0.0379102278911439,0,0
84768,"I",0.0642333858130584,0,0
84770,"I",0.075414021518361,0,0
84771,"I",0.01696928125647,0,0
84774,"I",0.318605752588596,0,0
84775,"I",0.00425660219633019,0,0
84776,"I",0.0830520385707507,1,1
84777,"I",0.0732782550622785,0,0
84778,"I",0.00698375964146261,0,0
84783,"I",0.0330007478733831,0,0
84784,"I",0.0875643826128966,0,0
84785,"I",0.15109053816731,0,1
84786,"I",0.0431821891953105,0,0
84787,"I",0.631636247029603,0,1
84790,"I",0.0191416052093837,0,0
84791,"I",0.00109501833832249,0,0
84793,"I",0.00458597001806037,0,0
84795,"I",0.0221414261884956,0,0
84796,"I",0.131257078855977,0,0
84797,"I",0.000880488895462952,0,0
84802,"I",0.472189054959171,0,0
84803,"I",0.0387359366803595,0,0
84804,"I",0.0671302994136772,0,0
84805,"I",0.592145506867925,1,1
84808,"I",0.0353466180006168,0,0
84813,"I",0.0518525256476303,0,0
84816,"I",0.00131683717266307,0,0
84817,"I",0.419416078020298,0,0
84818,"I",0.0124179864775883,0,0
84820,"I",0.149760037802988,0,0
84825,"I",0.456665883288541,0,0
84826,"I",0.0472984837112611,0,0
84828,"I",0.335106751441924,1,1
84829,"I",0.00882348545989564,0,0
84830,"I",0.00354731662511752,0,0
84831,"I",0.286517668454259,0,1
84832,"I",0.04508970125151,1,1
84833,"I",0.0278431829852154,0,0
84835,"I",0.0163995148393913,0,0
84837,"I",0.120352279189936,0,0
84838,"I",0.0172857664223456,0,0
84841,"I",0.0137223279642458,0,0
84842,"I",0.0966248824948984,0,0
84843,"I",0.00798939511604226,0,0
84846,"I",0.00630985041362131,0,0
84847,"I",0.0240477648277579,0,0
84849,"I",0.0200992687959037,0,0
84850,"I",0.0773312555864788,0,0
84852,"I",0.00612296567129136,0,0
84854,"I",0.0329141131951955,0,0
84859,"I",0.446419318410627,0,0
84862,"I",0.0469017942915455,0,0
84865,"I",0.0266367865862061,0,0
84866,"I",0.017875856703777,0,0
84867,"I",0.536553059433465,1,1
84868,"I",0.0688200324707402,0,0
84869,"I",0.317383311886731,1,1
84870,"I",0.0662050481594045,0,0
84872,"I",0.0214234345362529,0,0
84878,"I",0.0719582382517885,0,0
84879,"I",0.0656836322171368,0,0
84880,"I",0.0362726296434059,0,0
84885,"I",0.561214028793495,1,1
84887,"I",0.0292877741843159,0,0
84891,"I",0.19143613320588,0,0
84893,"I",0.2064068716094,0,0
84894,"I",0.0489838977615713,0,0
84896,"I",0.00559115456429923,0,0
84899,"I",0.00450730739517635,0,0
84900,"I",0.00782867864670226,0,0
84901,"I",0.165131605390304,0,0
84902,"I",0.119127037045468,0,0
84904,"I",0.344848668484455,1,1
84906,"I",0.0414573985472768,0,0
84910,"I",0.146065653714849,0,0
84912,"I",0.205803817949713,0,0
84913,"I",0.397876421296648,0,1
84914,"I",0.786230183437731,1,1
84915,"I",0.326401387877745,1,1
84916,"I",0.0111725193384203,0,0
84917,"I",0.0485070857505183,0,0
84919,"I",0.180887576723025,0,0
84920,"I",0.0225363296426447,0,0
84921,"I",0.0351825506442817,0,0
84923,"I",0.676531082909576,0,0
84926,"I",0.0627045834171379,0,0
84927,"I",0.178352571789953,0,1
84929,"I",0.113983751361174,1,1
84930,"I",0.0655553455347857,0,0
84931,"I",0.0103697692336753,0,0
84932,"I",0.386508524720667,0,0
84933,"I",0.00510326911978904,0,0
84934,"I",0.512153988202066,1,1
84935,"I",0.00537756179187712,0,0
84937,"I",0.00468085495668196,0,0
84938,"I",0.13983737826285,0,0
84940,"I",0.0876606715709273,0,0
84944,"I",0.535980730749563,1,1
84946,"I",0.0194709119212906,0,0
84947,"I",0.0106163141345703,0,0
84948,"I",0.0718754796568367,0,0
84949,"I",0.895339258702855,1,1
84950,"I",0.0891816791996161,0,0
84952,"I",0.163678132791531,0,0
84954,"I",0.270474364386458,1,1
84956,"I",0.0316794512552508,0,0
84962,"I",0.228525209482086,0,0
84964,"I",0.00993628651701264,0,0
84966,"I",0.383529916738636,0,0
84967,"I",0.208868197200046,0,0
84969,"I",0.700039147814637,1,1
84970,"I",0.646041872018885,1,1
84974,"I",0.00612389900347471,0,0
84976,"I",0.022120783662961,0,0
84978,"I",0.0795917286304181,0,0
84979,"I",0.545330536394128,1,1
84980,"I",0.377607264698559,0,0
84982,"I",0.109840072648529,0,0
84988,"I",0.459185176967008,0,0
84989,"I",0.0389343826750372,0,0
84992,"I",0.29823889524136,0,0
84995,"I",0.122053508311311,0,0
84997,"I",0.0101524927450689,0,0
84998,"I",0.515319145031852,0,0
85000,"I",0.419847682530666,1,1
85002,"I",0.231624406588815,0,0
85003,"I",0.695491649284699,1,1
85007,"I",0.129562600918304,0,0
85009,"I",0.0117120605263341,0,0
85010,"I",0.0149395936739053,0,0
85014,"I",0.342567743870632,0,0
85016,"I",0.194331452132154,0,0
85019,"I",0.204581726341686,0,0
85022,"I",0.0662390511712797,0,0
85024,"I",0.0191600702730884,0,0
85033,"I",0.225970516494315,1,1
85034,"I",0.278441972681142,0,0
85035,"I",0.331954408902242,0,0
85037,"I",0.63200119934605,0,0
85039,"I",0.517332572165555,0,0
85040,"I",0.00457650687853205,0,0
85041,"I",0.226485385473456,0,0
85042,"I",0.0135220897849638,0,0
85043,"I",0.0233637116493944,1,1
85048,"I",0.0430308283675815,0,0
85049,"I",0.102136588423334,0,0
85052,"I",0.0859120562628775,0,0
85053,"I",0.409997337002751,0,0
85054,"I",0.0561040881295285,0,0
85055,"I",0.00482513115183004,0,0
85057,"I",0.0653378435395493,0,0
85060,"I",0.654395628851561,0,0
85061,"I",0.420077594424534,1,1
85062,"I",0.240519843113148,0,0
85063,"I",0.00245446336365144,0,0
85064,"I",0.462172667463661,0,0
85066,"I",0.432346672235674,1,1
85067,"I",0.105531941395038,0,0
85069,"I",0.68078079827543,0,0
85073,"I",0.19551151993129,0,0
85074,"I",0.00754508608878867,0,0
85075,"I",0.055328666343999,0,0
85076,"I",0.00817095067528353,0,0
85087,"I",0.0021812147658857,1,1
85088,"I",0.143971496174963,0,0
85092,"I",0.00132078454440855,0,0
85093,"I",0.15235759701556,0,0
85095,"I",0.00245345419731469,0,0
85098,"I",0.811737715259141,1,1
85101,"I",0.464059072281041,0,0
85103,"I",0.583171724410475,0,0
85104,"I",0.0106331680364697,0,0
85106,"I",0.191394313629719,0,0
85107,"I",0.0284459100600174,0,0
85109,"I",0.0817721032915794,0,0
85110,"I",0.0323824126638152,0,0
85111,"I",0.336740753117386,0,1
85113,"I",0.0024702260029976,0,0
85114,"I",0.0103748808845443,0,0
85117,"I",0.0340725791991399,0,0
85118,"I",0.083064603584712,0,0
85119,"I",0.649391798271836,1,1
85120,"I",0.0797867025486984,0,0
85127,"I",0.0469321012111194,0,0
85128,"I",0.0285524957592545,0,0
85131,"I",0.000539353055427424,0,0
85132,"I",0.00442427504939226,0,0
85137,"I",0.542123938479504,1,1
85138,"I",0.0114292915742245,0,0
85142,"I",0.480302549847494,0,0
85145,"I",0.11397767234442,0,0
85147,"I",0.0307392817534092,0,0
85148,"I",0.219871334124982,0,0
85152,"I",0.162651338170205,0,0
85155,"I",0.0485846965283525,0,0
85156,"I",0.8037495702728,0,0
85157,"I",0.0917107474935159,0,0
85158,"I",0.191672167569609,0,0
85159,"I",0.0112234330376947,0,0
85160,"I",0.00266768201411332,0,0
85161,"I",0.256462083623675,0,0
85163,"I",0.0185983044511634,0,0
85164,"I",0.588349096295459,1,1
85166,"I",0.097552134353635,0,0
85169,"I",0.414360674601775,0,0
85170,"I",0.432491587115629,1,1
85171,"I",0.0231702797105642,0,0
85173,"I",0.0308494982016185,0,0
85177,"I",0.173233972189149,0,0
85181,"I",0.0511260423912924,0,0
85183,"I",0.118750360226932,0,0
85187,"I",0.160763412080336,0,0
85192,"I",0.200500700202228,1,1
85193,"I",0.054735324756845,0,0
85194,"I",0.0225996161000107,0,0
85197,"I",0.189374550135817,0,0
85198,"I",0.246405608495341,0,0
85200,"I",0.459537695744427,0,0
85202,"I",0.0291301469220922,0,0
85203,"I",0.818767675810911,1,1
85204,"I",0.0111967652540711,0,0
85205,"I",0.0040434252536684,0,0
85209,"I",0.0140104792330282,0,0
85211,"I",0.0602027700428799,0,0
85213,"I",0.547120618398742,1,1
85214,"I",0.00712486867840295,0,0
85215,"I",0.314667265064883,1,1
85216,"I",0.609877983427211,0,0
85217,"I",0.0297121200319938,0,0
85219,"I",0.264717059525448,1,1
85220,"I",0.0375477284249761,0,0
85222,"I",0.0433191236823044,0,0
85224,"I",0.419672393730781,1,1
85229,"I",0.042544107364441,0,0
85230,"I",0.0459976723963957,0,0
85231,"I",0.0652818722984181,0,0
85232,"I",0.249270107945269,0,0
85233,"I",0.0574071469762694,0,0
85234,"I",0.0646215093366615,0,0
85236,"I",0.574235919486936,0,0
85238,"I",0.424348628833311,0,0
85239,"I",0.0799750113031967,0,0
85241,"I",0.0188940871774038,0,0
85243,"I",0.21752899403864,0,0
85244,"I",0.142952081386336,0,0
85245,"I",0.529689973678532,0,0
85246,"I",0.00857174167419746,0,0
85249,"I",0.123020046305468,0,0
85250,"I",0.807375302913624,1,1
85252,"I",0.0251514088334358,0,0
85253,"I",0.0773756072991104,0,0
85256,"I",0.00183540411130502,0,0
85257,"I",0.211558188703452,0,1
85259,"I",0.0245396633980423,0,0
85261,"I",0.151020086250012,0,0
85263,"I",0.0552344390384489,0,0
85264,"I",0.00179114212474505,0,0
85266,"I",0.873865333581827,1,1
85269,"I",0.159822893037486,0,0
85270,"I",0.0215216886665215,0,0
85274,"I",0.292925099033811,0,1
85275,"I",0.657210931368995,0,0
85278,"I",0.367411743243691,1,1
85279,"I",0.489744402588899,0,0
85281,"I",0.0126780461254384,0,0
85283,"I",0.319264873006045,0,0
85284,"I",0.000830719444840195,0,0
85285,"I",0.25404310152226,1,1
85287,"I",0.347622780316624,0,0
85288,"I",0.253754144490619,0,0
85291,"I",0.296191244499916,0,0
85292,"I",0.401899926251142,0,0
85293,"I",0.0980057868402606,0,0
85294,"I",0.387901264993906,0,0
85295,"I",0.117976307503405,0,0
85296,"I",0.486611505983136,0,0
85298,"I",0.191335306113655,0,0
85299,"I",0.29951405018054,0,0
85302,"I",0.0191330172185404,0,0
85303,"I",0.0501259057112111,0,0
85304,"I",0.279762294599267,0,0
85305,"I",0.0126640487880836,0,0
85308,"I",0.470698723172454,0,1
85309,"I",0.0033640015366624,0,0
85312,"I",0.00924801664938778,0,0
85314,"I",0.442198742199152,0,0
85315,"I",0.0150605973351117,0,0
85316,"I",0.0645593217938343,1,1
85318,"I",0.252243004339192,0,1
85319,"I",0.0264528822272412,0,0
85320,"I",0.201212145284951,1,1
85322,"I",0.597020990792623,0,0
85324,"I",0.027479540462971,0,0
85325,"I",0.0576191469064144,0,0
85332,"I",0.436638817889431,0,0
85334,"I",0.0139940431735104,0,0
85335,"I",0.487301994637642,1,1
85337,"I",0.0504038615168081,0,0
85338,"I",0.0787786230906999,0,0
85339,"I",0.200559820127343,0,0
85341,"I",0.175748639304757,1,1
85343,"I",0.00719762777649541,0,0
85345,"I",0.0320104536177442,0,0
85346,"I",0.682542649021252,0,0
85348,"I",0.327063655676211,0,0
85351,"I",0.0271013777050473,0,0
85352,"I",0.157343741396774,0,0
85354,"I",0.107217666348489,0,0
85355,"I",0.00132973648968475,0,0
85356,"I",0.0303199478932334,0,0
85358,"I",0.477809648676285,0,0
85360,"I",0.0467243174731963,0,0
85361,"I",0.132980849798198,0,0
85362,"I",0.0040131246274489,0,0
85363,"I",0.449241509380468,1,1
85366,"I",0.138926051627569,0,0
85367,"I",0.0226004659001414,0,0
85369,"I",0.00835998771384351,0,0
85370,"I",0.412874275741236,0,0
85374,"I",0.557737391169258,1,1
85377,"I",0.148892536232301,1,1
85380,"I",0.125166383853306,0,0
85381,"I",0.00432093171505133,0,0
85390,"I",0.0207616306681081,0,0
85393,"I",0.333743752991423,0,0
85394,"I",0.0957247450937759,1,1
85396,"I",0.0844126252522279,0,0
85398,"I",0.138303267849627,0,0
85399,"I",0.055911510133756,0,0
85400,"I",0.00250557924288481,0,0
85401,"I",0.296042111839381,0,0
85406,"I",0.231349739991399,1,1
85407,"I",0.0372640222075924,0,0
85408,"I",0.0130953725140277,0,0
85409,"I",0.101962751075572,0,0
85415,"I",0.0446981642249356,0,0
85419,"I",0.0145846768247536,0,0
85420,"I",0.0443266197123895,0,0
85422,"I",0.440839248866861,0,1
85423,"I",0.146924207361791,1,1
85424,"I",0.292672716497475,0,0
85427,"I",0.0078056019379572,0,0
85431,"I",0.505014924890144,0,0
85435,"I",0.00137019619998683,0,0
85436,"I",0.0186200101587704,0,0
85437,"I",0.0380526794783582,0,0
85438,"I",0.024218638598762,0,0
85441,"I",0.254237023120653,0,0
85442,"I",0.236180846313317,0,1
85443,"I",0.0192845076034256,0,0
85444,"I",0.719097143383392,1,1
85445,"I",0.816841665779248,1,1
85448,"I",0.419078165425336,0,0
85450,"I",0.0695625260479509,0,0
85451,"I",0.0144799671454749,0,0
85453,"I",0.0801272365771996,0,0
85454,"I",0.104090054063478,0,1
85457,"I",0.0482192963917061,0,0
85464,"I",0.369692955060581,0,1
85465,"I",0.508481758350119,0,0
85467,"I",0.406761135794254,0,0
85468,"I",0.0307943249071062,0,0
85470,"I",0.610108811342749,1,1
85471,"I",0.558462362001171,1,1
85472,"I",0.407062245311864,1,1
85477,"I",0.287153525120782,0,0
85481,"I",0.358325814775776,0,0
85483,"I",0.0206524399180229,0,0
85484,"I",0.0540113170765253,0,0
85485,"I",0.104551358953152,0,0
85487,"I",0.0789526613051024,0,0
85488,"I",0.00419993421979063,0,0
85489,"I",0.00568574230122034,0,0
85491,"I",0.308667007270688,1,1
85493,"I",0.492162585510624,1,1
85496,"I",0.0308893481724515,0,0
85497,"I",0.0109017969162627,0,0
85499,"I",0.580427444417649,1,1
85503,"I",0.048603262939121,0,0
85508,"I",0.272631269136617,0,0
85510,"I",0.198351286231757,0,0
85511,"I",0.0915076433261216,0,0
85515,"I",0.0636705032091302,0,0
85516,"I",0.515870557816332,0,0
85517,"I",0.496889316765265,1,1
85518,"I",0.0128172787503726,0,0
85521,"I",0.241492882357653,1,1
85522,"I",0.216548768957191,0,0
85523,"I",0.0304177660551298,0,0
85525,"I",0.120775316038911,0,0
85527,"I",0.100449895908717,0,0
85529,"I",0.60855954245736,0,0
85530,"I",0.678782347767468,1,1
85531,"I",0.4934893727186,0,0
85535,"I",0.013743807182606,0,0
85536,"I",0.606500052709811,1,1
85537,"I",0.00199526209246934,0,0
85538,"I",0.631988804607035,1,1
85541,"I",0.0740679884004464,0,0
85542,"I",0.0228264647024645,0,0
85543,"I",0.609826717157225,1,1
85545,"I",0.0745498385376664,0,0
85548,"I",0.360679881148828,0,1
85549,"I",0.0714917208203208,0,0
85552,"I",0.520275976702343,0,1
85553,"I",0.21944150869724,0,0
85555,"I",0.162428224894448,0,0
85556,"I",0.00843865405829951,0,0
85557,"I",0.0958640272893759,0,0
85562,"I",0.148035134784479,0,0
85563,"I",0.00187689468067453,0,0
85564,"I",0.355109084318827,1,1
85566,"I",0.111203283487992,0,0
85571,"I",0.661659123294713,1,1
85573,"I",0.0559822616993311,0,0
85576,"I",0.117954799442483,0,0
85577,"I",0.168686234722396,0,0
85578,"I",0.348789135322456,1,1
85580,"I",0.0405056940065582,0,0
85584,"I",0.057328295277271,0,0
85585,"I",0.138656939227484,1,1
85587,"I",0.0679163399015937,0,0
85588,"I",0.00380450497949541,0,0
85589,"I",0.0260721352454287,0,0
85594,"I",0.104140523186512,0,0
85597,"I",0.348102470652024,0,0
85598,"I",0.404820105410872,1,1
85599,"I",0.00285431961551241,0,0
85604,"I",0.0123008317886027,0,0
85611,"I",0.00239355407431706,0,0
85613,"I",0.0353542042065924,0,0
85614,"I",0.212603122291331,0,0
85618,"I",0.130490081918123,0,0
85624,"I",0.374573471219435,0,0
85625,"I",0.344869667781459,0,0
85626,"I",0.323212208239752,0,0
85627,"I",0.0118383668994018,0,0
85628,"I",0.345693456075513,0,0
85630,"I",0.271485364370084,0,0
85631,"I",0.00138216345806431,0,0
85634,"I",0.0447844753064927,0,0
85635,"I",0.0977043954450001,0,1
85636,"I",0.285957753590635,0,0
85641,"I",0.418077239992914,0,0
85642,"I",0.00537798465995027,0,0
85647,"I",0.0188242881251373,0,0
85648,"I",0.273825157166196,0,0
85649,"I",0.00948124102147249,0,0
85651,"I",0.0423333900923657,0,0
85655,"I",0.00755884268154824,0,0
85656,"I",0.0167081269656523,0,0
85660,"I",0.120137359499131,0,0
85661,"I",0.0233289972079969,0,0
85662,"I",0.632500072278313,0,0
85663,"I",0.169757780635398,0,0
85664,"I",0.0461870920907021,0,0
85667,"I",0.316106889881052,1,1
85669,"I",0.404681823575893,0,0
85670,"I",0.506213144238125,1,1
85672,"I",0.101834254822775,0,0
85675,"I",0.0082776962202003,0,0
85676,"I",0.101437834774379,0,0
85678,"I",0.234330546821093,1,1
85679,"I",0.245186954761115,0,0
85681,"I",0.61440645814458,0,0
85682,"I",0.0936374864155184,0,0
85684,"I",0.154144420761427,0,0
85685,"I",0.117581061221815,1,1
85691,"I",0.256637220553718,0,0
85692,"I",0.00181922811963688,0,0
85696,"I",0.00609269120693158,0,0
85700,"I",0.0978451544106097,0,0
85701,"I",0.605900530002013,1,1
85702,"I",0.11487078767689,0,0
85704,"I",0.0284137667492357,0,0
85707,"I",0.00602262430303218,0,0
85711,"I",0.0388594836311655,0,0
85714,"I",0.123617868293207,0,0
85715,"I",0.413327907137576,0,0
85718,"I",0.143027912744359,0,0
85722,"I",0.0762916235609955,0,0
85724,"I",0.0600413482873584,0,0
85725,"I",0.301141718406032,0,0
85726,"I",0.810964118423846,1,1
85727,"I",0.0214992644496441,0,0
85728,"I",0.196093077798635,1,1
85730,"I",0.289247187158572,0,0
85731,"I",0.081401823630983,0,0
85733,"I",0.314890978480604,1,1
85735,"I",0.495199698169845,0,0
85738,"I",0.0810430604239261,0,0
85739,"I",0.10904302192019,0,0
85740,"I",0.43897637634928,0,0
85741,"I",0.185849441856089,0,0
85743,"I",0.439123233065614,0,0
85746,"I",0.0228746470540038,0,0
85748,"I",0.366950509898107,0,0
85750,"I",0.560985279548126,0,0
85753,"I",0.158630177205186,0,0
85756,"I",0.173608893271368,0,0
85757,"I",0.00273292442399559,0,0
85759,"I",0.0453375772398568,0,0
85760,"I",0.0506488323506097,1,1
85761,"I",0.221292106428451,0,0
85766,"I",0.10313045674676,0,0
85770,"I",0.0798168032196913,0,0
85772,"I",0.449195236984237,0,0
85774,"I",0.565477511024824,1,1
85775,"I",0.0951524472400868,0,0
85777,"I",0.688899289896145,1,1
85779,"I",0.227515010496888,0,0
85781,"I",0.137833825029797,0,0
85782,"I",0.566475020546598,1,1
85783,"I",0.00779855442640821,0,0
85785,"I",0.0256502770776597,0,0
85786,"I",0.0336165864225915,0,0
85787,"I",0.00650770853463838,0,0
85789,"I",0.00981000106425358,0,0
85790,"I",0.055723914015557,0,0
85791,"I",0.0130808537577077,0,0
85792,"I",0.125600727051013,0,0
85796,"I",0.295392518593619,1,1
85797,"I",0.00463580858534133,0,0
85799,"I",0.252908295934876,1,1
85801,"I",0.341463516901245,0,0
85803,"I",0.443297730316797,1,1
85804,"I",0.0658180819005513,0,0
85807,"I",0.460932673129857,0,0
85808,"I",0.142056573642677,0,0
85810,"I",0.0322814469477039,0,0
85811,"I",0.423449034283739,1,1
85813,"I",0.175480417966542,0,0
85814,"I",0.0170874824423837,0,0
85815,"I",0.0663341582641835,0,0
85816,"I",0.0671907365810712,0,0
85817,"I",0.018399395840514,0,0
85819,"I",0.323073928723755,0,0
85822,"I",0.390046311455027,0,1
85823,"I",0.0393717591547467,0,0
85825,"I",0.118211931268446,0,0
85828,"I",0.0594186503844952,0,0
85830,"I",0.368896398260485,0,0
85831,"I",0.0397478328031612,0,0
85833,"I",0.1278221596778,0,1
85834,"I",0.412151594326411,1,1
85836,"I",0.0152341095997548,0,0
85837,"I",0.695002921718541,1,1
85844,"I",0.627754260728958,0,0
85846,"I",0.00321247604729036,0,0
85851,"I",0.336836754272019,0,0
85852,"I",0.134981720281185,0,0
85855,"I",0.58095758608826,1,1
85856,"I",0.358545126383625,0,0
85858,"I",0.30228829303709,0,0
85859,"I",0.193028663867558,0,0
85861,"I",0.0436547646609577,0,0
85862,"I",0.113241705975267,0,0
85863,"I",0.499563136998382,1,1
85864,"I",0.00156687100464189,0,0
85866,"I",0.248915354017591,1,1
85867,"I",0.15545172115436,0,0
85869,"I",0.00249332956822354,0,0
85870,"I",0.458237639129598,0,0
85872,"I",0.869228316596578,1,1
85875,"I",0.225763829739112,1,1
85876,"I",0.0171056087659351,0,0
85878,"I",0.00350603423069927,0,0
85880,"I",0.250032641808379,0,0
85885,"I",0.0578930129596092,0,0
85893,"I",0.0323694643732239,0,0
85896,"I",0.0490500002868495,0,0
85898,"I",0.200488167009128,0,0
85899,"I",0.165379719541243,0,0
85900,"I",0.164895630094662,0,0
85902,"I",0.231058572882517,1,1
85904,"I",0.481480669589441,1,1
85905,"I",0.124217528272485,0,0
85908,"I",0.0696923309258007,0,0
85912,"I",0.788619453645784,1,1
85914,"I",0.409983749882568,0,0
85918,"I",0.0862226293057979,0,1
85920,"I",0.157143199142062,0,0
85922,"I",0.128405600557065,1,1
85925,"I",0.040536581405296,0,0
85928,"I",0.221026144073682,1,1
85930,"I",0.129802066728422,0,0
85935,"I",0.435717219099003,0,0
85936,"I",0.00413108186131802,0,0
85939,"I",0.00258759920504117,0,0
85941,"I",0.0879703687595918,0,0
85942,"I",0.0413913346468106,0,0
85943,"I",0.00340169107762772,0,0
85944,"I",0.0020998150581609,0,0
85946,"I",0.110856201636643,0,1
85947,"I",0.00155987084325378,0,0
85948,"I",0.356247739856105,1,1
85949,"I",0.427757408202569,0,0
85951,"I",0.00622318919958282,0,0
85955,"I",0.00262769023372461,0,0
85957,"I",0.414441333202585,0,0
85958,"I",0.070075291016624,0,0
85960,"I",0.16314939956954,0,0
85961,"I",0.663208970277597,0,0
85962,"I",0.0217673109268077,0,0
85963,"I",0.0559546368681353,0,0
85964,"I",0.0179710501040051,0,0
85966,"I",0.00778061453644833,0,0
85967,"I",0.00644127129076357,0,0
85968,"I",0.202110267901772,1,1
85970,"I",0.117935758936063,0,0
85973,"I",0.313571343629796,1,1
85974,"I",0.0908359493822899,0,1
85975,"I",0.329999166872897,0,1
85976,"I",0.230023749258428,0,0
85977,"I",0.0812297923083426,0,0
85978,"I",0.0125460679522522,0,0
85981,"I",0.00616938187306136,0,0
85986,"I",0.449783589745025,0,0
85990,"I",0.00778303312840841,0,0
85992,"I",0.0414801882034568,0,0
85994,"I",0.0510334666631182,0,0
85995,"I",0.0728436162959009,0,0
85996,"I",0.30569614496092,0,0
85997,"I",0.168663107056228,0,0
86000,"I",0.0204756994612506,0,0
86002,"I",0.0659945456464959,0,1
86005,"I",0.169204682761758,1,1
86007,"I",0.0529716758902562,0,0
86009,"I",0.0060564523538476,0,0
86010,"I",0.0815982846262336,0,0
86011,"I",0.0892865304753272,0,0
86013,"I",0.100028543974226,0,0
86014,"I",0.106811679258756,0,0
86017,"I",0.372739530688863,1,1
86018,"I",0.555148778707016,0,1
86019,"I",0.00189123907342352,0,0
86021,"I",0.0685242602470554,0,0
86022,"I",0.00962039571296013,0,0
86026,"I",0.752216952377492,1,1
86027,"I",0.00132352952196767,0,0
86028,"I",0.0796764906926494,0,0
86029,"I",0.0327987296469712,0,0
86031,"I",0.00633142256568633,0,0
86032,"I",0.363225123554978,0,0
86034,"I",0.154620921649589,0,0
86036,"I",0.540027665620382,1,1
86037,"I",0.12986322822702,0,0
86039,"I",0.124315752592525,0,0
86040,"I",0.220035110807933,0,0
86041,"I",0.0694599891409912,0,0
86044,"I",0.671544236679817,0,0
86047,"I",0.22546789357405,0,0
86050,"I",0.246287217528882,0,0
86051,"I",0.0479322042484266,0,0
86052,"I",0.277797836570303,0,0
86053,"I",0.198212765433737,1,1
86054,"I",0.193773915443553,0,0
86056,"I",0.00444236800945258,0,0
86057,"I",0.0209514269311847,0,0
86058,"I",0.0389396459381572,0,0
86059,"I",0.00641926630391564,0,0
86060,"I",0.0573809138138477,0,0
86061,"I",0.274062447504182,0,0
86062,"I",0.130950742093667,0,0
86063,"I",0.123591484641595,0,0
86065,"I",0.764716872782037,1,1
86067,"I",0.308135488675515,0,0
86068,"I",0.00814715755405036,0,0
86069,"I",0.29612474166338,0,0
86070,"I",0.302058785811133,1,1
86072,"I",0.291146046154215,1,1
86077,"I",0.0757774419613415,0,0
86082,"I",0.302453051653592,1,1
86083,"I",0.0956623180391783,0,0
86087,"I",0.124957283103635,1,1
86088,"I",0.0987237771260603,0,0
86090,"I",0.00487916369562949,0,0
86091,"I",0.653113640655652,0,0
86092,"I",0.0610184023984937,0,1
86093,"I",0.195613817856294,0,0
86094,"I",0.0178009598221862,0,0
86096,"I",0.149032473839903,0,0
86097,"I",0.0668407175196702,0,0
86098,"I",0.0590865792259717,0,0
86100,"I",0.0247013941631872,0,0
86102,"I",0.540119081227343,0,0
86104,"I",0.361872041684281,1,1
86105,"I",0.00356350919577961,0,0
86109,"I",0.218490518392664,1,1
86112,"I",0.312831572610833,1,1
86118,"I",0.579856814539921,0,0
86121,"I",0.00903428312330884,0,0
86123,"I",0.00738577546290085,0,0
86127,"I",0.373670550371183,1,1
86129,"I",0.309072230276945,0,0
86132,"I",0.0487469763450981,0,0
86137,"I",0.0452712212474559,0,0
86139,"I",0.319102443202931,0,0
86143,"I",0.519686154988512,1,1
86144,"I",0.00458095363918022,0,0
86146,"I",0.067781519445412,0,0
86149,"I",0.0886831236397815,0,0
86150,"I",0.0257477055995513,0,0
86151,"I",0.194919930613127,0,0
86152,"I",0.0130425133252748,0,0
86156,"I",0.25901728866261,0,0
86157,"I",0.285884546878961,1,1
86159,"I",0.00551396231998286,0,0
86163,"I",0.137839102921082,0,0
86165,"I",0.624659830018704,1,1
86167,"I",0.156437958271189,1,1
86168,"I",0.580388304090649,0,0
86169,"I",0.146253103642471,0,0
86172,"I",0.0131472781677591,0,0
86173,"I",0.00250798607026753,0,0
86175,"I",0.137814048820163,0,0
86176,"I",0.0493074145429428,0,0
86177,"I",0.0232541010967128,0,0
86178,"I",0.390123773043469,0,0
86181,"I",0.0094970361087962,0,0
86182,"I",0.166357586166615,0,0
86183,"I",0.277415583879951,0,0
86185,"I",0.189282794648853,0,0
86188,"I",0.0277011114055069,0,0
86189,"I",0.0181728841208419,0,0
86190,"I",0.583396030777831,0,0
86192,"I",0.512900606947148,0,0
86194,"I",0.128628069655892,0,0
86195,"I",0.1022056390569,0,1
86196,"I",0.0423353861807326,0,0
86197,"I",0.173452021635334,0,0
86200,"I",0.123616069163009,0,0
86201,"I",0.0595336474955845,0,0
86203,"I",0.0183748004600023,0,0
86205,"I",0.0124902211370115,1,1
86208,"I",0.0261178549338108,0,0
86209,"I",0.0324044521847891,0,0
86210,"I",0.0777087130987892,0,0
86212,"I",0.382929060463838,0,0
86213,"I",0.171798517230334,0,0
86215,"I",0.17173924084162,1,1
86220,"I",0.0215022167671271,0,0
86221,"I",0.738472660503659,1,1
86223,"I",0.324702397471615,1,1
86225,"I",0.232871571442371,0,0
86226,"I",0.00116579386787064,0,0
86227,"I",0.442308935851811,1,1
86231,"I",0.0199525572938905,0,0
86236,"I",0.124655915371991,0,0
86237,"I",0.571410247425462,0,0
86238,"I",0.0730438023187793,0,0
86239,"I",0.0794038398168992,0,0
86241,"I",0.435886870333624,1,1
86242,"I",0.437508452435343,1,1
86243,"I",0.0496205667369948,0,0
86246,"I",0.012544153550461,0,0
86247,"I",0.148342911051157,0,0
86255,"I",0.599821687043381,0,0
86258,"I",0.243491563418382,0,0
86259,"I",0.0137037703899582,0,0
86260,"I",0.0055174266312529,0,0
86261,"I",0.00418725674042172,0,0
86262,"I",0.0989104282617842,1,1
86271,"I",0.547833244495888,0,0
86272,"I",0.00432833800340778,0,0
86273,"I",0.807802422158331,1,1
86276,"I",0.463221347005513,1,1
86277,"I",0.781561431368988,0,0
86278,"I",0.00381675847186889,0,0
86279,"I",0.0246562534354999,0,0
86280,"I",0.243995190883291,0,0
86281,"I",0.0120789422970601,0,0
86282,"I",0.313820003713271,0,0
86284,"I",0.189912592918798,0,0
86286,"I",0.0369673910796181,0,0
86290,"I",0.0205955173845344,0,0
86291,"I",0.223321531532883,0,0
86293,"I",0.0255744182778797,0,0
86296,"I",0.0181585882448994,0,0
86297,"I",0.0976869750085308,0,0
86298,"I",0.0987964444594472,0,0
86299,"I",0.0242470610186946,0,0
86300,"I",0.0411189752167037,0,0
86301,"I",0.00482618521018598,0,0
86308,"I",0.00989822480424571,0,0
86312,"I",0.469294847623853,0,0
86315,"I",0.265544077686139,1,1
86318,"I",0.0608095185151584,0,1
86319,"I",0.0781722756733123,0,0
86320,"I",0.527884978156469,0,0
86321,"I",0.0237705686206449,0,0
86322,"I",0.104597376738061,0,1
86324,"I",0.00266730986182776,0,0
86325,"I",0.630415172314526,0,0
86328,"I",0.34540490693173,1,1
86333,"I",0.0036928242768191,0,0
86335,"I",0.0882432997884953,0,0
86336,"I",0.39039150708058,0,0
86338,"I",0.392088146700462,1,1
86339,"I",0.198911807375182,0,0
86342,"I",0.0116562885666307,0,0
86343,"I",0.0661513271195819,0,0
86347,"I",0.140760047028276,0,0
86348,"I",0.0186415530697211,0,0
86349,"I",0.117265116006301,0,0
86350,"I",0.286864138629165,1,1
86351,"I",0.143284955658572,0,0
86352,"I",0.0333299968329662,0,0
86354,"I",0.176939041360368,0,0
86356,"I",0.15905685117508,0,0
86357,"I",0.10522486722454,0,0
86358,"I",0.421023439035131,0,0
86359,"I",0.00838067231714,0,0
86360,"I",0.541627292511341,0,0
86361,"I",0.179061457729558,0,0
86362,"I",0.856582944325272,0,0
86364,"I",0.0231352297219263,0,0
86366,"I",0.0152319953595786,0,0
86367,"I",0.389378481082818,1,1
86368,"I",0.543031412296621,0,0
86377,"I",0.108025001352574,0,0
86379,"I",0.0210366497679139,0,0
86383,"I",0.190581009478971,0,0
86384,"I",0.192896940248462,1,1
86386,"I",0.438522248402152,1,1
86393,"I",0.161616418935586,0,0
86394,"I",0.114480519076979,0,0
86396,"I",0.0616131982708062,0,0
86399,"I",0.0937518020408879,0,0
86400,"I",0.144966778967874,1,1
86401,"I",0.0428843642573923,0,0
86404,"I",0.282081016365368,1,1
86405,"I",0.401715321596614,0,0
86406,"I",0.131711035813118,0,0
86409,"I",0.0636118900552843,0,0
86416,"I",0.576562776863703,0,0
86417,"I",0.0465863886717507,0,0
86418,"I",0.211928720237103,0,0
86420,"I",0.296458575691648,0,0
86424,"I",0.0267300472693087,0,0
86425,"I",0.0227642016934345,0,0
86426,"I",0.460841020502834,0,0
86428,"I",0.0955716269841904,0,0
86430,"I",0.292696461258577,0,0
86433,"I",0.435752115022053,0,0
86435,"I",0.512527736750283,1,1
86436,"I",0.00918210744993661,0,0
86441,"I",0.196828837369836,0,0
86443,"I",0.199223739193458,0,0
86444,"I",0.696967068900457,0,0
86445,"I",0.348685795253212,0,0
86447,"I",0.00145927016339351,0,0
86450,"I",0.130633194799272,0,0
86451,"I",0.378505785652092,1,1
86452,"I",0.141010144736073,0,0
86453,"I",0.0720011040667183,0,0
86454,"I",0.404360321284969,0,1
86456,"I",0.0241019600832462,0,0
86458,"I",0.0354434656387552,0,0
86459,"I",0.101205152341075,0,0
86460,"I",0.0285173512674358,0,0
86461,"I",0.0519409516144744,0,0
86467,"I",0.013484029577955,0,0
86472,"I",0.00646255051486402,0,0
86473,"I",0.729410732732178,0,0
86480,"I",0.393100349239648,1,1
86482,"I",0.443425167665214,0,0
86483,"I",0.00362324611342719,0,0
86487,"I",0.0527502411705883,0,0
86490,"I",0.0845461923252715,0,0
86493,"I",0.0292854202688093,0,0
86494,"I",0.116561318620508,0,0
86495,"I",0.480844122990254,1,1
86496,"I",0.265573159081709,0,0
86498,"I",0.641148202534765,1,1
86505,"I",0.331636325653333,0,0
86510,"I",0.121797371986953,0,0
86512,"I",0.0155376760330111,0,0
86514,"I",0.0245298519572104,0,0
86515,"I",0.1482738991413,0,0
86516,"I",0.181406821333075,1,1
86517,"I",0.00946754679214933,0,0
86518,"I",0.00519839313801853,0,0
86519,"I",0.158515591021855,0,0
86520,"I",0.0568388630649861,0,0
86521,"I",0.172781620844238,0,0
86522,"I",0.186405240073993,0,0
86525,"I",0.157879883215128,0,0
86526,"I",0.00642741295133729,0,0
86528,"I",0.01309834788401,0,0
86530,"I",0.27191443260234,0,0
86534,"I",0.0549980528687974,0,0
86537,"I",0.251146390639924,1,1
86540,"I",0.0553566556424361,0,0
86542,"I",0.303673314602527,0,0
86546,"I",0.045203012377898,0,0
86548,"I",0.257388175480021,0,0
86551,"I",0.0125556303859094,0,0
86552,"I",0.0117238017988532,0,0
86553,"I",0.276474156521658,0,0
86555,"I",0.0571622708924672,0,0
86556,"I",0.062610533086386,0,0
86557,"I",0.286364611767448,0,0
86558,"I",0.353646545472141,0,0
86563,"I",0.159594535677335,0,0
86564,"I",0.219170986279758,0,0
86565,"I",0.354340376649208,0,0
86566,"I",0.0335743383444921,0,0
86568,"I",0.0265453012969583,0,0
86569,"I",0.0404276536146503,0,0
86572,"I",0.112049195116242,0,0
86573,"I",0.485028089106675,0,0
86574,"I",0.0222459899281139,0,0
86575,"I",0.0210758113185618,0,0
86579,"I",0.0333709257460777,0,0
86580,"I",0.244726163111601,0,1
86581,"I",0.12590188417902,0,0
86583,"I",0.523873516939911,0,0
86584,"I",0.0416247679661286,0,0
86586,"I",0.0552031841181043,0,0
86588,"I",0.337086865164928,0,0
86590,"I",0.138744669351823,0,0
86591,"I",0.0864226522666366,0,0
86592,"I",0.0249061817367766,0,0
86597,"I",0.148532943934196,0,0
86598,"I",0.00548699874266595,0,0
86599,"I",0.00293854976857439,0,0
86600,"I",0.00383251642020873,0,0
86601,"I",0.00512826939237547,0,0
86604,"I",0.153250135845727,1,1
86606,"I",0.0167659353759493,0,0
86607,"I",0.0189289893730206,0,0
86609,"I",0.112547879995279,0,0
86610,"I",0.100458619331423,1,1
86613,"I",0.00467481302151368,0,0
86614,"I",0.440441085700957,0,0
86617,"I",0.0478116473894336,0,0
86618,"I",0.0627896167566415,0,0
86620,"I",0.26509552028703,0,0
86621,"I",0.852367257765397,0,0
86624,"I",0.0218413636673635,0,0
86626,"I",0.107458811579531,0,0
86627,"I",0.584975894891191,1,1
86628,"I",0.314046578603344,0,0
86629,"I",0.00179410464832863,0,0
86632,"I",0.0060009823313172,0,0
86633,"I",0.183924150952579,0,0
86637,"I",0.0294417312466832,0,0
86638,"I",0.105317650285193,0,0
86639,"I",0.0509400086539854,0,0
86640,"I",0.20710165729669,0,0
86641,"I",0.425447622051323,1,1
86644,"I",0.757574378947842,0,0
86649,"I",0.170425440689447,0,0
86650,"I",0.586562875313581,0,0
86652,"I",0.173089250642429,0,0
86655,"I",0.242185659552644,0,0
86657,"I",0.158196283693064,0,0
86658,"I",0.170028001481249,0,0
86661,"I",0.679817156576013,0,0
86662,"I",0.0961726993515584,0,0
86663,"I",0.0694240832449834,0,0
86664,"I",0.643839954725627,1,1
86665,"I",0.189890764184606,0,0
86667,"I",0.363618056023171,1,1
86668,"I",0.0181426775621409,0,0
86669,"I",0.516935230615929,0,1
86670,"I",0.0197229786224382,0,0
86671,"I",0.0671218348068883,0,0
86674,"I",0.759968503520775,1,1
86675,"I",0.163561141649003,0,0
86676,"I",0.0342171772105756,0,0
86677,"I",0.126026920092992,0,0
86679,"I",0.0016242223016619,0,0
86681,"I",0.0162625894637092,0,0
86685,"I",0.293229234862602,1,1
86686,"I",0.0121386674749723,0,0
86687,"I",0.0759093872498528,0,0
86692,"I",0.218704188393679,0,0
86695,"I",0.694217557994788,1,1
86696,"I",0.536499710534027,0,0
86697,"I",0.0964825077705319,0,0
86699,"I",0.382974344032018,0,0
86701,"I",0.0550561000337956,0,0
86703,"I",0.330581258407103,1,1
86705,"I",0.509881011872722,0,0
86706,"I",0.593263100181513,1,1
86707,"I",0.0255701804958418,0,0
86712,"I",0.169659891025965,0,0
86713,"I",0.462854061927603,1,1
86715,"I",0.2326865345303,0,0
86717,"I",0.767550461385848,1,1
86718,"I",0.0688884954661035,0,0
86719,"I",0.244382799177121,0,0
86720,"I",0.00587160227876321,0,0
86727,"I",0.128105288463696,0,0
86728,"I",0.00949515153231001,0,0
86730,"I",0.187209790912516,0,0
86731,"I",0.00689659282771346,0,0
86732,"I",0.362824090308374,0,0
86733,"I",0.00376176260002821,0,0
86736,"I",0.00867906372605377,0,0
86737,"I",0.0455377942585201,0,0
86740,"I",0.202502022743328,1,1
86741,"I",0.248683674394388,0,0
86744,"I",0.00337970430254843,0,0
86745,"I",0.794213730360841,1,1
86746,"I",0.34066839774553,0,0
86747,"I",0.184222971528087,0,0
86748,"I",0.623138984544689,1,1
86752,"I",0.00546947743310259,0,0
86753,"I",0.551039781417289,1,1
86755,"I",0.00228890505360569,0,0
86756,"I",0.0795294253154862,0,0
86757,"I",0.189517608600821,0,0
86759,"I",0.0778947877960513,0,0
86761,"I",0.0118740579691265,0,0
86774,"I",0.0676318680045778,0,0
86776,"I",0.0125565831062433,0,0
86777,"I",0.0766925823419389,0,0
86784,"I",0.102884322357303,0,0
86785,"I",0.1258623528962,0,0
86787,"I",0.22352543254418,0,0
86790,"I",0.0393533680330398,0,0
86792,"I",0.0408165342232873,0,0
86794,"I",0.241896916302243,0,0
86795,"I",0.0915588635173063,0,0
86800,"I",0.031241223823149,0,0
86801,"I",0.0618385779040742,0,0
86802,"I",0.224953333311599,0,0
86805,"I",0.0154335420678457,0,0
86806,"I",0.270408659991404,0,0
86809,"I",0.0375808238590112,0,0
86810,"I",0.0895201512603941,0,0
86812,"I",0.284192598201325,0,0
86815,"I",0.0163258646969035,0,0
86817,"I",0.306790995167153,0,0
86820,"I",0.0858869159003384,0,0
86824,"I",0.390465066055363,1,1
86826,"I",0.152016306397655,1,1
86829,"I",0.0292908465764937,0,0
86830,"I",0.605337964632569,0,0
86831,"I",0.142637714709355,0,0
86833,"I",0.00173477500556534,0,0
86837,"I",0.0645915927407108,0,0
86838,"I",0.0191821826750038,0,0
86841,"I",0.0171406178608561,0,0
86842,"I",0.0290500964404023,1,1
86844,"I",0.0213455399356934,0,0
86848,"I",0.87300770464256,0,0
86855,"I",0.606212026615509,0,0
86856,"I",0.0550064930375422,0,0
86859,"I",0.305734133998878,0,0
86863,"I",0.00849228994085922,0,0
86864,"I",0.0687908609415489,0,0
86868,"I",0.00107028238763689,0,0
86870,"I",0.0424109800384329,0,0
86871,"I",0.585271073515084,0,0
86872,"I",0.267679511913092,0,0
86875,"I",0.562106153477762,0,0
86876,"I",0.0192535531108771,0,0
86877,"I",0.0187866884840535,0,0
86878,"I",0.107229874589776,0,0
86879,"I",0.181614511033003,0,0
86881,"I",0.088804427643721,0,0
86882,"I",0.18781611245534,1,1
86885,"I",0.020071903191234,0,0
86886,"I",0.0952181019486477,0,0
86887,"I",0.526642527150446,0,0
86888,"I",0.0357063890355649,0,0
86889,"I",0.075056257436557,0,0
86894,"I",0.108710859644501,0,0
86897,"I",0.00649141222393093,0,0
86898,"I",0.22393364036692,0,1
86899,"I",0.0025990405015727,0,0
86901,"I",0.397128827816703,0,0
86905,"I",0.00443645885075611,0,0
86908,"I",0.0198727796030991,0,0
86909,"I",0.301185823208304,0,0
86910,"I",0.253141689050012,0,0
86911,"I",0.00327407061324221,0,0
86913,"I",0.557581205416341,1,1
86918,"I",0.219433165615864,0,0
86920,"I",0.0291908936306838,0,0
86922,"I",0.00878521474357318,0,0
86923,"I",0.0179126627542523,0,0
86925,"I",0.576850607771463,0,0
86928,"I",0.200195252598564,0,0
86929,"I",0.0804825623900015,0,0
86931,"I",0.31908319797076,0,0
86932,"I",0.342284961598821,1,1
86933,"I",0.0151920289383375,0,0
86934,"I",0.0338418328172552,0,0
86939,"I",0.0630660718301634,0,0
86940,"I",0.264656056536974,0,1
86941,"I",0.0175061006836406,0,0
86942,"I",0.131406822656867,0,0
86947,"I",0.00757888517780118,0,0
86949,"I",0.106404321444996,0,0
86950,"I",0.226204808811872,0,0
86952,"I",0.385766411290028,0,0
86959,"I",0.0111231451075549,0,0
86960,"I",0.00393994300859041,0,0
86961,"I",0.0010814406065274,0,0
86965,"I",0.374540053739769,0,0
86966,"I",0.463570609780807,1,1
86967,"I",0.193386725224251,0,0
86968,"I",0.0167564465700787,0,0
86969,"I",0.0240766194577994,0,0
86970,"I",0.00552168266437138,0,0
86971,"I",0.00358255224165202,0,0
86972,"I",0.00853974102177561,0,0
86974,"I",0.0895316792381276,0,0
86980,"I",0.107812616716646,0,0
86981,"I",0.00228645242804935,0,0
86982,"I",0.509811254296188,0,0
86983,"I",0.0657509037550386,0,0
86985,"I",0.0111600346290856,0,0
86986,"I",0.037038492584815,0,0
86987,"I",0.0936406096667188,0,0
86990,"I",0.0173565722108918,0,0
86991,"I",0.431855431768062,0,0
86992,"I",0.00100115043046576,0,0
86994,"I",0.499893334663813,1,1
86996,"I",0.0203160287346511,0,0
86998,"I",0.331751513794893,0,0
86999,"I",0.430054779277219,1,1
87000,"I",0.282807791445278,0,0
87003,"I",0.184694597516643,0,0
87004,"I",0.0174278943448476,0,0
87005,"I",0.0440084123579906,0,0
87007,"I",0.172731388447707,0,1
87008,"I",0.318669632110524,0,0
87010,"I",0.149615801665028,0,0
87014,"I",0.737253958280841,0,0
87016,"I",0.194224134002424,1,1
87018,"I",0.117805641078915,0,0
87021,"I",0.541621194858055,1,1
87026,"I",0.0735190215491335,1,1
87028,"I",0.0490041561499594,0,0
87030,"I",0.0114465879507017,0,0
87031,"I",0.0676045345555034,0,0
87032,"I",0.127109387030867,0,0
87036,"I",0.0128399309000428,0,0
87039,"I",0.00881723443652982,0,0
87044,"I",0.0937359604655788,0,0
87046,"I",0.00441487408512887,0,0
87049,"I",0.313527202612967,0,0
87050,"I",0.544570292282859,1,1
87052,"I",0.0582710190014729,0,0
87053,"I",0.133621763396889,0,0
87055,"I",0.316599145701153,0,0
87066,"I",0.0448394318542395,0,0
87067,"I",0.310878739266845,0,0
87069,"I",0.163117851218323,0,0
87072,"I",0.0291897801398678,0,0
87073,"I",0.0104951910266199,0,0
87074,"I",0.0260447414438546,0,0
87078,"I",0.742339369312347,1,1
87079,"I",0.706777957998816,1,1
87080,"I",0.0692671801310032,0,0
87081,"I",0.490911274568743,0,0
87084,"I",0.514107936491647,1,1
87086,"I",0.208514087990394,0,0
87088,"I",0.00545451853958162,0,0
87090,"I",0.0305858125795894,0,0
87099,"I",0.349979914642349,1,1
87100,"I",0.0295067954501592,0,0
87107,"I",0.00628567824957892,0,0
87109,"I",0.50090326280519,1,1
87111,"I",0.706449486922508,1,1
87112,"I",0.208438160548947,0,0
87113,"I",0.367177009409967,0,0
87114,"I",0.461132483148206,1,1
87115,"I",0.627623308198919,0,1
87118,"I",0.255640092828304,0,0
87120,"I",0.000480162706786509,0,0
87122,"I",0.533627696701943,1,1
87123,"I",0.044723192128324,0,0
87125,"I",0.172523235745833,0,0
87127,"I",0.214713552304943,0,0
87129,"I",0.0101706400471099,0,0
87130,"I",0.155896978766944,0,0
87132,"I",0.0484557123950288,1,1
87135,"I",0.429525202938093,1,1
87138,"I",0.0638073411069509,0,0
87140,"I",0.0301846786273241,0,0
87145,"I",0.123947116993613,0,0
87148,"I",0.0174887313892545,0,0
87154,"I",0.102804709810787,0,0
87155,"I",0.53734229738277,1,1
87156,"I",0.308917569884503,0,0
87162,"I",0.132000453201739,0,0
87163,"I",0.282983759623207,0,0
87165,"I",0.0327143130902341,0,0
87167,"I",0.533353487721533,1,1
87168,"I",0.0627614838004198,0,0
87169,"I",0.00245630583623936,0,0
87170,"I",0.0596004266754325,1,1
87171,"I",0.0672749336788546,0,0
87172,"I",0.127582445500273,0,0
87174,"I",0.0044664400410623,0,0
87175,"I",0.132841594545242,0,0
87176,"I",0.0269098456216242,0,0
87177,"I",0.0482368556504001,0,0
87178,"I",0.103131915654635,0,0
87180,"I",0.03457713609807,0,0
87185,"I",0.0221935712558903,0,0
87186,"I",0.236775121806338,0,1
87187,"I",0.0458670717126799,0,0
87190,"I",0.0510317151067317,0,0
87193,"I",0.212542291433581,0,0
87194,"I",0.0359395826268861,0,0
87197,"I",0.193339999672008,0,0
87198,"I",0.436214074205311,0,0
87199,"I",0.29709477711888,0,0
87200,"I",0.00119177459789855,0,0
87201,"I",0.0183601470697729,0,0
87202,"I",0.426133518437077,0,0
87204,"I",0.228835105239966,0,1
87208,"I",0.0666610599677337,0,0
87209,"I",0.335340925252276,0,0
87211,"I",0.0332442562927958,0,1
87214,"I",0.0328348766366227,0,0
87215,"I",0.0643672242282294,0,0
87217,"I",0.0573339197944313,0,0
87219,"I",0.0209490291079812,0,0
87221,"I",0.668751424692942,1,1
87223,"I",0.171888293452713,0,0
87225,"I",0.100216177376855,0,0
87226,"I",0.0398441125593493,0,0
87228,"I",0.59274803676956,0,1
87229,"I",0.0417633116235833,0,0
87230,"I",0.00427146949126104,0,0
87231,"I",0.464931764140754,1,1
87233,"I",0.225698070820435,0,1
87235,"I",0.0823073747320741,1,1
87236,"I",0.20036701885671,1,1
87237,"I",0.0300517207754952,0,0
87242,"I",0.00538228871806222,0,0
87243,"I",0.015755900229417,0,0
87245,"I",0.11834377309726,0,0
87246,"I",0.397284551500811,1,1
87248,"I",0.330198607752797,0,0
87250,"I",0.037995023748475,0,0
87251,"I",0.363171802891127,0,0
87256,"I",0.362563884204823,0,0
87257,"I",0.527641578403922,1,1
87258,"I",0.0271854068954786,0,0
87260,"I",0.808495647005439,1,1
87261,"I",0.358696023509602,0,1
87262,"I",0.0440670749716663,0,0
87263,"I",0.0848641412776684,0,0
87264,"I",0.0191654541423165,0,0
87265,"I",0.194821645919712,0,0
87268,"I",0.0815501325344004,0,0
87270,"I",0.0308031667837911,0,0
87274,"I",0.111336903271925,0,0
87275,"I",0.26112545499813,1,1
87276,"I",0.195506224021996,0,0
87278,"I",0.0200455159647927,1,1
87281,"I",0.0466748579737384,0,0
87283,"I",0.0279917735474572,0,0
87284,"I",0.722207415086695,1,1
87288,"I",0.151764043148543,0,0
87289,"I",0.0162982399695615,0,0
87290,"I",0.577253116898944,1,1
87291,"I",0.0237617862888811,0,0
87292,"I",0.139972125477201,0,0
87294,"I",0.127416303188531,0,0
87297,"I",0.0790619209482847,0,0
87298,"I",0.0657118972412855,0,0
87301,"I",0.0923830577477963,0,0
87303,"I",0.170393541395556,0,0
87306,"I",0.330766466344011,0,0
87308,"I",0.0737561851181666,0,0
87310,"I",0.0418935424591381,0,0
87311,"I",0.0320037876146511,0,0
87312,"I",0.0322846682497804,0,0
87314,"I",0.534362593805503,1,1
87315,"I",0.0129062577422746,0,0
87319,"I",0.457516191249479,0,0
87320,"I",0.0475307934372532,0,0
87321,"I",0.490976435179919,1,1
87322,"I",0.0724478010686382,0,0
87324,"I",0.00206237257174695,0,0
87325,"I",0.139359072743231,0,0
87326,"I",0.00163496336870552,0,0
87329,"I",0.109840639318838,0,0
87330,"I",0.0272948475085123,0,0
87333,"I",0.131872547818513,0,0
87334,"I",0.0115242145837112,0,0
87335,"I",0.0574423691368017,0,0
87337,"I",0.558547325502786,1,1
87341,"I",0.00157106338471405,0,0
87344,"I",0.00137183921871015,0,0
87345,"I",0.378240794299169,0,0
87346,"I",0.222031663547886,0,0
87347,"I",0.296500108897859,0,1
87349,"I",0.00311409446288519,0,0
87351,"I",0.0882818033099553,1,1
87353,"I",0.00179425981593535,0,0
87354,"I",0.236420991043208,0,0
87360,"I",0.111885181684732,0,0
87362,"I",0.0305469357851097,0,0
87365,"I",0.0830507266614234,0,0
87369,"I",0.0189073001006218,0,0
87372,"I",0.206822996478973,0,0
87373,"I",0.00506400464835016,0,0
87375,"I",0.0311742269237989,0,0
87376,"I",0.0286803125281071,0,0
87377,"I",0.040115141125763,0,0
87379,"I",0.0475576509804917,0,0
87383,"I",0.0121060424496287,0,0
87387,"I",0.297179202255885,1,1
87388,"I",0.297107353498408,0,0
87389,"I",0.157666548373754,0,1
87393,"I",0.00400988384304104,0,0
87398,"I",0.124328696638739,0,0
87400,"I",0.673382444703878,0,0
87406,"I",0.00488745817171339,0,0
87412,"I",0.0110968394556083,0,0
87413,"I",0.221022491490308,0,0
87416,"I",0.317540516958588,0,0
87417,"I",0.128001336328132,1,1
87422,"I",0.00760179384241072,0,0
87423,"I",0.0182511380334363,0,0
87425,"I",0.135255780809796,0,0
87426,"I",0.341686436487016,0,0
87427,"I",0.0529810566980381,0,0
87428,"I",0.182455519368966,0,0
87429,"I",0.273759416548655,0,0
87430,"I",0.0903597984660949,0,0
87433,"I",0.0997298667433515,0,0
87435,"I",0.319570697146078,1,1
87436,"I",0.0951999409352983,0,0
87437,"I",0.0497929603653649,0,0
87440,"I",0.0233877307837619,0,0
87445,"I",0.424497786735104,1,1
87447,"I",0.00376043825273096,0,0
87448,"I",0.334470460137998,1,1
87451,"I",0.611334330297626,1,1
87454,"I",0.0308395562046805,0,0
87461,"I",0.261050709218898,0,0
87462,"I",0.464074217992263,0,1
87463,"I",0.00713481702576683,0,0
87464,"I",0.512973154074455,0,0
87466,"I",0.228657522843635,0,0
87470,"I",0.0574610352404392,0,0
87472,"I",0.0217743847883059,0,0
87473,"I",0.179493132813008,0,1
87474,"I",0.00915058303443989,0,0
87475,"I",0.180262096489887,0,0
87476,"I",0.0948692662226085,0,0
87477,"I",0.229158113777193,0,0
87480,"I",0.0106638372904561,0,0
87481,"I",0.12224754174255,1,1
87482,"I",0.0161529249876891,0,0
87486,"I",0.043050250139747,0,0
87487,"I",0.327923220557021,1,1
87488,"I",0.147539242066551,0,1
87489,"I",0.193271377676972,0,0
87490,"I",0.0496801499330062,0,0
87492,"I",0.16722577447158,1,1
87494,"I",0.233345015165666,0,0
87496,"I",0.742881407601347,0,0
87497,"I",0.292216551599141,0,0
87498,"I",0.112820323467138,0,0
87501,"I",0.00985926204347098,0,0
87503,"I",0.0103889722037762,0,0
87505,"I",0.106645994439579,0,0
87506,"I",0.0378197965393336,0,0
87507,"I",0.298634008142525,0,0
87508,"I",0.00612663235530726,0,0
87510,"I",0.00245032352849981,0,0
87511,"I",0.100267510043587,0,0
87513,"I",0.0403116796041546,0,0
87514,"I",0.00407443799276476,0,0
87515,"I",0.283997592029808,0,0
87516,"I",0.12767012009331,0,0
87519,"I",0.0370154836338058,0,1
87520,"I",0.0146371464408647,0,0
87521,"I",0.0030973684400278,0,0
87522,"I",0.00856552855099244,0,0
87524,"I",0.0826723745006224,0,0
87529,"I",0.00363257918882521,0,0
87531,"I",0.399466411041142,0,1
87534,"I",0.605681204929098,0,0
87539,"I",0.00611936569623656,0,0
87544,"I",0.137911852927482,0,1
87548,"I",0.0122536013638487,0,0
87551,"I",0.0670453013578067,0,0
87554,"I",0.233739159921162,0,0
87555,"I",0.0119539738829542,0,0
87556,"I",0.280398912822577,0,1
87559,"I",0.266158000177079,0,0
87560,"I",0.0378241833795049,0,0
87564,"I",0.022937203087131,0,0
87568,"I",0.674605141379442,0,0
87573,"I",0.180793497271145,0,0
87577,"I",0.242313857720286,0,0
87580,"I",0.183324751669212,0,0
87581,"I",0.401600537604413,1,1
87582,"I",0.083336468968229,0,0
87583,"I",0.332158601364603,0,0
87585,"I",0.397602763156817,1,1
87586,"I",0.0859245853871681,0,0
87587,"I",0.0625305240959622,0,0
87591,"I",0.137221109114245,0,0
87592,"I",0.0193874791194704,0,0
87596,"I",0.0321847981880382,0,0
87598,"I",0.0245874394880714,0,0
87599,"I",0.00901065785621006,0,0
87600,"I",0.00831661140253331,0,0
87603,"I",0.0171044553113637,0,0
87605,"I",0.391390010285894,0,0
87606,"I",0.388457033248558,1,1
87607,"I",0.176629023016194,0,0
87608,"I",0.0676825490125993,0,0
87623,"I",0.0906548591436682,0,0
87626,"I",0.782756090061429,1,1
87627,"I",0.438105171038707,0,0
87628,"I",0.110441279583635,0,0
87630,"I",0.531324012760725,1,1
87632,"I",0.00501816992829133,0,0
87633,"I",0.0264954364428736,0,0
87634,"I",0.00188825284985717,0,0
87636,"I",0.135813310172783,0,0
87637,"I",0.139646073846522,0,0
87638,"I",0.170915851140022,0,0
87640,"I",0.144363256368191,0,0
87641,"I",0.0361614857222685,0,0
87645,"I",0.0423529336890524,1,1
87646,"I",0.250640464242863,0,0
87648,"I",0.0258044809419614,0,0
87649,"I",0.205898168722733,0,0
87652,"I",0.402427350506032,0,0
87653,"I",0.0664376181793055,0,0
87655,"I",0.452597825919189,0,0
87657,"I",0.00152469084601033,0,0
87661,"I",0.0866271538738904,0,0
87663,"I",0.0332890026095443,0,0
87664,"I",0.0209902714045177,0,0
87665,"I",0.0510947855570181,1,1
87669,"I",0.634968166763203,0,1
87672,"I",0.00870895390963783,0,0
87673,"I",0.449701939543408,1,1
87677,"I",0.297953388108651,0,0
87684,"I",0.191648253167292,0,0
87688,"I",0.410484974408702,1,1
87690,"I",0.362351127387748,0,0
87691,"I",0.11365317483633,0,0
87693,"I",0.104052386561708,0,0
87694,"I",0.00686754499393899,0,0
87697,"I",0.00485327056426162,0,0
87707,"I",0.0160310446444834,0,0
87710,"I",0.170425491403935,0,0
87711,"I",0.303343853242732,0,0
87712,"I",0.0212967886577386,0,0
87717,"I",0.101953293088184,0,0
87719,"I",0.0636417242893196,0,0
87720,"I",0.00291068484159444,0,0
87721,"I",0.168972297488652,0,0
87727,"I",0.557166635182909,1,1
87734,"I",0.478392450785224,0,0
87741,"I",0.0029913932439619,0,0
87742,"I",0.109828881358879,0,0
87748,"I",0.429025097337748,1,1
87749,"I",0.682993490220593,0,0
87750,"I",0.126846688026866,0,0
87756,"I",0.232703492409857,0,0
87757,"I",0.19933404129766,0,0
87758,"I",0.280900479187268,0,0
87761,"I",0.19954180101435,0,0
87762,"I",0.292624042934235,0,0
87766,"I",0.0708650096027247,0,0
87769,"I",0.0643994052499752,0,0
87770,"I",0.444713850164189,1,1
87772,"I",0.0384989966460732,0,0
87773,"I",0.399339649454397,0,0
87774,"I",0.00670276462295736,0,0
87776,"I",0.188924682717846,0,0
87777,"I",0.415838456408587,0,0
87778,"I",0.0193997964690919,0,0
87780,"I",0.0567452828087314,0,1
87781,"I",0.152181846919833,1,1
87783,"I",0.27121237715224,0,0
87784,"I",0.343726170765778,0,0
87788,"I",0.0335364804849554,0,0
87790,"I",0.0144422704868509,0,0
87791,"I",0.161514926839839,0,0
87795,"I",0.714814830306054,0,1
87797,"I",0.00696958722965866,0,0
87798,"I",0.151381355259779,0,0
87799,"I",0.218739075634848,0,0
87800,"I",0.016470617872059,0,0
87801,"I",0.0162467583326385,0,0
87802,"I",0.0446942830311273,0,0
87803,"I",0.434810127277304,0,0
87805,"I",0.0282945514373369,0,0
87806,"I",0.0729929624090534,0,0
87808,"I",0.00835240500677762,0,0
87814,"I",0.00790412153517881,0,0
87816,"I",0.0211183880301782,0,0
87818,"I",0.289322405730621,0,0
87819,"I",0.0266526658770205,0,0
87821,"I",0.00391008722594457,0,0
87824,"I",0.382382331993335,1,1
87827,"I",0.0408129808499537,0,0
87830,"I",0.0284607841578236,0,0
87832,"I",0.167215085604198,0,0
87839,"I",0.167297301905269,0,0
87840,"I",0.444861790378457,0,0
87841,"I",0.288114310118518,1,1
87843,"I",0.760684050109492,0,0
87844,"I",0.075537351709391,0,1
87845,"I",0.0260032537364967,0,0
87848,"I",0.456886860307644,0,0
87849,"I",0.0304348606962653,0,0
87850,"I",0.00805166620802425,0,0
87852,"I",0.0121244612269937,0,0
87853,"I",0.0494291009720888,0,0
87856,"I",0.00405160975163779,0,0
87857,"I",0.118518856271018,0,0
87859,"I",0.114009686481793,0,0
87870,"I",0.210864523162927,1,1
87871,"I",0.189744764691483,0,0
87873,"I",0.18683186971959,0,0
87874,"I",0.219361598992716,1,1
87875,"I",0.0086601533463801,0,0
87882,"I",0.00322556649261892,0,0
87884,"I",0.142527876443147,0,0
87885,"I",0.117066776826346,0,0
87886,"I",0.0196368195778193,0,0
87890,"I",0.0645022130815515,0,0
87891,"I",0.0909829232495797,0,0
87892,"I",0.0354101480913678,0,0
87895,"I",0.0841245433829168,0,0
87897,"I",0.302875621615863,0,0
87898,"I",0.0722597389783037,0,0
87901,"I",0.0290670081504854,0,0
87904,"I",0.0868046899015221,0,0
87905,"I",0.298623864434882,0,0
87906,"I",0.0088848894571099,0,0
87909,"I",0.0539680392112522,0,0
87910,"I",0.284358183580354,1,1
87913,"I",0.00820797097496628,0,0
87916,"I",0.0250270594561463,0,0
87918,"I",0.034002535717178,0,0
87919,"I",0.706703492386022,1,1
87920,"I",0.158144807148878,1,1
87921,"I",0.371494159909875,0,0
87922,"I",0.515635294050312,0,0
87923,"I",0.208580932274855,0,0
87925,"I",0.0112260905699318,0,0
87930,"I",0.0107704005245252,0,0
87934,"I",0.0649183105892624,1,1
87937,"I",0.0249494944251829,0,0
87939,"I",0.0121165362770958,0,0
87942,"I",0.181990564260594,0,0
87943,"I",0.00499467713882459,0,0
87944,"I",0.117600610550302,0,1
87945,"I",0.161793924462796,0,1
87947,"I",0.0558853056084993,0,0
87948,"I",0.00152314472037375,0,0
87951,"I",0.209766223919505,0,0
87954,"I",0.0153742780926998,0,0
87956,"I",0.425559865636592,0,0
87957,"I",0.190323233214005,0,0
87959,"I",0.0117932939652955,0,0
87961,"I",0.0627955832900979,0,0
87962,"I",0.656429373427953,1,1
87964,"I",0.00341873763063027,0,0
87965,"I",0.00216588055698574,0,0
87966,"I",0.0260566658585702,0,0
87969,"I",0.0806268982350656,0,0
87971,"I",0.264463295350332,0,0
87975,"I",0.179072510752857,0,1
87977,"I",0.81994295460799,1,1
87982,"I",0.0144988151501276,0,0
87983,"I",0.260887922151642,0,0
87984,"I",0.252658594849793,0,0
87985,"I",0.125139372788429,0,0
87986,"I",0.237972779019706,0,0
87987,"I",0.415752937768947,0,0
87988,"I",0.0617992475351899,0,0
87990,"I",0.203107056743661,1,1
87994,"I",0.0500319176358578,0,0
87995,"I",0.454492033747288,0,0
87997,"I",0.00315947512278045,0,0
87998,"I",0.202933069406598,0,0
88000,"I",0.688484966369373,1,1
88001,"I",0.542357601025693,0,0
88002,"I",0.413718048076793,0,0
88003,"I",0.268534068941689,0,0
88005,"I",0.0481877415130103,0,0
88011,"I",0.105911226111589,1,1
88018,"I",0.0575409654213911,0,0
88019,"I",0.318746592741466,1,1
88020,"I",0.337708084883748,0,0
88021,"I",0.2961768608356,0,0
88022,"I",0.113061843671765,0,0
88027,"I",0.0148235918562271,0,0
88029,"I",0.623074796642364,0,0
88030,"I",0.0116194441039693,0,0
88031,"I",0.18711580643636,0,0
88034,"I",0.145569819361551,0,0
88040,"I",0.0676983393048093,0,0
88042,"I",0.716915826071221,0,0
88045,"I",0.0505055368709543,0,0
88046,"I",0.118439649221079,0,0
88047,"I",0.0360760493228881,0,0
88048,"I",0.00266032781116596,0,0
88049,"I",0.00403732158757679,0,0
88050,"I",0.468272127525204,0,0
88051,"I",0.113938135307949,0,0
88054,"I",0.221371654084771,0,0
88055,"I",0.0220602126949852,0,0
88056,"I",0.010236302322569,0,0
88058,"I",0.113815677947307,0,0
88060,"I",0.00105765275394191,0,0
88064,"I",0.123563823478481,0,0
88065,"I",0.00716268451093201,0,0
88069,"I",0.10197345470073,0,0
88071,"I",0.00223308338432831,0,0
88072,"I",0.0100733617665612,0,0
88075,"I",0.0484083373172772,0,0
88077,"I",0.0401863577815392,0,0
88081,"I",0.0911552328890992,0,0
88082,"I",0.0825100359333271,0,0
88083,"I",0.470327743343465,0,0
88086,"I",0.0105763056486513,0,0
88089,"I",0.0150329024310989,0,0
88092,"I",0.197495522602442,0,0
88094,"I",0.204513937111941,0,0
88096,"I",0.07419187961112,0,0
88097,"I",0.302706849010228,0,0
88099,"I",0.0686574039029461,0,0
88100,"I",0.0593183451722707,0,0
88102,"I",0.570998895779512,1,1
88104,"I",0.179240575210493,0,0
88106,"I",0.0371258780012039,0,0
88110,"I",0.0877146353772701,0,0
88111,"I",0.0881613844977905,0,0
88112,"I",0.00844305954726614,0,0
88113,"I",0.515141842455752,1,1
88114,"I",0.359077444466845,0,0
88116,"I",0.0268741266491101,0,0
88119,"I",0.490010948556978,0,0
88123,"I",0.00258533170489421,0,0
88125,"I",0.24400977608236,0,0
88126,"I",0.146024322371572,0,0
88128,"I",0.0695998372064286,0,0
88131,"I",0.133470025886393,0,0
88132,"I",0.247486478368043,1,1
88133,"I",0.0372233510094645,0,0
88137,"I",0.305121234089866,0,0
88138,"I",0.0388732839654703,0,0
88144,"I",0.698643599514715,1,1
88145,"I",0.652531774160099,0,0
88146,"I",0.0339947664338369,0,0
88147,"I",0.0105547053223484,0,0
88148,"I",0.551965561344011,1,1
88149,"I",0.124177312457523,0,0
88151,"I",0.732388107875327,1,1
88154,"I",0.00256007296657347,0,0
88156,"I",0.00483473873667536,0,0
88157,"I",0.00681325768766064,0,0
88158,"I",0.177779194332799,0,0
88161,"I",0.157438438003612,0,0
88164,"I",0.293081784336479,1,1
88167,"I",0.0653294651994157,0,0
88169,"I",0.0473965448726717,0,0
88170,"I",0.240774891769072,0,1
88172,"I",0.461268438305783,0,0
88173,"I",0.39953512463085,0,0
88174,"I",0.051301846815317,0,0
88178,"I",0.0086489725182358,0,0
88181,"I",0.210728800105761,0,0
88182,"I",0.148786071283985,0,0
88184,"I",0.00169708354727848,0,0
88185,"I",0.0686303581456568,0,0
88186,"I",0.0728991905788183,0,0
88188,"I",0.298894059081346,0,0
88191,"I",0.657558989096658,1,1
88192,"I",0.00428430740822286,0,0
88194,"I",0.505761656411519,0,0
88197,"I",0.199443556063958,0,0
88198,"I",0.391640875055869,0,0
88199,"I",0.112696600526718,1,1
88200,"I",0.135480254107236,0,0
88203,"I",0.439691613954942,0,0
88205,"I",0.18080900069308,0,0
88206,"I",0.057604258192259,0,0
88208,"I",0.223585541491173,0,0
88210,"I",0.0827026017069518,0,0
88211,"I",0.657789210746323,0,1
88215,"I",0.000858414064831608,0,0
88216,"I",0.0124210882393131,0,0
88217,"I",0.0820333871360437,0,0
88218,"I",0.292946310774271,1,1
88222,"I",0.0615207414111832,0,0
88224,"I",0.0265231240372434,0,0
88227,"I",0.000851217284939827,0,0
88228,"I",0.00119052740664534,0,0
88230,"I",0.0706905661356514,0,0
88231,"I",0.198906462249524,0,0
88232,"I",0.250398273146429,1,1
88233,"I",0.051095028512272,0,0
88238,"I",0.0790732514388967,0,0
88240,"I",0.09315442720209,0,0
88241,"I",0.0996417130420819,0,0
88244,"I",0.0373376729836007,0,0
88253,"I",0.243010221235138,0,0
88255,"I",0.0778359839301011,1,1
88256,"I",0.0586566422205725,0,0
88257,"I",0.0116382911355456,0,0
88258,"I",0.174833607481089,0,0
88260,"I",0.0511092758538319,1,1
88261,"I",0.0358592918261327,0,0
88262,"I",0.00709713008557175,0,0
88264,"I",0.36265691808046,1,1
88267,"I",0.0220780181204813,0,0
88272,"I",0.0183360845227808,0,0
88274,"I",0.0846463368143958,0,0
88282,"I",0.0043818119388737,0,0
88285,"I",0.54411182833001,0,0
88286,"I",0.124895201622755,0,0
88287,"I",0.127348312519944,0,0
88289,"I",0.0496112163705481,0,0
88293,"I",0.0818803685112433,0,0
88298,"I",0.552381072880294,1,1
88301,"I",0.051509617699298,0,0
88302,"I",0.176176321834933,1,1
88303,"I",0.50637278895761,1,1
88304,"I",0.260546712225437,1,1
88306,"I",0.0593921788585289,0,0
88309,"I",0.0676551532948566,0,0
88310,"I",0.0517264725611782,0,0
88317,"I",0.0522246585503749,0,0
88319,"I",0.324834695429396,1,1
88320,"I",0.386618146176471,0,0
88321,"I",0.0608037715900736,0,0
88322,"I",0.159984365732862,0,0
88327,"I",0.141440907146526,0,0
88328,"I",0.0252626084808957,0,0
88329,"I",0.709670093610396,0,0
88330,"I",0.080950322480489,0,0
88332,"I",0.0124430306583564,0,0
88333,"I",0.150048978715065,0,0
88334,"I",0.476362630522626,1,1
88336,"I",0.0207554686291721,0,0
88337,"I",0.521287942741807,1,1
88338,"I",0.100968989289454,0,0
88339,"I",0.0680228436495376,0,0
88342,"I",0.0603617442053243,0,0
88343,"I",0.0799132465067886,0,0
88344,"I",0.237316039042779,0,1
88346,"I",0.418081242155051,0,0
88348,"I",0.0230825342450807,0,0
88350,"I",0.105350546120815,1,1
88351,"I",0.23416522693034,0,0
88352,"I",0.0542415731090289,1,1
88353,"I",0.0867104347179383,0,0
88355,"I",0.0466346906523182,0,0
88360,"I",0.0093236837343254,0,0
88361,"I",0.142791296961281,0,0
88365,"I",0.0819810165065591,0,0
88366,"I",0.0404891148358613,0,0
88367,"I",0.312977045766847,0,0
88369,"I",0.120361351141294,0,0
88370,"I",0.00715858783303828,0,0
88376,"I",0.0358135974352894,0,0
88384,"I",0.0260810864523294,0,0
88385,"I",0.101181247872849,0,0
88386,"I",0.0410993999085536,0,0
88388,"I",0.0526186383948461,0,0
88389,"I",0.266174268543443,0,0
88392,"I",0.0359345022270634,0,0
88393,"I",0.306249239489933,0,0
88395,"I",0.0730661412096462,0,1
88398,"I",0.153790894283234,0,0
88400,"I",0.0406918687383088,0,0
88401,"I",0.288989256821091,0,0
88402,"I",0.253593623806115,1,1
88404,"I",0.272205576811559,0,0
88406,"I",0.151633494160788,0,0
88412,"I",0.0068987920834481,0,0
88413,"I",0.173021747790213,0,0
88414,"I",0.00644760637469102,0,0
88417,"I",0.0855297296941338,0,0
88418,"I",0.249790870838327,1,1
88421,"I",0.214894264258773,0,0
88422,"I",0.569039899220649,1,1
88425,"I",0.029682957878804,0,0
88426,"I",0.128682116788682,0,0
88427,"I",0.0219195927037386,0,0
88428,"I",0.0153804701419335,0,0
88429,"I",0.253854010294581,0,0
88431,"I",0.359816560194477,0,0
88432,"I",0.0581054278126029,0,0
88433,"I",0.000534899381620439,0,0
88434,"I",0.0885275607739156,0,0
88436,"I",0.472037246314402,0,0
88438,"I",0.0980365930115079,0,0
88439,"I",0.0642724589396087,0,0
88440,"I",0.0517263361394231,0,1
88441,"I",0.777641212283649,0,0
88445,"I",0.0265985085233249,0,0
88450,"I",0.437403852007861,1,1
88451,"I",0.0798526038164695,0,0
88453,"I",0.330187482730512,0,1
88455,"I",0.239999236377113,1,1
88459,"I",0.0848474967605636,0,1
88460,"I",0.0601567051926028,0,0
88461,"I",0.0227567712802153,0,0
88462,"I",0.090712043594304,0,0
88464,"I",0.0572035420307133,0,0
88468,"I",0.382878522457519,1,1
88469,"I",0.100068843619077,0,0
88476,"I",0.0136409969715193,0,0
88477,"I",0.0303256466460778,0,0
88479,"I",0.356914947769915,0,0
88480,"I",0.231128936111489,0,0
88481,"I",0.0911951992614013,0,0
88482,"I",0.307252042308783,0,0
88483,"I",0.136702062332829,1,1
88485,"I",0.12099576946871,0,1
88487,"I",0.0396832849147745,0,0
88488,"I",0.177514861064404,0,0
88496,"I",0.0262258168648625,0,0
88497,"I",0.0137133772092127,0,0
88501,"I",0.0891738267090108,0,0
88504,"I",0.0254474957804396,0,0
88507,"I",0.0473165712688499,0,0
88509,"I",0.135420932976245,0,0
88514,"I",0.363570953872033,1,1
88515,"I",0.0669618420535268,0,0
88516,"I",0.180016568572388,1,1
88518,"I",0.0844954868237716,0,0
88524,"I",0.00264960344938982,0,0
88529,"I",0.323170428767687,0,0
88530,"I",0.0272804919901834,0,0
88531,"I",0.207474072861318,0,0
88533,"I",0.0142298958157146,0,0
88536,"I",0.289185845253214,1,1
88537,"I",0.0313771497609239,0,0
88538,"I",0.515629033167821,0,0
88540,"I",0.016674126552881,0,0
88543,"I",0.00218178656039338,0,0
88544,"I",0.354703701748708,1,1
88545,"I",0.0375461068182864,0,0
88547,"I",0.00339261749666487,0,0
88549,"I",0.0321001350603615,0,0
88552,"I",0.0641453172058155,0,0
88553,"I",0.014864257371176,0,0
88556,"I",0.0733864206379242,0,0
88561,"I",0.611162335899124,0,0
88565,"I",0.197855015704882,0,0
88566,"I",0.124241568649923,0,0
88568,"I",0.0252459251363773,0,0
88570,"I",0.0106855665434984,0,0
88572,"I",0.0187504888151711,0,0
88574,"I",0.0070164413919491,0,0
88575,"I",0.0880776682897559,0,0
88576,"I",0.0427917656444832,1,1
88580,"I",0.0522591031419418,0,0
88583,"I",0.0228607176748417,0,0
88584,"I",0.139466445180966,0,0
88585,"I",0.0880520858652217,1,1
88588,"I",0.259176165162935,1,1
88589,"I",0.219897394524572,1,1
88590,"I",0.0653335673760849,0,0
88591,"I",0.0356666994004476,0,0
88592,"I",0.143516948280059,0,0
88593,"I",0.122061600578194,0,0
88598,"I",0.224770846304162,0,0
88600,"I",0.58866230860007,0,0
88601,"I",0.00878214399511734,0,0
88602,"I",0.00802882494422469,0,0
88604,"I",0.0503768774564389,0,0
88605,"I",0.00675909805073286,0,0
88606,"I",0.546917573360027,1,1
88608,"I",0.00405148113265873,0,0
88609,"I",0.249963807063349,0,0
88612,"I",0.376805392141092,0,0
88613,"I",0.132012100594176,0,0
88614,"I",0.0169457561866927,1,1
88615,"I",0.516511298050475,0,0
88618,"I",0.0235065894162019,0,0
88619,"I",0.806472090541492,0,1
88621,"I",0.0465019766619552,0,0
88623,"I",0.00513625894737345,0,0
88625,"I",0.120109577381034,0,0
88626,"I",0.15449609435717,0,0
88628,"I",0.610511844225219,0,0
88629,"I",0.48867061172431,0,0
88630,"I",0.00565808375356995,0,0
88632,"I",0.111761412119622,0,0
88634,"I",0.105195402304009,0,0
88637,"I",0.0545522786764469,0,0
88638,"I",0.0622499003755667,0,0
88640,"I",0.528938113313624,0,1
88641,"I",0.287063685543323,0,0
88643,"I",0.003503296999899,0,0
88645,"I",0.0956909923133782,0,0
88647,"I",0.332040147571677,0,0
88650,"I",0.761261020507425,1,1
88651,"I",0.0426700878085226,0,0
88653,"I",0.0994698562197492,0,0
88654,"I",0.347900799017671,0,0
88657,"I",0.135113817473288,0,0
88658,"I",0.033687809624269,0,0
88659,"I",0.600112074508543,0,1
88660,"I",0.161564464716449,1,1
88661,"I",0.0214823896733348,0,0
88664,"I",0.0648364313338008,1,1
88666,"I",0.00351213764933342,0,0
88668,"I",0.231292735479577,0,0
88673,"I",0.0109179446110606,0,0
88674,"I",0.141709437726205,0,0
88676,"I",0.312847362847933,1,1
88678,"I",0.360151854590339,0,0
88680,"I",0.0142210797501958,0,0
88684,"I",0.090180698239477,0,0
88686,"I",0.165859459302196,0,0
88689,"I",0.112376670390222,1,1
88691,"I",0.0109680483818866,0,0
88692,"I",0.117576786630026,1,1
88695,"I",0.113584754056242,0,0
88696,"I",0.292108856842486,0,0
88699,"I",0.0621091407462276,0,0
88700,"I",0.0387943444546724,0,0
88702,"I",0.00865103270084721,0,0
88703,"I",0.106925241838202,0,0
88704,"I",0.00467134259125828,0,0
88706,"I",0.500069442793485,0,0
88707,"I",0.00670930604181425,0,0
88708,"I",0.260517602842333,0,0
88709,"I",0.000883340687921762,0,0
88713,"I",0.0363977415011805,0,0
88714,"I",0.241767095798201,1,1
88719,"I",0.576500517474836,1,1
88720,"I",0.00501132961405291,0,0
88721,"I",0.142578789749496,0,1
88722,"I",0.103323514789956,0,0
88723,"I",0.0814860792801123,0,0
88724,"I",0.215627126472347,1,1
88725,"I",0.0900279406387967,0,0
88728,"I",0.493571354482498,1,1
88729,"I",0.311440217804798,1,1
88731,"I",0.0352660418098811,0,0
88732,"I",0.00891665802287481,1,1
88733,"I",0.0471633052764545,0,0
88738,"I",0.432121503242201,1,1
88740,"I",0.379282073888753,1,1
88741,"I",0.119473876390243,0,0
88742,"I",0.00377587634434407,0,0
88743,"I",0.243787784853203,1,1
88744,"I",0.033991019839637,0,0
88747,"I",0.661032195997017,1,1
88748,"I",0.336801757847909,0,0
88755,"I",0.0532047472328063,0,0
88757,"I",0.177925761244426,0,0
88758,"I",0.59787394423759,1,1
88759,"I",0.0842774708016265,0,0
88761,"I",0.0848904439219687,0,0
88763,"I",0.020942380729012,0,0
88764,"I",0.366197062477655,0,0
88766,"I",0.172388655697219,0,0
88767,"I",0.152907544894291,0,0
88769,"I",0.0594756778328341,0,0
88770,"I",0.300738854906862,0,1
88775,"I",0.0984535457127551,0,0
88780,"I",0.455643568810935,1,1
88781,"I",0.336147603176309,1,1
88786,"I",0.522777524342211,0,1
88787,"I",0.0349179303990933,0,0
88789,"I",0.206558692417793,0,0
88790,"I",0.00743070142980082,0,0
88791,"I",0.326264719144481,1,1
88795,"I",0.0119453912861644,0,0
88796,"I",0.516249474672797,0,0
88797,"I",0.167146684142653,0,0
88798,"I",0.0481417008402042,0,0
88799,"I",0.000709860239977485,0,0
88803,"I",0.040820198664753,0,0
88804,"I",0.0476005258303412,0,0
88805,"I",0.00264929052396396,0,0
88806,"I",0.515912240621931,0,0
88814,"I",0.0254946003086249,0,0
88818,"I",0.0980675120681605,0,0
88823,"I",0.22556198399814,1,1
88827,"I",0.536915068343749,0,1
88829,"I",0.0201288357308732,0,0
88830,"I",0.0924014532643839,0,0
88833,"I",0.0350775954903444,0,0
88834,"I",0.4728879188105,0,0
88835,"I",0.00463215969845236,0,0
88836,"I",0.415179480575838,1,1
88838,"I",0.309719702654118,0,1
88840,"I",0.0023976819658134,0,0
88841,"I",0.148384321964372,0,0
88842,"I",0.0202362364685962,0,0
88843,"I",0.0213939026760685,0,0
88845,"I",0.065488603678439,0,0
88846,"I",0.0252741344606464,0,0
88847,"I",0.323002170268656,1,1
88848,"I",0.0458974889483486,0,0
88851,"I",0.464884260882904,0,0
88854,"I",0.0359948832508182,0,0
88855,"I",0.114341644800977,0,0
88857,"I",0.260092381849721,0,0
88859,"I",0.478186474438729,1,1
88862,"I",0.130236936493682,0,0
88864,"I",0.552826632007934,0,0
88868,"I",0.278464195566166,0,1
88871,"I",0.157030848465255,0,0
88874,"I",0.178882884566022,1,1
88875,"I",0.258571251032562,0,0
88877,"I",0.168576532293154,0,0
88878,"I",0.00136889718842187,0,0
88881,"I",0.45855726415554,1,1
88883,"I",0.265778263673765,1,1
88884,"I",0.0152023285627107,0,0
88885,"I",0.198841138824479,0,0
88887,"I",0.020109415785055,0,0
88888,"I",0.160197409123212,0,0
88890,"I",0.0201383596221109,0,0
88891,"I",0.232314318352284,0,1
88892,"I",0.0381791448738896,0,0
88894,"I",0.00166403604558146,0,0
88895,"I",0.492041587853729,1,1
88896,"I",0.000917502820604953,0,0
88897,"I",0.00720005196202984,0,0
88898,"I",0.0981217482000177,0,0
88900,"I",0.171029871886109,0,0
88901,"I",0.0146678011763696,0,0
88902,"I",0.162341638703546,1,1
88903,"I",0.000604310595449059,0,0
88906,"I",0.0225639733064097,0,0
88907,"I",0.0858123675729911,0,1
88908,"I",0.150961058689715,0,0
88910,"I",0.043576707108187,0,0
88911,"I",0.00794866361402158,0,0
88912,"I",0.00379137487089897,0,0
88914,"I",0.00260632485848673,0,0
88915,"I",0.183915498424148,0,0
88916,"I",0.289077713106046,0,0
88919,"I",0.572176281864283,0,0
88920,"I",0.0760197226398009,0,0
88924,"I",0.024226462685927,0,0
88925,"I",0.558004798130728,0,0
88926,"I",0.196910513459137,0,0
88927,"I",0.145533982182491,0,0
88930,"I",0.0164277225549352,0,0
88932,"I",0.141948559925873,0,0
88933,"I",0.0551698249158163,0,0
88934,"I",0.0506156096921763,0,0
88935,"I",0.0507275526845186,0,0
88940,"I",0.0331831535539653,0,0
88942,"I",0.435647389260939,1,1
88943,"I",0.237592973976571,0,0
88944,"I",0.00119133700557182,0,0
88945,"I",0.00407584008453407,0,0
88947,"I",0.804930072550845,0,0
88949,"I",0.0576201337299512,0,0
88950,"I",0.0474073759335322,0,0
88951,"I",0.00347862610834687,0,0
88952,"I",0.165618557705657,0,0
88960,"I",0.275767117563508,1,1
88961,"I",0.17002138508987,0,1
88965,"I",0.001280743692725,0,0
88968,"I",0.0259076813970778,0,0
88970,"I",0.00695135389960663,0,0
88974,"I",0.0134868691847358,0,0
88976,"I",0.390839801709479,0,0
88979,"I",0.0348031646967381,0,0
88981,"I",0.0413151568293946,1,1
88982,"I",0.0287329479006998,0,0
88983,"I",0.0317927064985203,0,0
88984,"I",0.119176421855707,0,0
88985,"I",0.160152977991738,0,0
88986,"I",0.0178500364328512,0,0
88990,"I",0.103409043863438,0,0
88991,"I",0.373960015371465,0,0
88992,"I",0.0157166684688617,0,0
88994,"I",0.107240745134966,1,1
88996,"I",0.0187981012769996,0,0
89003,"I",0.280773631957593,0,0
89005,"I",0.194007302527889,1,1
89006,"I",0.313555282676614,0,0
89009,"I",0.50557939155153,0,0
89012,"I",0.00247169491142797,0,0
89013,"I",0.265284302665527,0,0
89014,"I",0.218004686983319,0,0
89015,"I",0.455205070072671,0,0
89019,"I",0.0542634056829156,0,0
89020,"I",0.239172508349695,1,1
89022,"I",0.656482169601212,0,0
89025,"I",0.242450175497369,0,0
89028,"I",0.206027881372378,0,0
89031,"I",0.0186811737778102,0,0
89034,"I",0.202936213127729,0,0
89035,"I",0.126756735923714,0,0
89036,"I",0.11385916698664,0,0
89038,"I",0.00180111231301574,0,0
89041,"I",0.0433719433979432,0,0
89042,"I",0.00403003040070542,0,0
89043,"I",0.0447339025241137,0,1
89044,"I",0.0291551477249832,0,0
89047,"I",0.0677130019328903,0,0
89051,"I",0.424390101556805,1,1
89052,"I",0.425554353877051,0,1
89063,"I",0.00607378883839039,0,0
89064,"I",0.317842930456546,1,1
89067,"I",0.0134065951966726,0,0
89068,"I",0.0990576664206072,0,0
89069,"I",0.48973373488745,1,1
89070,"I",0.148872911707046,0,0
89072,"I",0.0252628411625412,0,0
89073,"I",0.181612402598246,1,1
89076,"I",0.0141032071330403,0,0
89077,"I",0.0628341513060707,0,0
89079,"I",0.129473389153484,0,0
89080,"I",0.00551474047009092,0,0
89081,"I",0.0327894041743529,0,0
89083,"I",0.00573450690592606,0,0
89084,"I",0.311726604993327,0,0
89087,"I",0.106454966674911,0,0
89090,"I",0.13898728217835,1,1
89091,"I",0.260767278666966,0,0
89093,"I",0.128540626079609,0,0
89097,"I",0.258585683355016,0,0
89099,"I",0.0981076828720107,0,0
89103,"I",0.436899391356517,1,1
89106,"I",0.256608700767507,0,0
89108,"I",0.00725695917391338,0,0
89111,"I",0.00173409318942881,0,0
89115,"I",0.0473561682680392,0,0
89116,"I",0.00204574091628738,0,0
89119,"I",0.00103830737233616,0,0
89122,"I",0.167502732312751,0,0
89123,"I",0.0340035306019957,0,0
89124,"I",0.0764018155153108,0,0
89126,"I",0.00178201973214213,0,0
89129,"I",0.48722971183258,0,1
89130,"I",0.227050534192815,0,0
89131,"I",0.697195312127299,1,1
89134,"I",0.105076136037139,0,0
89137,"I",0.0671923608270038,0,0
89141,"I",0.0325794530813068,0,0
89144,"I",0.0963373780464884,0,0
89146,"I",0.019534265615706,0,0
89149,"I",0.861105905233813,1,1
89152,"I",0.0189193612797932,0,0
89156,"I",0.646603281163042,0,0
89157,"I",0.191412321357005,0,0
89158,"I",0.0451586484013183,1,1
89160,"I",0.0152849803627331,0,0
89161,"I",0.522929833470978,1,1
89162,"I",0.104765124510719,0,0
89166,"I",0.0266420509011472,0,0
89168,"I",0.317321795275169,0,0
89169,"I",0.322039760523444,0,0
89171,"I",0.631802915699093,0,0
89172,"I",0.0186954109746286,0,0
89173,"I",0.305915540612748,1,1
89174,"I",0.0297981205210462,0,0
89175,"I",0.0766658240879863,0,0
89177,"I",0.0233085244089777,0,0
89178,"I",0.00848378599109428,0,0
89181,"I",0.163924363191983,0,0
89182,"I",0.472602067142938,0,0
89183,"I",0.112698778198232,0,0
89184,"I",0.577464152578725,0,0
89185,"I",0.0122473631128739,0,0
89186,"I",0.254034672567647,1,1
89188,"I",0.40206746194667,0,0
89189,"I",0.0927318319431624,0,0
89190,"I",0.0857968233194649,1,1
89192,"I",0.380734645923397,0,0
89194,"I",0.365779231398747,0,0
89197,"I",0.132946749837146,0,0
89201,"I",0.0482421340677621,0,1
89203,"I",0.186574664075007,0,0
89204,"I",0.0473074762503205,0,0
89208,"I",0.113324963635119,0,0
89211,"I",0.00443032180059817,0,0
89214,"I",0.259624774202131,0,0
89216,"I",0.418764607404476,0,1
89222,"I",0.061533874861681,0,0
89223,"I",0.0822258132308732,1,1
89227,"I",0.102368248861159,0,0
89230,"I",0.0655222648392234,0,0
89231,"I",0.271716003718175,0,0
89232,"I",0.27051121118945,0,0
89233,"I",0.0192483338703495,0,0
89234,"I",0.00291990789531935,0,0
89237,"I",0.479974645055934,1,1
89239,"I",0.0105112877093686,0,0
89241,"I",0.377582254861413,0,0
89243,"I",0.283548327083224,0,0
89244,"I",0.0416962762784951,0,0
89248,"I",0.133369831168274,0,0
89249,"I",0.0277991383650973,0,0
89250,"I",0.153438387265583,0,0
89253,"I",0.0665919385201653,0,0
89255,"I",0.540069873441336,0,0
89256,"I",0.0921394296850571,0,0
89259,"I",0.150362530783253,0,0
89261,"I",0.200603630888577,0,1
89263,"I",0.088512394306721,0,0
89264,"I",0.0103544577665133,0,0
89266,"I",0.117863595849133,0,0
89267,"I",0.0173444218300318,0,0
89268,"I",0.0144864007122059,0,0
89271,"I",0.576773034448674,0,0
89275,"I",0.869064394656275,1,1
89276,"I",0.0234262653331656,0,0
89278,"I",0.00193715049625046,0,0
89280,"I",0.0579263881634251,0,0
89284,"I",0.0843421497483232,0,0
89288,"I",0.279212379715401,0,0
89289,"I",0.194078830403969,0,0
89293,"I",0.0852916357964633,0,0
89294,"I",0.205030660723312,0,0
89303,"I",0.0591587949276322,0,0
89304,"I",0.00395514227645704,0,0
89305,"I",0.0829945268057052,1,1
89308,"I",0.187581441131632,0,0
89310,"I",0.214547477916211,0,0
89313,"I",0.354991953662288,0,0
89314,"I",0.504436057581991,1,1
89316,"I",0.396253151317557,1,1
89317,"I",0.0101306467551259,0,0
89319,"I",0.0302899622225431,0,0
89320,"I",0.0975238350640967,0,0
89321,"I",0.392740974518186,1,1
89325,"I",0.478120895208179,1,1
89327,"I",0.361321095742783,0,0
89329,"I",0.0197627687524251,0,0
89331,"I",0.0123212386571664,0,0
89332,"I",0.750752225065633,1,1
89335,"I",0.025040252751711,0,0
89338,"I",0.124907274204981,1,1
89339,"I",0.0852015893939594,0,0
89340,"I",0.00586764720654542,0,0
89345,"I",0.0184256330146915,0,0
89346,"I",0.149023217979658,0,0
89348,"I",0.0406001824466758,0,0
89350,"I",0.0465823273220372,0,0
89351,"I",0.245213623382285,0,0
89352,"I",0.300552223189179,0,1
89353,"I",0.0461272109476052,0,0
89354,"I",0.0588198767025509,0,0
89355,"I",0.634574347431101,1,1
89357,"I",0.0996379419693305,0,0
89358,"I",0.0200338119207419,0,0
89359,"I",0.0113647603915202,0,0
89362,"I",0.0312110417456699,0,0
89364,"I",0.00494881622020154,0,0
89367,"I",0.0619750418151087,0,0
89370,"I",0.620730573405792,0,0
89371,"I",0.864932439517877,1,1
89373,"I",0.505417632396816,0,0
89376,"I",0.118005396684378,0,0
89381,"I",0.251567625759273,1,1
89382,"I",0.0757431024425209,1,1
89383,"I",0.389025984616199,0,0
89384,"I",0.0291357566875974,0,0
89389,"I",0.431336065565184,0,0
89390,"I",0.411183805875611,0,0
89391,"I",0.260303440667624,0,0
89395,"I",0.108237298145675,0,0
89397,"I",0.0967490563243081,0,0
89399,"I",0.00443881054155889,0,0
89400,"I",0.65012661358371,0,0
89402,"I",0.239768887755516,1,1
89403,"I",0.219068512668416,1,1
89404,"I",0.419976986282376,0,0
89407,"I",0.0121957326683725,0,0
89408,"I",0.371360766662677,1,1
89412,"I",0.306839338749822,0,0
89413,"I",0.158436529493765,0,0
89414,"I",0.00345254814010796,0,0
89417,"I",0.0806409881425065,1,1
89419,"I",0.627134385052276,1,1
89420,"I",0.0725028302432291,0,0
89422,"I",0.513612318552452,1,1
89425,"I",0.0174555604822125,0,0
89426,"I",0.0608584293127185,0,0
89434,"I",0.104520491684355,0,0
89435,"I",0.0181106879196409,0,0
89436,"I",0.0283084245612474,0,0
89437,"I",0.287237027985593,1,1
89439,"I",0.668884782004107,1,1
89441,"I",0.349440370623378,1,1
89442,"I",0.10315625997766,0,0
89444,"I",0.213429788270652,0,0
89445,"I",0.00711249693755014,0,0
89453,"I",0.0284617675334468,0,0
89455,"I",0.112002342381237,1,1
89457,"I",0.0118055602385136,0,0
89458,"I",0.31690044166804,0,0
89459,"I",0.174187596147426,0,0
89462,"I",0.00883267348433716,0,0
89470,"I",0.0144015636131638,0,0
89471,"I",0.515897703553489,0,0
89472,"I",0.33199575559205,0,0
89473,"I",0.161958438064057,0,0
89474,"I",0.0139501058539203,0,0
89475,"I",0.0201011482903153,0,0
89476,"I",0.119376677239277,0,0
89477,"I",0.0131100246943775,0,0
89482,"I",0.026500005162461,0,0
89483,"I",0.0941878109171801,0,0
89485,"I",0.0134359959306964,0,0
89488,"I",0.845777052646655,1,1
89490,"I",0.21926034301723,0,0
89491,"I",0.187457133788134,0,0
89494,"I",0.0652410201480324,0,0
89495,"I",0.262964526789074,0,0
89496,"I",0.0741724631944584,0,0
89497,"I",0.000587640176868747,0,0
89499,"I",0.658796887059145,1,1
89500,"I",0.0579375225682902,0,0
89501,"I",0.264288346396801,1,1
89504,"I",0.114818310873642,0,0
89508,"I",0.000829787348839274,0,0
89511,"I",0.118330476722676,0,0
89513,"I",0.0350414291748591,0,0
89514,"I",0.10658356943559,0,0
89517,"I",0.00591714888593966,0,0
89518,"I",0.474292219269173,0,0
89519,"I",0.342411393167683,1,1
89520,"I",0.0721145660583727,0,0
89522,"I",0.0280468410536829,0,0
89523,"I",0.00474727277667896,0,0
89524,"I",0.377669142728475,0,0
89525,"I",0.013372050354003,0,0
89529,"I",0.00404462293875122,0,0
89533,"I",0.01847448957712,0,0
89536,"I",0.0128689921128508,0,0
89538,"I",0.393480059295008,1,1
89540,"I",0.0423434857581637,0,0
89541,"I",0.443686390474544,0,0
89542,"I",0.482306569656138,0,0
89543,"I",0.73204243100322,0,0
89545,"I",0.127487149002294,0,0
89546,"I",0.138372985244231,0,0
89549,"I",0.118460514903734,0,0
89550,"I",0.263921638605096,0,0
89553,"I",0.0522079227062575,0,0
89557,"I",0.497123311283898,1,1
89560,"I",0.689980084292442,1,1
89562,"I",0.123916763377892,0,0
89563,"I",0.640045320811861,0,0
89565,"I",0.192675539726299,1,1
89566,"I",0.256157902632972,0,1
89568,"I",0.350463784761679,0,0
89570,"I",0.340770733110983,1,1
89572,"I",0.343876432332675,0,0
89573,"I",0.00472519355655522,0,0
89574,"I",0.228751772869002,0,0
89575,"I",0.00728866757341373,0,0
89576,"I",0.588991315571176,1,1
89577,"I",0.0153342386725265,0,0
89578,"I",0.0950290501683126,0,0
89579,"I",0.0296355324868813,0,0
89581,"I",0.0281934848278712,0,0
89582,"I",0.281308416713792,0,0
89583,"I",0.00729346902116609,0,0
89584,"I",0.0052422283176119,0,0
89585,"I",0.648703806020634,0,0
89586,"I",0.00831041957144567,0,0
89588,"I",0.0412185258027182,0,0
89589,"I",0.00319644607930835,0,0
89591,"I",0.0349350103969618,0,0
89594,"I",0.00894978645237163,0,0
89595,"I",0.107738378124078,0,0
89597,"I",0.465697692486799,0,0
89598,"I",0.0342029454366316,0,0
89599,"I",0.235159598429648,1,1
89600,"I",0.00456990324320567,0,0
89601,"I",0.00758618701210526,0,0
89602,"I",0.153217232099467,0,0
89604,"I",0.00469469344990352,0,0
89606,"I",0.111826185171075,0,0
89608,"I",0.2529677970076,0,0
89609,"I",0.363287642478683,1,1
89611,"I",0.535493009414949,0,0
89612,"I",0.0601075142424123,0,0
89614,"I",0.0252493462338382,0,0
89616,"I",0.368722313457305,0,0
89618,"I",0.0076394298457404,0,0
89619,"I",0.00460867392534263,0,0
89620,"I",0.047440772421107,0,0
89622,"I",0.0054120575466686,0,0
89623,"I",0.29117635507568,0,0
89628,"I",0.207389570211142,1,1
89629,"I",0.294766410386453,0,0
89632,"I",0.547885498064009,1,1
89633,"I",0.252357878876819,1,1
89635,"I",0.270938382022503,0,0
89637,"I",0.161225230293697,0,0
89640,"I",0.168683581276647,0,0
89641,"I",0.585857693417315,1,1
89643,"I",0.0980090494922053,1,1
89644,"I",0.011784124458805,0,0
89645,"I",0.273193794146832,0,0
89646,"I",0.193037965089128,0,0
89647,"I",0.168518589998275,0,0
89648,"I",0.281028449985702,0,0
89649,"I",0.759147722228561,0,0
89650,"I",0.671611287000452,1,1
89652,"I",0.396905519889882,0,0
89655,"I",0.117591779997849,0,0
89656,"I",0.0259216715377625,0,0
89657,"I",0.0933496731927097,0,0
89659,"I",0.0119933029022758,0,0
89662,"I",0.0373225844923265,0,0
89666,"I",0.3028075753436,0,0
89669,"I",0.112828255567198,0,0
89670,"I",0.0198086933253207,0,0
89671,"I",0.655184259289426,1,1
89672,"I",0.00135247583609024,0,0
89673,"I",0.0521965829916023,0,0
89674,"I",0.0327390745330667,0,0
89676,"I",0.129496968701025,0,0
89677,"I",0.485531526100078,0,0
89679,"I",0.148046475273975,0,0
89684,"I",0.0753077707280064,0,0
89685,"I",0.126508106612521,0,0
89686,"I",0.0506238877675675,0,0
89690,"I",0.570745860294589,0,0
89694,"I",0.0831097755700485,0,0
89698,"I",0.198826146640024,0,0
89700,"I",0.00232171639993741,0,0
89701,"I",0.0867232085175556,0,0
89703,"I",0.303974162141307,1,1
89704,"I",0.428155296838669,0,0
89705,"I",0.0296889022456233,0,0
89706,"I",0.0951418478557506,0,0
89709,"I",0.00498273204469809,0,0
89710,"I",0.473768250855682,0,0
89711,"I",0.0118607187666102,0,0
89712,"I",0.373439022845894,1,1
89713,"I",0.0629638510738677,0,0
89719,"I",0.0230135654223763,0,0
89720,"I",0.0199374735701075,0,0
89721,"I",0.248879329656628,0,0
89722,"I",0.22083973151029,0,0
89723,"I",0.107018422849298,0,0
89726,"I",0.0285679985470006,0,0
89728,"I",0.0651552617976577,0,0
89729,"I",0.0874461199115816,0,0
89730,"I",0.104637036703569,0,0
89731,"I",0.162286609563883,0,0
89733,"I",0.0152990993299861,0,0
89734,"I",0.211512160069509,0,0
89735,"I",0.0100087084251661,0,0
89737,"I",0.0737051097792974,0,0
89741,"I",0.102338730010651,0,0
89742,"I",0.302903818752893,1,1
89743,"I",0.00478407523760162,0,0
89749,"I",0.00206206905254391,0,0
89750,"I",0.0502105636970603,0,0
89751,"I",0.341958310889348,0,0
89755,"I",0.54300906896042,0,0
89756,"I",0.406691066130496,0,0
89761,"I",0.651138693088707,0,0
89762,"I",0.0166098486813394,0,0
89764,"I",0.28996758485013,0,0
89768,"I",0.365531700047688,0,0
89770,"I",0.618707548842865,1,1
89771,"I",0.441150542327627,0,0
89774,"I",0.0794770534897328,0,0
89779,"I",0.0206505031331744,0,0
89780,"I",0.199504820436448,0,0
89786,"I",0.525523609797879,0,0
89787,"I",0.176158350357196,1,1
89788,"I",0.0632887017680466,0,0
89790,"I",0.126094878838164,0,0
89791,"I",0.00380074695334968,0,0
89792,"I",0.0312779065235388,0,0
89793,"I",0.14917287707989,0,0
89795,"I",0.0179812610251457,0,0
89797,"I",0.237176790073801,0,0
89799,"I",0.0467433068015348,0,0
89800,"I",0.650347414420794,1,1
89801,"I",0.696103126823318,1,1
89802,"I",0.0120202855501357,0,0
89803,"I",0.150124638097328,1,1
89804,"I",0.137948903455384,0,0
89805,"I",0.00156358109390033,0,0
89806,"I",0.00943986549935585,0,0
89807,"I",0.23138259867986,0,0
89809,"I",0.0488040821084269,0,0
89810,"I",0.458823714700799,0,0
89813,"I",0.143331350717796,1,1
89814,"I",0.130471818355176,0,0
89816,"I",0.0201694898625643,0,0
89820,"I",0.0156464144079944,0,0
89822,"I",0.807261237290497,1,1
89823,"I",0.000713840504533722,0,0
89824,"I",0.0591642410180518,0,0
89825,"I",0.00648549244139193,0,0
89829,"I",0.173251489901928,0,0
89831,"I",0.099704001153293,1,1
89832,"I",0.0191650390997633,0,0
89833,"I",0.176006883529351,0,0
89835,"I",0.414585469693544,0,0
89839,"I",0.0088722554305729,0,0
89841,"I",0.385458388265876,0,0
89842,"I",0.0149835635697232,0,0
89844,"I",0.536658439911564,0,0
89845,"I",0.345727256490863,1,1
89846,"I",0.0132482400108777,0,0
89848,"I",0.728240522065089,1,1
89849,"I",0.372183746575065,0,0
89850,"I",0.372892147894972,0,0
89851,"I",0.12233420975527,1,1
89853,"I",0.185488669957422,0,0
89854,"I",0.110027603421598,0,0
89855,"I",0.571125209919275,0,0
89860,"I",0.201207741687415,0,0
89861,"I",0.0622398281756437,0,0
89862,"I",0.717698017622608,1,1
89864,"I",0.0054101615299347,0,0
89868,"I",0.00330218928353361,0,0
89878,"I",0.077368371129454,0,0
89884,"I",0.767825379412886,1,1
89886,"I",0.0675797813903939,0,0
89889,"I",0.336464547798857,0,0
89891,"I",0.0319965144579858,0,0
89892,"I",0.0703375769312597,0,0
89894,"I",0.699080847888799,1,1
89897,"I",0.119478724441738,0,0
89898,"I",0.011568263879186,0,0
89901,"I",0.0357297075103284,0,0
89902,"I",0.374694589959164,1,1
89904,"I",0.00633023648927849,0,0
89905,"I",0.04657454152934,0,0
89907,"I",0.216649521027565,0,0
89908,"I",0.102312280851249,0,0
89909,"I",0.0715298660581151,1,1
89911,"I",0.0110224415155567,0,0
89913,"I",0.123421150341372,0,1
89918,"I",0.0197919727313081,0,0
89919,"I",0.261610001908139,0,0
89921,"I",0.0452313997925924,0,0
89925,"I",0.68967402354017,1,1
89927,"I",0.33760572134536,0,0
89929,"I",0.0299479924056846,0,0
89933,"I",0.00756548230476496,0,0
89939,"I",0.0495277090339454,0,0
89942,"I",0.17885190109066,0,0
89945,"I",0.190137289403464,0,0
89946,"I",0.00205566848827793,0,0
89948,"I",0.729013043563185,0,0
89950,"I",0.00247907633320588,0,0
89953,"I",0.593209750672427,0,0
89955,"I",0.0118381491013984,0,0
89957,"I",0.0718487124383841,0,0
89959,"I",0.0131215246505655,0,0
89960,"I",0.0875806814681447,0,0
89962,"I",0.00112627690545351,0,0
89963,"I",0.0507038894945315,0,0
89964,"I",0.0491934181659874,0,0
89965,"I",0.490106674721344,0,0
89966,"I",0.873831475524581,1,1
89967,"I",0.276604251914849,0,0
89970,"I",0.0961946516464448,0,0
89974,"I",0.410430976465431,0,0
89975,"I",0.00878072942938828,0,0
89977,"I",0.495064588769742,0,0
89978,"I",0.418123767264389,1,1
89980,"I",0.017087291608973,0,0
89981,"I",0.37380315355471,1,1
89986,"I",0.00961303968097679,0,0
89987,"I",0.443096958816114,0,0
89991,"I",0.00381872671181927,0,0
89992,"I",0.804074611516675,0,0
89993,"I",0.109878516909187,0,0
89994,"I",0.0505548137234813,0,0
89997,"I",0.393674092720502,0,1
89998,"I",0.187921515147061,0,0
90000,"I",0.333060563090174,0,0
90001,"I",0.581231625775264,1,1
90004,"I",0.0319753416612944,0,0
90006,"I",0.00844851702295249,0,0
90007,"I",0.200128950766107,0,0
90009,"I",0.055740473887202,0,0
90011,"I",0.0840786769232475,0,0
90013,"I",0.00701759513580249,0,0
90014,"I",0.212129863993065,0,0
90016,"I",0.378214889046596,0,1
90017,"I",0.0721988556163605,0,0
90020,"I",0.157364770323737,0,0
90021,"I",0.162480928701613,1,1
90027,"I",0.15516449727586,0,0
90028,"I",0.229734481699126,0,0
90030,"I",0.31079755368902,0,0
90034,"I",0.38404017808572,0,0
90035,"I",0.0657656547107687,0,0
90036,"I",0.0354889652441154,0,0
90045,"I",0.0157157016970844,0,0
90046,"I",0.12795066756004,0,0
90047,"I",0.0846543242664519,0,0
90049,"I",0.263364132219579,0,0
90057,"I",0.109850167683436,0,0
90059,"I",0.0074452369095795,0,0
90060,"I",0.0556298619811825,0,0
90061,"I",0.213267826044428,0,0
90062,"I",0.253973639014581,0,0
90065,"I",0.278684669442468,1,1
90066,"I",0.189720092626425,1,1
90067,"I",0.103000081663096,0,0
90068,"I",0.416616604528585,0,0
90069,"I",0.0397593079658089,1,1
90071,"I",0.094430470047743,0,0
90073,"I",0.175163062295393,1,1
90074,"I",0.12660638639948,0,0
90075,"I",0.520147377552295,0,0
90077,"I",0.21737818529766,0,0
90079,"I",0.278550675915838,0,0
90084,"I",0.297001372301707,0,0
90086,"I",0.606153695417678,1,1
90088,"I",0.627908622219881,0,0
90089,"I",0.00741184591600872,0,0
90090,"I",0.137544824603808,0,0
90092,"I",0.164479723751741,0,0
90093,"I",0.0342991359191896,0,0
90095,"I",0.0030438257147955,0,0
90096,"I",0.448854788427325,0,1
90098,"I",0.0931469270967057,0,0
90099,"I",0.08948104125629,0,0
90100,"I",0.127931848266334,0,0
90102,"I",0.271358213186939,1,1
90106,"I",0.679701325525169,1,1
90108,"I",0.167598945062309,1,1
90110,"I",0.232879098395061,1,1
90113,"I",0.0523935267746428,0,1
90115,"I",0.258485856133653,1,1
90119,"I",0.593934682450215,1,1
90120,"I",0.0258918849726518,0,0
90121,"I",0.0411104602582677,0,0
90122,"I",0.0243549940993785,0,0
90124,"I",0.0360954798447117,0,0
90125,"I",0.0619438718200333,0,0
90131,"I",0.0613571137456088,0,0
90136,"I",0.0735948406445372,0,0
90138,"I",0.310903868880773,1,1
90140,"I",0.261157597443623,1,1
90142,"I",0.309553859090641,0,0
90143,"I",0.0082271167808021,0,0
90144,"I",0.113511416128682,0,0
90146,"I",0.0709900910078086,1,1
90148,"I",0.0835110592940075,0,0
90152,"I",0.181420153031837,0,0
90153,"I",0.0620046392656805,0,0
90154,"I",0.192243078590662,1,1
90156,"I",0.253498579701299,0,0
90157,"I",0.0769867378038844,0,0
90158,"I",0.688989511853014,1,1
90163,"I",0.134809822904108,0,0
90164,"I",0.123838120288146,0,0
90168,"I",0.010569224567956,0,0
90171,"I",0.255385175990755,0,0
90172,"I",0.664505750206537,0,0
90174,"I",0.154237367243754,0,0
90179,"I",0.27525441842343,0,0
90181,"I",0.0838852969717162,0,0
90182,"I",0.0511414198435294,0,0
90184,"I",0.0869124671798719,0,0
90185,"I",0.139952745502509,0,0
90186,"I",0.156684561439837,0,0
90188,"I",0.0964173234279214,0,0
90189,"I",0.00596481567646683,0,0
90190,"I",0.10257158881613,0,0
90191,"I",0.605434866527692,0,0
90194,"I",0.137288420878032,0,0
90195,"I",0.638682167392712,0,1
90199,"I",0.0902013193627013,0,0
90200,"I",0.464013550880241,1,1
90204,"I",0.0249172587366589,0,0
90209,"I",0.0186621495152093,0,0
90210,"I",0.0611496444657819,0,0
90212,"I",0.254700146902649,0,0
90214,"I",0.435902672942398,0,1
90223,"I",0.279555884167862,0,0
90225,"I",0.0023648670878373,0,0
90229,"I",0.304819131944052,0,0
90230,"I",0.185903671033535,0,0
90235,"I",0.0684089285181947,0,0
90239,"I",0.111953397023239,0,0
90240,"I",0.215168259463561,1,1
90242,"I",0.836335601252568,0,0
90243,"I",0.241158445750452,1,1
90244,"I",0.10409197059747,0,0
90247,"I",0.19812366897396,0,0
90248,"I",0.123248343352089,0,0
90249,"I",0.529045167279415,0,0
90250,"I",0.00102235975465223,0,0
90254,"I",0.0989707802946561,0,0
90256,"I",0.397546045953168,1,1
90257,"I",0.458610257839777,1,1
90258,"I",0.0955151772383869,0,0
90260,"I",0.125426812028326,0,0
90262,"I",0.00628473048345897,0,0
90263,"I",0.330296370774767,1,1
90268,"I",0.0354628572707838,0,0
90272,"I",0.0602337490442391,0,0
90273,"I",0.50769351570139,0,0
90278,"I",0.57148702139567,0,0
90281,"I",0.23945341733818,0,1
90282,"I",0.49684916667897,1,1
90285,"I",0.337929167881228,1,1
90292,"I",0.00748512468432192,0,0
90293,"I",0.0353500625125008,0,1
90295,"I",0.0714981525969702,0,0
90297,"I",0.00157275288108954,0,0
90298,"I",0.140398151334131,0,0
90299,"I",0.0512105552356922,0,0
90301,"I",0.446075399163754,1,1
90303,"I",0.664951014920669,1,1
90304,"I",0.160649133527696,0,0
90307,"I",0.444695374140316,0,0
90308,"I",0.566647029462295,1,1
90315,"I",0.272570998103074,0,0
90318,"I",0.76231243779227,1,1
90320,"I",0.113683847590286,0,0
90322,"I",0.00493279982971784,0,0
90323,"I",0.0645178609016078,0,0
90324,"I",0.00151357252819201,0,0
90325,"I",0.332802085841306,0,0
90326,"I",0.244764562202467,0,0
90328,"I",0.128588327754778,0,0
90329,"I",0.0628279581433483,0,0
90330,"I",0.553205453332209,0,1
90335,"I",0.294538148587559,1,1
90337,"I",0.446510533253352,0,0
90338,"I",0.0571119716508728,0,0
90340,"I",0.67721092750685,0,0
90341,"I",0.113456949097255,0,0
90346,"I",0.0660156217372015,0,0
90347,"I",0.116088076055062,0,0
90353,"I",0.377515597189088,0,0
90354,"I",0.0661937377866872,0,0
90355,"I",0.226812661165593,0,0
90356,"I",0.0128451108940665,0,0
90357,"I",0.139018862469609,0,0
90359,"I",0.121394510832968,0,0
90361,"I",0.00195159087559734,0,0
90362,"I",0.143245368475998,0,0
90363,"I",0.209466055642367,0,0
90366,"I",0.0515037423909846,0,0
90367,"I",0.626406661090813,1,1
90369,"I",0.0415838417554496,0,0
90370,"I",0.0899060886435319,0,0
90375,"I",0.11273617042686,0,0
90377,"I",0.022832933509246,0,0
90380,"I",0.00211275857552471,0,0
90381,"I",0.294201662051248,1,1
90384,"I",0.0191202582216977,0,0
90386,"I",0.101724830851493,0,0
90391,"I",0.0771256488469974,0,0
90393,"I",0.0300711052215853,0,0
90394,"I",0.101555172831069,0,0
90396,"I",0.114657728283953,0,0
90397,"I",0.0983100887762759,1,1
90398,"I",0.000802998412036907,0,0
90399,"I",0.183987348583375,0,0
90403,"I",0.00167704261479509,0,0
90404,"I",0.0887189472889643,0,0
90406,"I",0.056989918839393,0,0
90409,"I",0.731601161441643,0,0
90410,"I",0.0432784928418164,0,0
90412,"I",0.0847345935357375,0,0
90413,"I",0.626234765023545,0,0
90416,"I",0.540815596350984,0,0
90417,"I",0.447214829766242,0,0
90419,"I",0.404122554938332,0,0
90421,"I",0.0868919484701539,0,0
90422,"I",0.0351839024271348,0,0
90425,"I",0.038179564355332,0,0
90426,"I",0.0210337653215607,0,0
90429,"I",0.0221367180835528,0,0
90432,"I",0.160202928697588,0,0
90439,"I",0.576838249982468,1,1
90441,"I",0.48232143270324,0,0
90444,"I",0.235483249397313,0,0
90447,"I",0.0398064599420708,0,0
90449,"I",0.437561574623509,0,0
90452,"I",0.709109915567405,0,0
90454,"I",0.00339022173311909,0,0
90455,"I",0.061259310561603,0,0
90461,"I",0.120923222414591,0,0
90463,"I",0.0184591935040553,0,0
90464,"I",0.0525278141231026,0,0
90465,"I",0.0592310170477654,0,0
90467,"I",0.0351841805559346,0,0
90470,"I",0.0717421711145191,0,0
90473,"I",0.130667604065827,0,0
90477,"I",0.268569626218617,1,1
90480,"I",0.198607598345854,0,0
90481,"I",0.160063335261261,0,0
90482,"I",0.238311729295309,0,0
90484,"I",0.240911555108564,0,0
90490,"I",0.13639469543135,0,0
90493,"I",0.0824882145969618,0,0
90494,"I",0.0156456878430018,0,0
90495,"I",0.413192945938456,0,0
90498,"I",0.018391706643638,0,0
90500,"I",0.648509009667896,0,0
90501,"I",0.00203772091561552,0,0
90502,"I",0.00890214362558579,0,0
90506,"I",0.391189436308613,1,1
90507,"I",0.0743529619238589,0,0
90510,"I",0.0654395938704587,0,0
90511,"I",0.309294292627935,1,1
90514,"I",0.156918915932468,0,0
90515,"I",0.00610372446785134,0,0
90516,"I",0.0168431296789741,0,0
90517,"I",0.587484908912714,1,1
90518,"I",0.452821960033758,1,1
90519,"I",0.0715652686789338,0,0
90521,"I",0.0429561274607138,0,0
90522,"I",0.0792867287813781,1,1
90523,"I",0.569855742682101,1,1
90525,"I",0.258144793174894,0,0
90526,"I",0.1596213098155,1,1
90527,"I",0.100149584688114,0,0
90528,"I",0.0961184399157103,0,0
90530,"I",0.0520246738857953,0,0
90531,"I",0.00206935270342077,0,0
90532,"I",0.00968117563534564,0,0
90533,"I",0.141314611819706,0,0
90534,"I",0.143667548273053,0,0
90535,"I",0.148588939333132,0,0
90539,"I",0.239611240223283,0,0
90540,"I",0.0158360726065921,0,0
90542,"I",0.0697974985800382,0,0
90544,"I",0.00961045402239157,0,0
90545,"I",0.354641664099155,0,0
90547,"I",0.0772297013363267,0,0
90549,"I",0.0300094990236086,0,0
90551,"I",0.079888859804471,0,0
90555,"I",0.0206988482103799,0,0
90559,"I",0.00939675161342128,0,0
90563,"I",0.763126459751635,0,0
90565,"I",0.194965005981846,1,1
90571,"I",0.296879712897515,1,1
90572,"I",0.105111908043829,0,0
90573,"I",0.0425897845564598,0,0
90576,"I",0.0142036788745447,0,0
90577,"I",0.121886284758338,0,0
90581,"I",0.0199687711264547,0,0
90582,"I",0.0421651013325484,0,0
90583,"I",0.0269286590937043,0,0
90585,"I",0.221977420356931,0,0
90586,"I",0.0259569900705855,0,0
90588,"I",0.11311415340567,0,0
90590,"I",0.145363740437231,0,0
90591,"I",0.059799363419241,0,0
90593,"I",0.32121673586862,0,0
90594,"I",0.174618841722085,0,0
90598,"I",0.0315948301752242,0,0
90607,"I",0.379597045245872,1,1
90608,"I",0.00173397655445898,0,0
90609,"I",0.105773686101036,0,0
90610,"I",0.0615686846656816,0,0
90612,"I",0.0683445342960046,0,0
90613,"I",0.300313991787524,0,0
90617,"I",0.0402998445957941,0,1
90618,"I",0.0671631134221953,0,0
90623,"I",0.00420714910283711,0,0
90625,"I",0.00553069918885644,0,0
90626,"I",0.365490519066968,0,0
90627,"I",0.00641522842519192,0,0
90630,"I",0.032580040151424,0,0
90631,"I",0.0122873789598718,0,0
90632,"I",0.394316967840344,0,0
90633,"I",0.180771927632912,0,0
90635,"I",0.0702103302722674,0,0
90638,"I",0.173274196120084,0,0
90640,"I",0.0364595065670027,0,0
90642,"I",0.0154797051455892,0,0
90645,"I",0.140310843500214,0,0
90649,"I",0.31491881205811,0,0
90650,"I",0.150209044133838,0,0
90651,"I",0.0897644879689035,0,0
90653,"I",0.0371969261441915,0,0
90654,"I",0.155486164697394,0,0
90655,"I",0.201847722514066,1,1
90656,"I",0.0060792133327017,0,0
90658,"I",0.130020116094972,0,0
90661,"I",0.029064964102533,0,0
90663,"I",0.192705681070199,0,0
90665,"I",0.22374289088029,0,0
90666,"I",0.263297274292564,0,0
90669,"I",0.251631134674991,0,0
90670,"I",0.0168073993959904,0,0
90671,"I",0.205385304004923,0,0
90672,"I",0.00578066177835208,0,0
90673,"I",0.29519402529318,0,0
90674,"I",0.18872722868452,0,0
90675,"I",0.15135247996117,0,0
90676,"I",0.492521440138405,0,0
90679,"I",0.239511769878984,0,0
90680,"I",0.0760113301452816,0,0
90683,"I",0.0138005120343981,0,0
90687,"I",0.122362003724684,0,0
90689,"I",0.789642349394739,0,0
90690,"I",0.176119011734535,0,0
90691,"I",0.209914038758421,0,0
90692,"I",0.00848565514236401,0,0
90694,"I",0.184148198414462,0,0
90696,"I",0.252009905657069,0,0
90698,"I",0.548044042882282,0,0
90700,"I",0.138900083107526,1,1
90701,"I",0.0952113491836693,0,0
90702,"I",0.147936836822156,0,0
90703,"I",0.0829044301836252,0,0
90707,"I",0.699068634926764,1,1
90711,"I",0.14209437764418,0,0
90713,"I",0.0456155175484518,0,0
90715,"I",0.00423840697336936,0,0
90718,"I",0.0165681886893753,0,0
90719,"I",0.158376709329748,1,1
90720,"I",0.0882306390860537,0,0
90721,"I",0.169029684668281,0,0
90722,"I",0.0501347059047909,0,0
90724,"I",0.102824337236445,0,0
90726,"I",0.0112772376917408,0,0
90732,"I",0.295495188679288,0,0
90733,"I",0.0168569378561084,0,0
90739,"I",0.494704148066654,1,1
90742,"I",0.00305301191408462,0,0
90744,"I",0.00419250808110826,0,0
90745,"I",0.161499177430337,1,1
90746,"I",0.0245313495103636,0,0
90748,"I",0.485010170985729,1,1
90752,"I",0.716821302968805,1,1
90754,"I",0.00719308696842222,0,0
90755,"I",0.142709400258524,0,0
90758,"I",0.00242425035449144,0,0
90760,"I",0.133235203950038,0,0
90764,"I",0.259668970291384,0,0
90766,"I",0.017599641897115,0,0
90767,"I",0.153360091461826,0,0
90768,"I",0.134343853307001,0,0
90771,"I",0.0198743805966834,0,0
90772,"I",0.808845711824981,0,0
90775,"I",0.338658065927114,0,1
90783,"I",0.424483652534909,1,1
90789,"I",0.0126434818984468,0,0
90793,"I",0.183095695946351,0,0
90794,"I",0.0586144809361819,0,0
90796,"I",0.00948792380833859,0,0
90797,"I",0.491141948640951,0,0
90798,"I",0.0221185007188734,0,0
90800,"I",0.00862689456586335,0,0
90802,"I",0.0525911195168999,0,0
90803,"I",0.000970631632173069,0,0
90804,"I",0.13218052251033,0,0
90805,"I",0.0210432741377343,0,0
90808,"I",0.0392629738882663,0,0
90811,"I",0.527298373452057,0,0
90812,"I",0.0413515924042652,0,0
90813,"I",0.0887009150119161,0,0
90814,"I",0.109013071622834,0,0
90815,"I",0.0192325320047883,0,0
90817,"I",0.228494445576999,0,0
90818,"I",0.0140713477273405,0,0
90819,"I",0.17193678194284,0,0
90824,"I",0.092782360961804,0,0
90825,"I",0.292946371913326,0,0
90829,"I",0.520134188251292,0,0
90831,"I",0.456200729441532,1,1
90832,"I",0.00336349795662196,0,0
90833,"I",0.00434021176723678,0,0
90835,"I",0.351020256799154,0,1
90837,"I",0.0156390553461927,0,0
90841,"I",0.17115735170593,0,0
90842,"I",0.0172000606167629,0,0
90843,"I",0.69138424392177,0,0
90845,"I",0.00104382465241115,0,0
90847,"I",0.100088710027543,0,0
90848,"I",0.397187497679562,1,1
90849,"I",0.297363269521764,0,0
90850,"I",0.648821122647775,0,0
90851,"I",0.00571819800076769,0,0
90852,"I",0.0833583628462567,0,0
90856,"I",0.00924675286227567,0,0
90859,"I",0.682551777611645,1,1
90861,"I",0.158638894354266,0,0
90863,"I",0.193289316730956,0,0
90872,"I",0.252946141971109,0,0
90873,"I",0.0248029715850093,0,0
90875,"I",0.0442147294370212,0,0
90878,"I",0.257753572508546,0,0
90882,"I",0.410879446608524,0,1
90883,"I",0.0183652190779944,0,0
90885,"I",0.00362184691018009,0,0
90886,"I",0.0263547051642215,0,0
90887,"I",0.00545935092048789,0,0
90889,"I",0.154953231400359,0,0
90890,"I",0.119785153523294,0,0
90891,"I",0.0036242052837273,0,0
90892,"I",0.398401166354805,1,1
90894,"I",0.0971924545015019,0,0
90895,"I",0.061881623508112,0,0
90896,"I",0.327536863447151,1,1
90902,"I",0.00732342246610575,0,0
90904,"I",0.0130193705526056,0,0
90906,"I",0.0636971607796912,0,0
90907,"I",0.0040685243266036,0,0
90908,"I",0.362557215107637,1,1
90913,"I",0.00984747629896679,0,0
90914,"I",0.000850033698584414,0,0
90915,"I",0.0386893146421176,0,0
90919,"I",0.0648178068900482,0,0
90923,"I",0.399912918104129,0,0
90925,"I",0.00900045241741575,0,0
90929,"I",0.644600284870328,1,1
90930,"I",0.170696274122743,0,0
90931,"I",0.045237256638097,0,0
90932,"I",0.00966161580010964,0,0
90934,"I",0.191122144526284,0,0
90937,"I",0.00310168431342072,0,0
90938,"I",0.497428717864586,1,1
90939,"I",0.0111619862052731,0,0
90941,"I",0.154221414251009,0,0
90942,"I",0.415456105602369,0,1
90943,"I",0.00776835946225806,0,0
90944,"I",0.320493434284288,0,0
90946,"I",0.0225549320597361,0,0
90949,"I",0.457252363463558,1,1
90951,"I",0.0559969153266299,0,0
90954,"I",0.72500739841364,0,0
90955,"I",0.293639666446955,0,0
90958,"I",0.124670863541249,0,0
90961,"I",0.408671530649391,0,0
90963,"I",0.0658718201593601,0,0
90964,"I",0.00232190856920095,0,0
90966,"I",0.0181148563848365,0,0
90970,"I",0.0910353138759973,0,0
90971,"I",0.0981609025625372,0,0
90972,"I",0.286607547114285,0,0
90973,"I",0.409160643783977,1,1
90975,"I",0.127092919425851,0,0
90977,"I",0.0618130927128699,0,0
90980,"I",0.0871072143365379,0,0
90981,"I",0.30153574749789,0,1
90982,"I",0.798000757432374,0,0
90986,"I",0.444439225134628,0,0
90988,"I",0.0649107041514737,0,0
90992,"I",0.209049838625608,1,1
90993,"I",0.348421706528441,0,0
90994,"I",0.000772735660536621,0,0
90995,"I",0.115030947232307,0,0
90999,"I",0.500261419692532,0,0
91001,"I",0.15110093582196,0,0
91002,"I",0.173505266782676,1,1
91004,"I",0.0889224279648865,0,0
91008,"I",0.00848435353320651,0,0
91010,"I",0.124233312543918,0,0
91011,"I",0.0186640529256022,0,0
91013,"I",0.0183121574495441,0,0
91017,"I",0.209395970022541,1,1
91020,"I",0.054989229444921,0,0
91025,"I",0.00553133105545145,0,0
91026,"I",0.0150575591189694,0,0
91027,"I",0.163214134782369,0,0
91028,"I",0.163135022294748,0,0
91034,"I",0.10295125649214,0,0
91037,"I",0.26729533062423,0,0
91038,"I",0.0269851110230064,0,0
91039,"I",0.00129790413855007,0,0
91040,"I",0.683514826187218,0,0
91043,"I",0.0863700985369241,0,0
91046,"I",0.0799980925939888,1,1
91048,"I",0.0277971924970204,0,0
91050,"I",0.604654911573452,1,1
91052,"I",0.0448425732435732,0,0
91056,"I",0.00344439778430499,0,0
91062,"I",0.768065561573949,0,0
91063,"I",0.114076783642049,0,0
91064,"I",0.045046046935173,0,0
91065,"I",0.248084024695088,1,1
91066,"I",0.0389035568833872,0,0
91069,"I",0.303689189908015,0,0
91074,"I",0.00455878046510235,0,0
91076,"I",0.301259759172181,0,0
91077,"I",0.181381791892006,1,1
91078,"I",0.0362836445085745,0,0
91080,"I",0.00649651621642962,0,0
91082,"I",0.0609824761173293,0,0
91087,"I",0.179187592382772,0,0
91091,"I",0.0226133776525454,0,0
91094,"I",0.425308000999817,0,1
91095,"I",0.00260046865952678,0,0
91098,"I",0.0444600849188061,0,0
91099,"I",0.207382938540824,0,0
91100,"I",0.147873891892984,0,0
91101,"I",0.00306736168079445,0,0
91102,"I",0.613800193089419,0,0
91103,"I",0.151127439955941,0,0
91104,"I",0.118454555235976,0,0
91108,"I",0.0204440312899992,0,0
91109,"I",0.143767480985661,0,0
91110,"I",0.0292662839549309,0,0
91111,"I",0.0647111100980312,0,0
91113,"I",0.00631892467492854,0,0
91114,"I",0.6263708820886,1,1
91115,"I",0.00664415842220489,0,0
91126,"I",0.041938079680662,0,0
91127,"I",0.339797701265991,0,1
91128,"I",0.0605059577132571,0,0
91130,"I",0.35043160397263,0,0
91131,"I",0.0762753118543576,0,0
91133,"I",0.00736022377729748,0,0
91135,"I",0.0529389066795847,0,0
91137,"I",0.420190992821571,0,0
91138,"I",0.0480176958671252,0,0
91139,"I",0.0376640306433198,0,0
91140,"I",0.0446396996328756,0,0
91144,"I",0.0826434569740622,0,0
91146,"I",0.269563831466866,0,0
91148,"I",0.20267869468923,0,0
91149,"I",0.0127715234262722,0,0
91153,"I",0.559956715102355,1,1
91155,"I",0.0300141895865762,0,0
91156,"I",0.0458914315923679,0,0
91162,"I",0.0134429071598763,0,0
91163,"I",0.00560565380498935,0,0
91165,"I",0.19246720268395,0,0
91166,"I",0.247099872861294,1,1
91167,"I",0.375104343830941,0,0
91171,"I",0.413089890661862,1,1
91172,"I",0.0731543529874943,0,0
91174,"I",0.00213600002957532,0,0
91175,"I",0.207249742334307,1,1
91176,"I",0.0135731294583023,0,0
91177,"I",0.47655615865852,1,1
91180,"I",0.627210124298861,1,1
91182,"I",0.0253975545649817,0,0
91183,"I",0.299427161716932,0,0
91184,"I",0.437025318275344,1,1
91187,"I",0.625480326527006,1,1
91189,"I",0.13374896916418,0,0
91190,"I",0.37327852529393,0,1
91192,"I",0.00223511684193293,0,0
91194,"I",0.372701008221736,0,0
91196,"I",0.16065191660222,0,0
91197,"I",0.105323600977156,0,0
91204,"I",0.119587059588331,0,0
91206,"I",0.0382597305084999,0,0
91207,"I",0.00925688395119252,0,0
91211,"I",0.617469393042981,1,1
91213,"I",0.469800409863913,0,0
91215,"I",0.268600912612818,0,0
91216,"I",0.00730848484329942,0,0
91217,"I",0.126303991573877,0,0
91220,"I",0.712629903868742,1,1
91222,"I",0.0463894201881052,0,0
91223,"I",0.297740897728141,0,0
91226,"I",0.29528016894907,0,0
91228,"I",0.00432827385570821,0,0
91232,"I",0.0166607482935339,0,0
91234,"I",0.20496944874531,0,0
91239,"I",0.401532768382462,0,0
91243,"I",0.0154195151541376,0,0
91247,"I",0.0336480999639932,0,0
91249,"I",0.00172756641979412,0,0
91251,"I",0.0697338152801583,0,0
91252,"I",0.10756326217794,0,0
91253,"I",0.0952080078602619,0,0
91258,"I",0.0893132308881486,0,0
91259,"I",0.00761984803161458,0,0
91261,"I",0.0294295017821947,0,0
91264,"I",0.0110581262135772,0,0
91267,"I",0.0631857177359453,0,0
91271,"I",0.0725621831316261,0,0
91272,"I",0.121086950490536,0,0
91273,"I",0.00267252016312062,0,0
91280,"I",0.373112495564733,0,0
91282,"I",0.0180982625661722,0,0
91284,"I",0.00373845245247833,0,0
91285,"I",0.00352469704021761,0,0
91288,"I",0.37399536580319,0,0
91290,"I",0.0437354978800647,0,0
91291,"I",0.279907386390708,1,1
91292,"I",0.292855676761204,0,0
91293,"I",0.600831715962349,1,1
91295,"I",0.440898985944725,1,1
91299,"I",0.042472805518839,0,0
91302,"I",0.508066711711448,0,0
91303,"I",0.484238990503979,0,0
91304,"I",0.06104608542514,0,0
91305,"I",0.00667718807928148,0,0
91309,"I",0.316743253946324,0,0
91310,"I",0.140225688416354,0,0
91312,"I",0.0380726927054387,0,0
91316,"I",0.204862974711629,0,0
91317,"I",0.144025059491895,0,0
91319,"I",0.0192553013464014,0,0
91321,"I",0.231834853858444,0,0
91323,"I",0.0691691148235253,0,0
91324,"I",0.0205990689071999,0,0
91325,"I",0.0176448458509201,0,0
91326,"I",0.0387868612967233,0,0
91328,"I",0.0752789298472691,0,0
91329,"I",0.0872846643860095,0,1
91334,"I",0.0499992798691802,0,0
91336,"I",0.0178055628385006,0,0
91338,"I",0.0304578978973681,0,0
91339,"I",0.263352838110722,0,0
91341,"I",0.0426212015450224,0,0
91343,"I",0.684053397061652,0,1
91345,"I",0.0077194825695418,0,0
91347,"I",0.601565690527897,0,1
91350,"I",0.0967669225051688,0,0
91351,"I",0.00173355442765791,0,0
91353,"I",0.187509740741739,0,0
91354,"I",0.451265771643992,1,1
91355,"I",0.283466868323766,0,0
91356,"I",0.154824796429434,1,1
91358,"I",0.06218680986016,0,0
91359,"I",0.00331391765674613,0,0
91361,"I",0.102439427280871,0,0
91363,"I",0.0268765671389587,0,0
91364,"I",0.00309915885477686,0,0
91365,"I",0.728505515042218,1,1
91366,"I",0.0127541806991462,0,0
91368,"I",0.604122205959921,1,1
91371,"I",0.802783499695126,0,0
91373,"I",0.212589172462092,0,0
91377,"I",0.418937575372939,0,0
91383,"I",0.0144053620470248,0,0
91385,"I",0.00720763858160516,0,0
91389,"I",0.488371382549854,0,0
91391,"I",0.480086247004075,1,1
91393,"I",0.0715160622907272,0,0
91396,"I",0.00731071829179445,0,0
91397,"I",0.0580728118036364,0,0
91399,"I",0.0183053926023044,0,1
91400,"I",0.604930831850247,0,1
91402,"I",0.0337235133380094,0,0
91404,"I",0.00946807225753736,0,0
91405,"I",0.0260713282397982,0,0
91406,"I",0.338626325037719,1,1
91408,"I",0.819069496780968,1,1
91413,"I",0.113403057705609,0,0
91414,"I",0.0890861444835126,0,1
91416,"I",0.642761402366905,1,1
91417,"I",0.0287740474981221,1,1
91420,"I",0.235193622392866,0,0
91421,"I",0.46696679739123,0,0
91425,"I",0.196201437116947,0,0
91426,"I",0.0363854847254267,0,0
91427,"I",0.00746442813996802,0,0
91428,"I",0.00576183482311371,0,0
91432,"I",0.0899045240375219,0,0
91433,"I",0.254082096624314,1,1
91436,"I",0.00385948184727749,0,0
91437,"I",0.0126332007335371,0,0
91438,"I",0.0211608673372922,0,0
91440,"I",0.195076334761909,0,0
91442,"I",0.160928952906301,0,0
91443,"I",0.51962037600646,0,0
91445,"I",0.0047661219575949,0,0
91447,"I",0.24966038010876,0,1
91449,"I",0.127544083841982,0,0
91450,"I",0.485156142038957,0,0
91451,"I",0.00171231664261829,0,0
91452,"I",0.0754330711915729,0,0
91453,"I",0.0301569364585785,0,0
91454,"I",0.251439194974721,1,1
91455,"I",0.0195375546080585,1,1
91457,"I",0.473674019894648,0,0
91461,"I",0.38530943392608,1,1
91468,"I",0.103281288470578,0,0
91469,"I",0.211337260701321,0,0
91471,"I",0.603669976126453,1,1
91474,"I",0.0876900512423918,0,0
91475,"I",0.264847562701545,0,0
91477,"I",0.0615182593039269,0,0
91478,"I",0.0217868019739052,0,0
91479,"I",0.104419591261432,0,0
91481,"I",0.140421861439157,0,0
91482,"I",0.189818977747753,0,0
91484,"I",0.00448453484694331,0,0
91485,"I",0.00853485162414413,0,0
91487,"I",0.00529182883195669,0,0
91489,"I",0.265799435824434,0,0
91490,"I",0.0977209307812983,0,0
91491,"I",0.0262466051809602,0,0
91492,"I",0.175521741183762,0,0
91493,"I",0.417893971466269,0,0
91495,"I",0.644596831379334,1,1
91497,"I",0.00665403154487467,0,0
91502,"I",0.0222342826052706,0,0
91503,"I",0.103978551644483,0,0
91504,"I",0.0109001266668971,0,0
91505,"I",0.0550706834776148,0,0
91507,"I",0.438533376797842,1,1
91508,"I",0.286912607940865,0,0
91512,"I",0.219280135884145,0,0
91513,"I",0.315003215108873,0,0
91515,"I",0.00662501599325306,0,0
91520,"I",0.00516965486779033,0,0
91525,"I",0.0172381882788579,0,0
91526,"I",0.173300467927347,0,0
91527,"I",0.0148072370067728,0,0
91529,"I",0.0188915918265656,0,0
91530,"I",0.0230795655772993,0,1
91531,"I",0.0196348124710578,0,0
91532,"I",0.00447314483958058,0,0
91533,"I",0.472068254249526,0,0
91536,"I",0.0493055620377122,0,0
91537,"I",0.0620825673388933,0,0
91538,"I",0.486111800516457,0,0
91539,"I",0.212101717914489,0,0
91542,"I",0.325170687524854,0,0
91544,"I",0.214129633710054,0,0
91547,"I",0.0608996894281032,0,0
91550,"I",0.281965063881056,1,1
91552,"I",0.116363283425133,0,0
91555,"I",0.0456512335216985,0,0
91557,"I",0.260614217781908,0,0
91558,"I",0.264047705451746,0,0
91559,"I",0.034347941640435,0,0
91560,"I",0.0217253757606486,0,0
91561,"I",0.0426836812763929,0,0
91562,"I",0.0165221647237148,0,0
91564,"I",0.209254492010329,0,0
91566,"I",0.0182025314256034,0,0
91569,"I",0.0470216720806934,0,0
91570,"I",0.0370161062519657,0,0
91578,"I",0.223886358775248,1,1
91581,"I",0.0085568987389018,0,0
91582,"I",0.0111816334549507,0,0
91583,"I",0.438010241049881,1,1
91584,"I",0.587056327938407,1,1
91585,"I",0.105136078585869,0,0
91586,"I",0.616504034956546,1,1
91589,"I",0.0548093630038148,0,0
91597,"I",0.00154358936521367,0,0
91599,"I",0.255864340416632,1,1
91600,"I",0.244861442643733,0,0
91603,"I",0.124825612279827,0,0
91604,"I",0.0531185373192291,0,0
91606,"I",0.29932744637652,0,0
91609,"I",0.106897150580555,0,0
91611,"I",0.336924830571578,0,0
91615,"I",0.0282402952509684,0,0
91618,"I",0.506848599045691,1,1
91619,"I",0.00207918763149147,0,0
91621,"I",0.121259311937155,0,0
91622,"I",0.300384292709765,0,0
91624,"I",0.143484436951286,1,1
91626,"I",0.0220665427088628,0,0
91627,"I",0.209952546072286,0,0
91628,"I",0.0170784555436468,0,0
91630,"I",0.222720312000736,1,1
91631,"I",0.28332366107561,0,0
91632,"I",0.780752401989667,1,1
91633,"I",0.0284611454496979,0,0
91634,"I",0.311768853760019,1,1
91635,"I",0.117592076208728,0,0
91637,"I",0.0255846809226077,0,0
91638,"I",0.340467495861237,1,1
91641,"I",0.479312101413217,0,0
91642,"I",0.02017174008786,0,0
91643,"I",0.0334968365438544,0,0
91646,"I",0.223020503830609,0,0
91647,"I",0.134697919166737,0,0
91652,"I",0.345120808215516,0,0
91653,"I",0.189059970666951,0,1
91654,"I",0.63898303652611,0,0
91659,"I",0.234078236258605,0,0
91661,"I",0.114831302103787,0,0
91663,"I",0.107751539288794,0,0
91667,"I",0.181562620221698,0,0
91669,"I",0.0280624589211914,0,0
91670,"I",0.11667926480778,0,1
91671,"I",0.0211147472552855,0,0
91672,"I",0.0102455766563423,0,0
91673,"I",0.0798876893593037,0,0
91674,"I",0.0865523306040133,0,0
91675,"I",0.0957890621073602,0,0
91679,"I",0.193485791541247,0,0
91681,"I",0.717002846959594,1,1
91683,"I",0.128403245637727,0,0
91684,"I",0.16702800106952,0,0
91685,"I",0.0940624058366747,0,0
91687,"I",0.00984123169149402,0,0
91692,"I",0.0160817213808489,0,0
91697,"I",0.156365357097218,0,0
91699,"I",0.248258937630072,0,0
91702,"I",0.511172684815848,0,0
91704,"I",0.0396121312349942,0,0
91706,"I",0.00415638148708045,0,0
91711,"I",0.0552156629897608,0,0
91712,"I",0.0270852914595859,0,0
91713,"I",0.22641993608742,0,0
91715,"I",0.295760658790664,1,1
91717,"I",0.441587559814377,1,1
91718,"I",0.171534627092676,0,0
91721,"I",0.00869030805465936,0,0
91722,"I",0.0120556153230576,0,0
91725,"I",0.279466368654648,0,0
91726,"I",0.177787964790828,0,0
91727,"I",0.302617546900954,0,0
91728,"I",0.184187893954705,0,0
91730,"I",0.457811748822099,1,1
91732,"I",0.259194042434552,0,0
91733,"I",0.568879976126882,1,1
91734,"I",0.0838088407269608,0,0
91737,"I",0.263043478967697,0,0
91742,"I",0.00469012361094936,0,0
91743,"I",0.1010898045434,0,0
91744,"I",0.0469542503189196,0,0
91747,"I",0.325486189944942,0,0
91748,"I",0.125266176181552,0,0
91750,"I",0.00919602531956233,0,0
91752,"I",0.108494378331208,0,0
91753,"I",0.0199608582486779,0,0
91755,"I",0.0234253204595581,0,0
91756,"I",0.10052014810997,0,0
91758,"I",0.724279071284134,1,1
91759,"I",0.0590693436867795,0,0
91760,"I",0.0764395452133023,0,1
91771,"I",0.0910028944410015,1,1
91772,"I",0.0856306533982783,0,0
91775,"I",0.0240213245517881,0,0
91776,"I",0.210030703111552,1,1
91781,"I",0.00608056813699078,0,0
91783,"I",0.646043602991611,1,1
91785,"I",0.0071186998066704,0,0
91787,"I",0.0476579980839723,0,0
91788,"I",0.0702426083077694,0,0
91790,"I",0.00194257095879117,0,0
91791,"I",0.00199853346149607,0,0
91792,"I",0.416731182984915,1,1
91793,"I",0.041409724357208,0,0
91799,"I",0.412315657481582,0,0
91801,"I",0.0391658347206004,0,0
91803,"I",0.034760962058154,0,0
91804,"I",0.164197343938742,0,0
91806,"I",0.250450397585795,0,0
91807,"I",0.0326376877254409,0,0
91809,"I",0.00543897067656779,0,0
91811,"I",0.509640217975745,0,0
91814,"I",0.102677773133171,0,0
91816,"I",0.019172171588062,0,0
91817,"I",0.111720384083007,0,0
91820,"I",0.139338948549293,0,0
91821,"I",0.0813505167484452,0,0
91824,"I",0.0895818268933897,0,0
91825,"I",0.164346393009643,0,0
91826,"I",0.160908628346345,0,0
91830,"I",0.113769362774733,0,0
91832,"I",0.00888761741395067,0,0
91833,"I",0.00197852654750243,0,0
91834,"I",0.051686671920719,0,0
91837,"I",0.0168939999754798,0,0
91838,"I",0.00881818161505063,0,0
91839,"I",0.0162203074431067,0,0
91842,"I",0.307877926991934,1,1
91843,"I",0.0136870623961614,0,0
91846,"I",0.392714018466766,1,1
91849,"I",0.0199503479856837,0,0
91850,"I",0.0394006886311858,0,0
91852,"I",0.00765583919922912,0,0
91853,"I",0.566041799619671,0,0
91856,"I",0.28536193837752,0,0
91858,"I",0.110747111339294,0,0
91859,"I",0.100331122603525,0,0
91861,"I",0.0474053975428007,0,0
91865,"I",0.0270280023098201,0,0
91867,"I",0.0011435363199713,0,0
91868,"I",0.515776656136094,0,0
91869,"I",0.00210489460321608,0,0
91871,"I",0.1334661607213,0,0
91875,"I",0.127311782428322,0,0
91876,"I",0.0240346517211579,0,0
91880,"I",0.0263506710191526,0,0
91884,"I",0.0576249928111116,0,0
91886,"I",0.619567966715572,1,1
91887,"I",0.0656441054430672,0,0
91888,"I",0.0300497879929837,0,0
91889,"I",0.500291988538837,0,0
91890,"I",0.491762074023125,0,0
91893,"I",0.0878576648361519,0,0
91894,"I",0.0160596867645632,0,0
91897,"I",0.641567551916504,0,0
91898,"I",0.146082781850904,0,0
91899,"I",0.121888637783931,1,1
91900,"I",0.411695417400113,0,0
91903,"I",0.37414808016014,0,0
91906,"I",0.0076464599719853,0,0
91907,"I",0.0392693960522143,0,0
91911,"I",0.086610380075074,0,0
91912,"I",0.734227833861765,1,1
91915,"I",0.152514745140373,0,0
91916,"I",0.00983978056423749,0,0
91919,"I",0.0334789896369093,0,0
91921,"I",0.460226253957939,0,0
91922,"I",0.523792228401458,0,0
91924,"I",0.0561399738042806,0,0
91927,"I",0.00536072676556796,0,0
91930,"I",0.00938706413404275,0,0
91931,"I",0.412570116570883,0,0
91932,"I",0.211662660930045,0,0
91935,"I",0.0877917456208372,1,1
91938,"I",0.0260893835609137,0,0
91944,"I",0.0346171997402167,0,0
91945,"I",0.308378718709829,0,1
91947,"I",0.0026488892560434,0,0
91950,"I",0.292425912031723,1,1
91952,"I",0.0335925429898305,0,0
91954,"I",0.488899522689125,1,1
91956,"I",0.361832292463432,0,0
91957,"I",0.00837661762259825,0,0
91960,"I",0.736554685317888,0,0
91962,"I",0.668143694527362,1,1
91965,"I",0.0130555567483057,0,0
91966,"I",0.0366436684349108,0,0
91968,"I",0.124580395751635,0,0
91970,"I",0.150738385577009,1,1
91972,"I",0.691459143690134,1,1
91974,"I",0.161343833860579,0,0
91976,"I",0.0120380675339775,0,0
91978,"I",0.00192401874286902,0,0
91983,"I",0.0205139194486847,0,0
91984,"I",0.0624226110999624,0,0
91985,"I",0.0210739457019116,0,0
91991,"I",0.670341647000343,1,1
91992,"I",0.0411680561718047,0,0
91993,"I",0.464038129607126,1,1
91994,"I",0.00761483291563008,0,0
91995,"I",0.143700510471309,0,0
91997,"I",0.070563159404215,0,0
91999,"I",0.0043962785429241,0,0
92000,"I",0.00879768147311272,0,0
92002,"I",0.241788821261854,0,0
92003,"I",0.0103575636308945,0,0
92007,"I",0.238827010803874,0,0
92019,"I",0.163282169861781,0,0
92020,"I",0.812390248578867,1,1
92021,"I",0.0836286092365104,0,0
92024,"I",0.397800710123715,1,1
92025,"I",0.121058422892986,0,0
92026,"I",0.0548924937076304,0,0
92027,"I",0.392158264001367,1,1
92037,"I",0.0147398095379591,0,0
92038,"I",0.0819210173357884,0,0
92041,"I",0.143766903575065,0,0
92044,"I",0.00152423252661982,0,0
92045,"I",0.0858968246114917,0,0
92048,"I",0.330205025677016,1,1
92049,"I",0.460043679352381,0,0
92050,"I",0.250841241257098,0,0
92051,"I",0.0169544848916867,0,0
92052,"I",0.374909124996523,0,0
92055,"I",0.315460147797929,1,1
92058,"I",0.292618097942903,1,1
92059,"I",0.334401689688005,0,0
92060,"I",0.344057438820116,0,1
92062,"I",0.0778511241256153,0,0
92065,"I",0.0930603822743064,0,0
92066,"I",0.420055927388377,1,1
92068,"I",0.00210876604235638,0,0
92069,"I",0.42091451934986,0,0
92070,"I",0.0691913176934234,0,1
92074,"I",0.0351383173872248,0,0
92076,"I",0.693516968956865,0,0
92081,"I",0.0727646691803398,0,0
92084,"I",0.0847310284576976,0,0
92085,"I",0.0536109925956784,0,0
92088,"I",0.11334497373043,0,0
92089,"I",0.544847551269092,0,0
92090,"I",0.0727283512056212,0,0
92092,"I",0.0123947082290687,0,0
92094,"I",0.500584668023383,0,0
92097,"I",0.253186008717982,0,0
92098,"I",0.633681338010269,1,1
92099,"I",0.00407688867712482,0,0
92103,"I",0.392843621465943,1,1
92104,"I",0.00168495822890641,0,0
92105,"I",0.518342742456238,1,1
92106,"I",0.241346812135441,0,0
92107,"I",0.21335134217299,0,0
92109,"I",0.0687025614095393,0,0
92110,"I",0.167111201994637,0,0
92111,"I",0.221620736687879,0,0
92112,"I",0.0295969672120364,0,0
92114,"I",0.0056289229144791,0,0
92116,"I",0.0828492609329987,0,0
92119,"I",0.117472831522747,0,0
92121,"I",0.568023826994032,1,1
92122,"I",0.00246457654887214,0,0
92124,"I",0.35804917856886,0,0
92126,"I",0.548848183341735,0,0
92129,"I",0.00428173629704223,0,0
92130,"I",0.395529745616922,1,1
92131,"I",0.706045032886239,0,0
92133,"I",0.006608273611608,0,0
92134,"I",0.00685334393065058,0,0
92135,"I",0.194199108376511,0,0
92136,"I",0.674092844877893,0,0
92138,"I",0.506963091779165,0,1
92139,"I",0.040912563425823,0,0
92140,"I",0.0941524055496602,0,0
92141,"I",0.52178548856588,1,1
92143,"I",0.588171455549147,0,0
92146,"I",0.734787018365028,1,1
92149,"I",0.0105284135583874,0,0
92150,"I",0.00512782626959382,0,0
92151,"I",0.519428877874155,0,0
92156,"I",0.476728283885301,0,0
92157,"I",0.0549351187953161,0,0
92158,"I",0.15257327142104,0,0
92160,"I",0.0377166815130276,0,0
92166,"I",0.247880278641904,0,0
92167,"I",0.0525704318013202,0,0
92168,"I",0.385049260188275,0,1
92170,"I",0.114158050058664,0,0
92174,"I",0.115286265508121,0,0
92179,"I",0.0731623925150169,0,0
92184,"I",0.0201065294763099,1,1
92185,"I",0.466916532064361,1,1
92186,"I",0.0115569391241297,0,0
92188,"I",0.537627678935746,0,0
92190,"I",0.00474092734279659,0,0
92194,"I",0.0341195094308622,0,0
92198,"I",0.166401387214398,0,0
92199,"I",0.0503856461982634,1,1
92202,"I",0.212890872229766,0,0
92203,"I",0.346588327228988,0,0
92204,"I",0.071295706553688,0,0
92206,"I",0.00160349945558829,0,0
92210,"I",0.0874280179491741,1,1
92212,"I",0.042441347843994,0,0
92216,"I",0.0300830562021438,0,0
92217,"I",0.211247813185711,0,0
92218,"I",0.552857640231977,1,1
92220,"I",0.0897892616635705,0,1
92225,"I",0.259002350872971,0,0
92226,"I",0.00371964914378685,0,0
92233,"I",0.0688615544827239,0,0
92234,"I",0.0523215623036021,0,0
92238,"I",0.314335150029093,0,0
92239,"I",0.0218370880172714,0,0
92240,"I",0.479471745584515,0,0
92242,"I",0.0371159420119296,0,0
92243,"I",0.652476215778477,0,0
92247,"I",0.0315959284366921,0,0
92251,"I",0.0849614362162358,0,0
92252,"I",0.160724652763693,0,0
92253,"I",0.17630389087267,0,0
92254,"I",0.0742879281507452,0,0
92256,"I",0.0202799460176922,0,0
92259,"I",0.245050599058407,0,0
92260,"I",0.0589600306246886,0,0
92262,"I",0.226025090786824,0,0
92263,"I",0.0124769985625415,0,0
92271,"I",0.114573003503475,0,0
92274,"I",0.231042945637552,0,0
92275,"I",0.221544179829191,0,0
92276,"I",0.262350904739552,0,1
92277,"I",0.186607182067608,0,0
92281,"I",0.0134867553770582,0,0
92283,"I",0.199099304498412,0,0
92286,"I",0.331945458452685,1,1
92287,"I",0.00914617879304349,0,0
92294,"I",0.019258925588046,0,0
92295,"I",0.222198494540122,0,0
92297,"I",0.0699880197830348,0,0
92298,"I",0.39269428148384,0,0
92299,"I",0.287071724618792,0,0
92300,"I",0.0136258784962446,0,0
92307,"I",0.0601604373312129,0,0
92309,"I",0.669529502975791,1,1
92312,"I",0.68644267881323,0,0
92316,"I",0.0808516499472268,0,0
92319,"I",0.104390410822243,0,0
92320,"I",0.00808041668147239,0,0
92323,"I",0.157673233501408,0,0
92331,"I",0.177806725283541,0,0
92332,"I",0.00597100328086621,0,0
92333,"I",0.0342659237944824,0,0
92335,"I",0.0851817570614372,0,0
92337,"I",0.351648843790967,1,1
92338,"I",0.0555526730650126,0,0
92340,"I",0.293867266980963,0,0
92345,"I",0.00124437380388016,0,0
92346,"I",0.158621027492863,0,0
92347,"I",0.324025957843239,1,1
92349,"I",0.119134465322394,0,0
92351,"I",0.143103099949837,0,0
92353,"I",0.170908406557332,0,0
92356,"I",0.402999322010547,1,1
92358,"I",0.00098189612523678,0,0
92359,"I",0.0959079664519303,0,0
92361,"I",0.0090008228732651,0,0
92362,"I",0.0151745485982927,0,0
92363,"I",0.132420301682092,0,0
92365,"I",0.0470187410245531,1,1
92366,"I",0.204609390857422,0,0
92368,"I",0.188221224846465,0,0
92369,"I",0.0102792281457629,0,0
92371,"I",0.0186201994928634,0,0
92373,"I",0.184195767179647,0,0
92374,"I",0.025451222735563,0,0
92376,"I",0.15183571789545,0,0
92380,"I",0.00575123104626119,0,0
92386,"I",0.466388483656089,1,1
92389,"I",0.746095934619162,1,1
92390,"I",0.0435585854561234,0,0
92393,"I",0.0298512787746434,0,0
92394,"I",0.32194095518492,0,0
92400,"I",0.0643627162506831,0,0
92403,"I",0.0360565241417367,0,0
92404,"I",0.0129907776883272,0,0
92405,"I",0.00782790073134807,0,0
92407,"I",0.622881168377779,0,1
92408,"I",0.00355980012668514,0,0
92409,"I",0.39163445778822,1,1
92410,"I",0.49816571346846,0,0
92413,"I",0.115556851275055,0,0
92415,"I",0.177416086255815,0,0
92416,"I",0.0639459164955116,0,0
92417,"I",0.0247145154191483,0,0
92418,"I",0.0573938090330891,0,0
92419,"I",0.051901941942227,0,0
92420,"I",0.0130853914633792,0,0
92421,"I",0.00689558382610415,0,0
92423,"I",0.268475151032989,0,0
92424,"I",0.258367682304564,1,1
92426,"I",0.30516074197656,0,0
92428,"I",0.0422716367815173,0,0
92429,"I",0.116193348511758,0,0
92432,"I",0.301319629290637,0,0
92435,"I",0.66229666381387,1,1
92436,"I",0.163391397969555,0,0
92437,"I",0.207510879368107,1,1
92438,"I",0.00483127488985098,0,0
92440,"I",0.231535175941095,0,0
92443,"I",0.00820520281207754,0,0
92446,"I",0.0895262088109915,0,0
92448,"I",0.204216327076261,0,0
92450,"I",0.0605537749635849,0,0
92454,"I",0.354042569746535,1,1
92455,"I",0.138698321768533,0,0
92459,"I",0.374670095300579,0,0
92462,"I",0.218343298947548,0,0
92463,"I",0.357304667710318,0,0
92465,"I",0.164695154862807,0,0
92472,"I",0.148538024277797,0,0
92473,"I",0.013058649204644,0,0
92475,"I",0.00727245404591072,0,0
92476,"I",0.0488736065302878,0,0
92478,"I",0.0346452910596289,0,0
92480,"I",0.404494971149906,1,1
92482,"I",0.281245051635551,0,1
92485,"I",0.00919139699658284,0,0
92486,"I",0.0224213506931999,0,0
92487,"I",0.183214072800427,1,1
92491,"I",0.45692785740982,0,0
92494,"I",0.468990753566991,0,0
92495,"I",0.149886553386902,0,0
92497,"I",0.0133902940299645,0,0
92499,"I",0.0681290666159551,0,0
92503,"I",0.00975258511458572,0,0
92506,"I",0.0262676741806081,0,0
92507,"I",0.14523270295972,0,0
92508,"I",0.00205013216546343,0,0
92510,"I",0.0649835600329043,0,0
92511,"I",0.0404003336681482,0,0
92512,"I",0.0385859440554299,0,0
92513,"I",0.394984816370744,0,0
92515,"I",0.177950090744976,0,0
92521,"I",0.0358633662874298,0,0
92522,"I",0.233076255029042,0,0
92524,"I",0.0476526936215524,0,0
92526,"I",0.024941609386106,0,0
92527,"I",0.313453493394818,0,0
92529,"I",0.46559238720909,0,0
92530,"I",0.0829444576158205,0,0
92531,"I",0.788665671200156,0,0
92533,"I",0.111920056061178,0,0
92535,"I",0.192590847407499,0,0
92536,"I",0.00303409892545609,0,0
92538,"I",0.0389269790182525,0,0
92539,"I",0.0882000194838952,0,0
92540,"I",0.0769799105180157,0,0
92541,"I",0.0767921357571796,0,0
92542,"I",0.0275682339186627,0,0
92544,"I",0.155150831153215,0,0
92545,"I",0.00364700017459431,0,0
92546,"I",0.738808566948101,1,1
92548,"I",0.173988894374863,0,0
92551,"I",0.00367077700071135,0,0
92553,"I",0.0718501559649495,0,0
92554,"I",0.259729989453967,0,0
92555,"I",0.0991566226522107,0,0
92556,"I",0.0167733016246039,0,0
92557,"I",0.0604633014128812,0,0
92559,"I",0.0516815872641068,0,0
92562,"I",0.258311765452017,0,0
92564,"I",0.00432972013183452,0,0
92566,"I",0.00310458194550913,0,0
92567,"I",0.167473371039929,0,0
92568,"I",0.170676070112235,0,0
92569,"I",0.244918872035737,0,0
92570,"I",0.0162988225346444,0,0
92573,"I",0.24805688201304,1,1
92574,"I",0.0986888584594297,0,0
92579,"I",0.593856823399852,0,0
92584,"I",0.015004964898587,0,0
92586,"I",0.0216283846425632,0,0
92587,"I",0.168496486866169,0,0
92588,"I",0.279364351998882,1,1
92593,"I",0.175250474921569,0,0
92595,"I",0.320146809914555,0,0
92598,"I",0.243060573819039,0,0
92603,"I",0.0795581903552373,0,0
92609,"I",0.581126059326186,0,0
92610,"I",0.0114675234689493,0,0
92614,"I",0.0347811570204103,0,0
92615,"I",0.0523991786486639,0,0
92617,"I",0.472723623827935,0,0
92620,"I",0.33388229863925,0,0
92622,"I",0.285023394536717,1,1
92623,"I",0.176440733520545,0,0
92624,"I",0.0152401641442809,0,0
92625,"I",0.0946741953062537,0,0
92628,"I",0.686722828184163,1,1
92631,"I",0.140977502570203,0,0
92633,"I",0.0124635074074921,0,0
92634,"I",0.0118987977928276,0,0
92636,"I",0.403482529792108,1,1
92641,"I",0.36419180693312,1,1
92642,"I",0.0459462153928425,0,0
92645,"I",0.0292280206102818,0,0
92647,"I",0.364522704220099,1,1
92648,"I",0.240745261910674,0,1
92649,"I",0.0998277659715058,0,0
92654,"I",0.699737130007886,1,1
92656,"I",0.00434329886425628,0,0
92657,"I",0.0046377283803081,0,0
92659,"I",0.0750564179776535,0,0
92662,"I",0.042005945569312,0,0
92663,"I",0.0634319007911516,0,0
92664,"I",0.096440017700687,0,0
92667,"I",0.0722550507258813,0,0
92668,"I",0.0852798327606258,0,0
92670,"I",0.0176029209809001,0,0
92674,"I",0.11035858848587,1,1
92675,"I",0.00685887739765499,0,0
92676,"I",0.180707097684343,1,1
92677,"I",0.178349631964964,0,1
92681,"I",0.0149575728482379,0,0
92686,"I",0.459542194634061,0,0
92687,"I",0.0195689183580125,0,0
92688,"I",0.00558946963715742,0,0
92689,"I",0.205970156057138,1,1
92690,"I",0.291227412151552,0,0
92692,"I",0.0162328932984406,0,0
92696,"I",0.678094979157094,1,1
92698,"I",0.0869407982129191,0,0
92699,"I",0.0806096770965461,0,0
92702,"I",0.0395643041389201,0,0
92703,"I",0.202449427166828,0,0
92704,"I",0.0702740278637006,0,0
92709,"I",0.077361412266405,0,0
92714,"I",0.476881554279842,0,0
92717,"I",0.00666717623987133,0,0
92719,"I",0.00678300070332961,0,0
92720,"I",0.0811933064258889,0,0
92722,"I",0.00649495660606022,0,0
92724,"I",0.00937693968876628,0,0
92725,"I",0.202065987686939,0,0
92726,"I",0.104596952866299,0,0
92730,"I",0.0417950830592533,0,0
92731,"I",0.21483755540785,0,0
92735,"I",0.0738485796132562,0,0
92741,"I",0.0165800761196628,0,0
92742,"I",0.00324194911045053,0,0
92743,"I",0.103906381510428,0,0
92744,"I",0.383551201018346,0,0
92745,"I",0.0176762666722761,0,0
92746,"I",0.337323520759489,0,0
92748,"I",0.185730594901639,0,0
92750,"I",0.351030570999132,0,1
92751,"I",0.433050928988919,1,1
92752,"I",0.222858641319043,1,1
92753,"I",0.0324563746306594,0,0
92761,"I",0.0329794046336649,0,0
92762,"I",0.0435590922709331,0,0
92764,"I",0.0858352176795683,0,0
92767,"I",0.113025512943635,0,0
92768,"I",0.0393019725714082,0,0
92773,"I",0.0261006767204239,0,0
92775,"I",0.0440013834079365,0,0
92777,"I",0.0446577450748649,0,0
92779,"I",0.244727678208148,0,0
92782,"I",0.55851769032614,0,0
92784,"I",0.00838654258222494,0,0
92785,"I",0.00337967502467844,0,0
92787,"I",0.239844578652889,0,0
92788,"I",0.00614315947956502,0,0
92789,"I",0.19469767267176,0,0
92793,"I",0.16322295384447,0,0
92795,"I",0.0154639106633089,0,0
92797,"I",0.166742095317016,0,0
92802,"I",0.0811140608814823,0,0
92804,"I",0.0408827831162517,0,0
92808,"I",0.0482893847030992,0,0
92812,"I",0.148110312696102,1,1
92814,"I",0.169852916638562,0,0
92815,"I",0.0166721447614441,0,0
92817,"I",0.345575909922722,0,0
92818,"I",0.00561102659010856,0,0
92819,"I",0.197281351919413,1,1
92820,"I",0.01486165792958,0,0
92821,"I",0.172916517658123,1,1
92822,"I",0.0134722673662891,0,0
92824,"I",0.427840791029003,0,0
92825,"I",0.0135042170165585,0,0
92827,"I",0.0913330879262743,0,0
92828,"I",0.084066723682016,1,1
92829,"I",0.075011224398039,0,0
92831,"I",0.0702333286942902,0,0
92832,"I",0.410972019225818,0,0
92835,"I",0.00531365164870478,0,0
92838,"I",0.0895306739195884,0,0
92839,"I",0.166699947530787,0,1
92840,"I",0.10756521714445,0,0
92841,"I",0.101620763579212,0,0
92846,"I",0.0197308234484619,0,0
92847,"I",0.00417287692469729,0,0
92849,"I",0.226969676716415,0,0
92850,"I",0.0951245723916941,0,0
92851,"I",0.690267975667358,0,0
92854,"I",0.0170854792183613,0,0
92858,"I",0.0341722092641931,0,0
92859,"I",0.144642390605263,0,0
92861,"I",0.0587757517012557,0,0
92869,"I",0.0131301277061719,0,0
92871,"I",0.000768815661613249,0,0
92872,"I",0.642312048483973,0,0
92874,"I",0.416213111926517,1,1
92876,"I",0.0406405004837544,0,0
92878,"I",0.440629564019552,0,0
92880,"I",0.137676736183037,0,0
92881,"I",0.343897750625801,0,1
92883,"I",0.0976048716790422,1,1
92884,"I",0.325555111860759,1,1
92887,"I",0.133199785999406,0,1
92890,"I",0.0469090279821217,0,0
92891,"I",0.0292211811082905,0,0
92893,"I",0.474890967398496,0,0
92894,"I",0.0482424618478014,0,0
92895,"I",0.391546700357629,0,0
92897,"I",0.271223196253886,0,0
92900,"I",0.516349295012197,0,0
92901,"I",0.100700828731117,0,0
92903,"I",0.123279379642213,0,0
92905,"I",0.0098296797244436,0,0
92907,"I",0.460423379980461,0,0
92908,"I",0.110098543839757,0,0
92909,"I",0.0142128422241183,0,0
92911,"I",0.253632412662205,0,0
92914,"I",0.330666312388322,0,0
92915,"I",0.239069606720151,0,0
92918,"I",0.139768216948778,0,0
92920,"I",0.220585743885632,0,0
92921,"I",0.352325399445219,0,0
92922,"I",0.324411340396186,0,1
92923,"I",0.0248387297677529,0,0
92924,"I",0.0144188870503063,0,0
92926,"I",0.169554256618099,0,0
92929,"I",0.129842052337714,0,0
92930,"I",0.0313632830320435,0,0
92936,"I",0.0740831425755622,0,0
92938,"I",0.0156687922058589,0,0
92939,"I",0.240487007018247,0,0
92941,"I",0.0301742873712081,0,0
92946,"I",0.125644733558251,0,0
92950,"I",0.0621401306733922,0,0
92951,"I",0.195019185909579,0,0
92952,"I",0.158802307108441,0,0
92953,"I",0.387772316512415,0,0
92954,"I",0.122305374855163,0,0
92957,"I",0.00120929586648168,0,0
92959,"I",0.115058733168181,0,0
92961,"I",0.0577711485891757,0,0
92964,"I",0.0422399690916945,0,0
92967,"I",0.111123633916602,0,0
92969,"I",0.275363126685385,0,0
92970,"I",0.00290007772244793,0,0
92971,"I",0.089908592763881,0,0
92974,"I",0.05365362988442,0,0
92977,"I",0.011033221751414,0,0
92978,"I",0.539185079497258,0,0
92981,"I",0.37153030311723,0,1
92984,"I",0.0917789254677479,0,0
92985,"I",0.0121629412185087,0,0
92986,"I",0.0378282560151151,0,0
92987,"I",0.0220112377283735,0,0
92988,"I",0.440009821867801,1,1
92989,"I",0.888725801807433,1,1
92990,"I",0.284669829528457,0,0
92992,"I",0.0383584478243711,0,0
92993,"I",0.127284624244075,0,0
92994,"I",0.0162609667183234,0,0
92998,"I",0.0189567228778704,0,0
93000,"I",0.30931771753549,0,0
93001,"I",0.447754690844043,1,1
93002,"I",0.00488875593376263,0,0
93003,"I",0.263895097126845,0,0
93004,"I",0.239052667447728,0,0
93005,"I",0.12104680050519,1,1
93007,"I",0.00584361869850132,0,0
93008,"I",0.0781189886069092,0,0
93011,"I",0.594110883958233,0,0
93012,"I",0.055419111773079,0,0
93013,"I",0.33617353046003,0,0
93014,"I",0.0144770156541174,0,0
93015,"I",0.0648123356940726,0,0
93016,"I",0.0171517252365373,0,0
93017,"I",0.108243122603702,0,0
93022,"I",0.0801361345282728,0,0
93024,"I",0.0367364332171144,1,1
93028,"I",0.473938951560514,1,1
93030,"I",0.0188702269285586,0,0
93036,"I",0.133706497091602,0,0
93039,"I",0.322692755573163,0,0
93042,"I",0.0194275381811096,0,0
93043,"I",0.312931372239445,0,0
93044,"I",0.0764580097799441,0,0
93048,"I",0.104617340817252,0,0
93049,"I",0.384848045949365,0,0
93050,"I",0.0146044180305596,0,0
93051,"I",0.0818710332333493,0,0
93052,"I",0.541818091115226,0,0
93053,"I",0.0787419226471935,0,0
93055,"I",0.11722740403271,0,0
93057,"I",0.12647462782018,0,0
93063,"I",0.156558621155353,0,0
93068,"I",0.451177678911889,0,0
93070,"I",0.133510174271833,0,0
93072,"I",0.0374773228698167,0,0
93073,"I",0.00838740716668505,0,0
93074,"I",0.0567042103352595,0,0
93075,"I",0.0936299841702721,0,0
93076,"I",0.00965690562418598,0,0
93077,"I",0.0727589108614051,0,0
93081,"I",0.153341050467713,1,1
93083,"I",0.0147236381586849,0,0
93085,"I",0.057819858708688,0,0
93086,"I",0.0121874405122292,0,0
93088,"I",0.0013144444282114,0,0
93092,"I",0.0160123406427793,0,0
93093,"I",0.075098709155303,0,0
93094,"I",0.0814289283671563,0,0
93095,"I",0.0486345768330268,0,0
93097,"I",0.0903558796145729,0,1
93098,"I",0.0141303896675326,0,0
93099,"I",0.422757334750619,1,1
93100,"I",0.141463620701044,0,0
93101,"I",0.36300614038764,0,0
93107,"I",0.321307718462796,0,0
93109,"I",0.116976772788704,0,0
93111,"I",0.673118209034272,0,0
93113,"I",0.0586797774336133,0,0
93115,"I",0.0118509418398999,0,0
93116,"I",0.0589041675770677,0,0
93120,"I",0.0397685992193498,0,0
93122,"I",0.101924265787983,0,0
93123,"I",0.00630347119790906,0,0
93124,"I",0.324509444660913,0,0
93130,"I",0.0517081057797263,0,0
93131,"I",0.47967169705238,0,0
93139,"I",0.128417137752037,0,0
93140,"I",0.0140775883776033,0,0
93141,"I",0.0292710385589322,0,0
93143,"I",0.30896466602099,0,0
93145,"I",0.454112566101484,0,0
93146,"I",0.662725177709692,1,1
93153,"I",0.0523898015680946,0,0
93154,"I",0.374298727027139,1,1
93157,"I",0.0324355993826568,0,0
93161,"I",0.00673886171318984,0,0
93169,"I",0.0110352311661414,0,0
93171,"I",0.0716044039054126,0,0
93174,"I",0.00427677546899591,0,0
93178,"I",0.0197608419736189,0,0
93180,"I",0.323038961453028,0,0
93181,"I",0.0689642660482679,0,0
93183,"I",0.00575251759905401,0,0
93185,"I",0.274817898100709,0,1
93189,"I",0.0923980886047559,0,0
93191,"I",0.0498424755666119,0,0
93192,"I",0.21498496001191,0,0
93196,"I",0.104953955177307,0,1
93200,"I",0.0345789965546691,0,0
93201,"I",0.0430524758483184,0,0
93202,"I",0.245886062834169,0,0
93203,"I",0.330027971337453,0,0
93205,"I",0.00434813920519234,0,0
93206,"I",0.0541403753140783,0,0
93208,"I",0.149873047513511,0,0
93209,"I",0.089164440169789,0,0
93210,"I",0.115842955819432,0,0
93211,"I",0.0220603961328829,0,0
93212,"I",0.25045687697193,1,1
93213,"I",0.0160106563321602,0,0
93217,"I",0.108333662341856,0,0
93220,"I",0.635793254660554,0,0
93222,"I",0.001813940542153,0,0
93223,"I",0.0298598110347775,0,0
93232,"I",0.373084333309712,0,0
93235,"I",0.0704697290401441,0,0
93239,"I",0.0015557853927116,0,0
93240,"I",0.0492013611295302,0,0
93241,"I",0.0118824466770904,0,0
93242,"I",0.114680075741841,0,0
93244,"I",0.0211693906421098,0,0
93245,"I",0.285673066523224,0,0
93247,"I",0.0135832728924017,0,0
93249,"I",0.0186484625188293,0,0
93251,"I",0.806333821776383,1,1
93252,"I",0.209061039209446,0,0
93256,"I",0.0958201299382093,0,0
93258,"I",0.306421729637569,1,1
93260,"I",0.0518014044337012,0,0
93261,"I",0.00634981405765759,0,0
93263,"I",0.107742730219724,0,0
93265,"I",0.399637835336748,1,1
93266,"I",0.143626051744391,0,0
93267,"I",0.00453069930900618,0,0
93268,"I",0.626109035612107,0,0
93270,"I",0.0561932713765541,0,0
93272,"I",0.309069714729128,0,0
93273,"I",0.22998109597924,0,0
93274,"I",0.0104494283758509,0,0
93275,"I",0.0110352499968294,0,0
93276,"I",0.245286524841076,0,0
93277,"I",0.128138475899589,0,0
93278,"I",0.0160641423982147,0,0
93279,"I",0.0817017234628173,0,0
93281,"I",0.347910827393099,0,0
93282,"I",0.0537749626739632,0,0
93285,"I",0.685306643975796,1,1
93286,"I",0.418835582076549,1,1
93304,"I",0.54659795141104,1,1
93305,"I",0.0393399010546191,0,0
93306,"I",0.062897051364909,0,0
93307,"I",0.00706055012489146,0,0
93308,"I",0.363655240007261,0,1
93311,"I",0.2678237374653,1,1
93312,"I",0.0523588423886044,0,0
93313,"I",0.00717904659087675,0,0
93322,"I",0.0103290697302698,0,0
93324,"I",0.00706624811255063,0,0
93325,"I",0.0409801764766192,0,0
93326,"I",0.170866008157563,0,0
93327,"I",0.386535287291546,0,0
93328,"I",0.080099397164584,0,0
93330,"I",0.0355256911406747,0,0
93333,"I",0.121515722404738,0,0
93334,"I",0.0193651516645502,0,0
93336,"I",0.00218949415572539,0,0
93340,"I",0.496532985053845,0,1
93342,"I",0.00471738210529413,0,0
93345,"I",0.436666634315827,0,0
93348,"I",0.0833091777992988,0,0
93351,"I",0.0261214881670164,0,0
93352,"I",0.0422048948575581,0,0
93353,"I",0.811091797720555,0,1
93354,"I",0.124395238191361,1,1
93355,"I",0.273866046381398,0,0
93363,"I",0.0234900859731025,0,0
93364,"I",0.152937313173558,0,0
93365,"I",0.00211507269380407,0,0
93367,"I",0.0511146922192102,0,1
93370,"I",0.0386722862731824,0,0
93371,"I",0.296386238999848,0,0
93373,"I",0.0521375364402363,0,0
93374,"I",0.0307570563829221,0,0
93375,"I",0.00370984173027161,0,0
93386,"I",0.433220844497414,0,0
93390,"I",0.214095711239073,0,0
93391,"I",0.423917295093517,0,0
93392,"I",0.116988969016,0,1
93399,"I",0.256203080488472,0,0
93405,"I",0.299979158479189,1,1
93407,"I",0.336320691695665,0,0
93410,"I",0.266441708128633,0,0
93413,"I",0.0999828727442904,0,0
93415,"I",0.00649254560780683,0,0
93417,"I",0.345176410849258,0,0
93420,"I",0.00312345018580867,0,0
93426,"I",0.0232551627614305,0,0
93427,"I",0.00258949327672666,0,0
93428,"I",0.0125093853959221,0,0
93429,"I",0.00611369616672185,0,0
93430,"I",0.00809580641209354,0,0
93431,"I",0.103385320547529,1,1
93434,"I",0.00898726320959665,0,0
93435,"I",0.0604706363375982,0,0
93436,"I",0.682169062283053,1,1
93437,"I",0.122319917842531,1,1
93438,"I",0.0851576873209439,0,0
93442,"I",0.445615033841377,0,0
93443,"I",0.601472851472656,0,0
93445,"I",0.356641556283915,0,0
93451,"I",0.110409184381803,0,0
93454,"I",0.317993855806803,0,0
93456,"I",0.212707186863545,0,1
93457,"I",0.0430992049638473,0,0
93459,"I",0.0411792214085296,0,0
93461,"I",0.2399999717365,0,0
93463,"I",0.228568041955852,0,0
93469,"I",0.0788324196096311,0,0
93473,"I",0.00245897639210415,0,0
93476,"I",0.53543691702242,0,0
93482,"I",0.0123199524826245,0,0
93483,"I",0.0472694090079387,0,0
93485,"I",0.608589961322382,1,1
93488,"I",0.0439299474686599,0,0
93489,"I",0.0203183616485192,0,0
93490,"I",0.343803029383572,0,0
93492,"I",0.0402332940524967,0,0
93495,"I",0.154884492246892,0,0
93496,"I",0.157374609837247,0,0
93498,"I",0.0581519190804912,0,0
93499,"I",0.00548110452775006,0,0
93502,"I",0.2032094682354,0,0
93503,"I",0.419119260483508,0,0
93504,"I",0.178847572067428,0,0
93508,"I",0.0516452471172225,0,0
93509,"I",0.00181479754065576,0,0
93511,"I",0.576781952563166,1,1
93512,"I",0.203735013800172,0,0
93513,"I",0.0336593593435012,0,0
93514,"I",0.0874638431606708,0,0
93516,"I",0.0505506085945319,0,0
93518,"I",0.0477997262875867,0,0
93520,"I",0.751306545578742,1,1
93522,"I",0.42994804148534,0,0
93524,"I",0.0833700828000809,0,0
93528,"I",0.0171677385140065,0,0
93529,"I",0.0823823986422848,0,0
93531,"I",0.0699776447545617,0,0
93532,"I",0.0111562704897532,0,0
93533,"I",0.652633551343535,1,1
93535,"I",0.191226874696046,0,0
93536,"I",0.356004000220692,0,0
93540,"I",0.284870960913322,0,0
93547,"I",0.33417395062144,0,0
93550,"I",0.0456459561573165,0,0
93554,"I",0.112149005513142,0,0
93555,"I",0.309748716736676,0,0
93556,"I",0.00561375954739593,0,0
93557,"I",0.24640861045962,0,0
93558,"I",0.383599298976426,0,1
93560,"I",0.355655639612611,0,0
93563,"I",0.552428713643208,0,0
93565,"I",0.0748218758221428,0,0
93567,"I",0.462603520818477,1,1
93568,"I",0.185790940063194,0,1
93572,"I",0.12015935763572,0,0
93573,"I",0.608665657950269,1,1
93574,"I",0.143645963869325,0,0
93576,"I",0.349959256159694,1,1
93578,"I",0.402918552205821,1,1
93581,"I",0.0262891784584315,0,0
93582,"I",0.00294691257299481,0,0
93587,"I",0.0766014761537002,1,1
93589,"I",0.062642731363429,0,0
93590,"I",0.0790310473156288,0,0
93592,"I",0.076906787256783,0,0
93593,"I",0.240379983061389,0,0
93598,"I",0.126540003147688,0,0
93600,"I",0.00246844845633089,0,0
93606,"I",0.00206074049860236,0,0
93607,"I",0.354266864569955,1,1
93608,"I",0.145611423911478,0,0
93609,"I",0.312687521717636,0,0
93610,"I",0.0555151790287255,0,0
93611,"I",0.324958905975179,0,0
93612,"I",0.0274687511367485,0,0
93614,"I",0.735723572882342,1,1
93617,"I",0.30837289922248,0,0
93618,"I",0.00516647625948945,0,0
93619,"I",0.0470218251999348,0,0
93624,"I",0.0374995288821452,0,0
93625,"I",0.00593041392143104,0,0
93626,"I",0.335705423330675,1,1
93631,"I",0.533889650966194,1,1
93633,"I",0.0576458432654473,0,0
93636,"I",0.185182283237834,0,0
93638,"I",0.00266620771959659,0,0
93639,"I",0.00193615614984267,0,0
93640,"I",0.0261177239296541,0,0
93643,"I",0.173485680580585,0,1
93644,"I",0.586921300409123,0,0
93652,"I",0.752057058701569,1,1
93654,"I",0.0281628279477139,0,0
93655,"I",0.0154343296862066,0,0
93656,"I",0.734475009331347,1,1
93659,"I",0.0773192325784785,0,0
93661,"I",0.0392868407761554,0,0
93663,"I",0.0616477305312262,0,0
93664,"I",0.0181371836307123,0,0
93665,"I",0.00624238850342252,0,0
93670,"I",0.00513716658174763,0,0
93671,"I",0.139822118834361,0,0
93672,"I",0.751964146569166,0,1
93675,"I",0.0339363210511065,0,0
93677,"I",0.00589470864260366,0,0
93679,"I",0.408771212437275,0,0
93682,"I",0.0250293497351916,0,0
93684,"I",0.0152653934503114,0,0
93685,"I",0.521070690790445,1,1
93689,"I",0.499407029411627,1,1
93690,"I",0.0101571576581937,0,0
93691,"I",0.0226633904336973,0,0
93695,"I",0.18238169520749,0,0
93700,"I",0.0197176048595077,0,0
93702,"I",0.000842190302590791,0,0
93705,"J",0.501335433649638,0,0
93708,"J",0.561798062624283,0,0
93709,"J",0.668404030942252,0,0
93711,"J",0.0775114945915718,0,0
93713,"J",0.0849868491191164,0,0
93714,"J",0.37679944242816,1,1
93715,"J",0.274668566708076,0,0
93716,"J",0.121592341030044,0,0
93717,"J",0.00198919430050591,0,0
93718,"J",0.111345654178701,0,0
93721,"J",0.185216394136284,0,0
93722,"J",0.0475615568284542,0,0
93723,"J",0.0857578908447524,0,0
93726,"J",0.441799921992815,0,0
93727,"J",0.137928714364541,0,0
93728,"J",0.486984435139863,0,0
93729,"J",0.0581223623284786,0,0
93730,"J",0.31949501340438,1,1
93731,"J",0.00431950315970825,0,0
93735,"J",0.185361546196544,0,0
93738,"J",0.00555960466757114,0,0
93742,"J",0.308742056041754,1,1
93743,"J",0.0854465106946365,0,0
93746,"J",0.00183173318382269,0,0
93752,"J",0.0367006115341823,0,0
93754,"J",0.320099625505185,0,1
93755,"J",0.0196733613334002,0,0
93756,"J",0.327018388141728,0,0
93757,"J",0.129598783908791,0,0
93758,"J",0.302192011322512,1,1
93759,"J",0.396187399246286,1,1
93760,"J",0.0765148379013691,0,0
93761,"J",0.128910381328218,0,0
93762,"J",0.512661507231757,1,1
93763,"J",0.0223379459208034,0,0
93766,"J",0.051192531347916,1,1
93767,"J",0.279045406199366,1,1
93768,"J",0.0774457603675374,1,1
93770,"J",0.0925467816829208,0,0
93772,"J",0.588587584248146,0,0
93773,"J",0.244259605185337,0,0
93774,"J",0.0335821252483823,0,0
93775,"J",0.14143288971502,0,0
93776,"J",0.035610268763945,0,0
93780,"J",0.103165041313586,0,0
93782,"J",0.00608893313288029,0,0
93783,"J",0.0029928487189471,0,0
93785,"J",0.24993607069026,0,0
93788,"J",0.499300689365743,1,1
93789,"J",0.00910762147757202,0,0
93791,"J",0.0159370894485937,0,0
93794,"J",0.356137169451271,0,0
93795,"J",0.0965862795452592,0,0
93796,"J",0.408883074392905,0,0
93797,"J",0.105797527335006,0,0
93798,"J",0.155064632994935,0,0
93800,"J",0.0984572893985948,0,0
93801,"J",0.144166590250765,0,0
93805,"J",0.275426298260514,0,0
93806,"J",0.411502703353593,0,0
93811,"J",0.00701644152150789,0,0
93812,"J",0.388422798460042,1,1
93813,"J",0.0714235227005281,0,0
93814,"J",0.0137546785843357,0,0
93815,"J",0.0120071538605828,0,0
93817,"J",0.143069307894276,0,0
93819,"J",0.230415880928818,0,0
93823,"J",0.258290269306743,0,0
93824,"J",0.036095761352906,0,0
93825,"J",0.171834427946501,0,0
93827,"J",0.259593167660023,0,0
93829,"J",0.0233901959575322,0,0
93830,"J",0.617897766207867,1,1
93831,"J",0.521479494754973,1,1
93832,"J",0.449688958418874,0,0
93834,"J",0.483001907411428,1,1
93837,"J",0.0876775025277103,0,0
93839,"J",0.0514757905567186,0,0
93840,"J",0.0384969823459135,0,0
93841,"J",0.0449287240253708,0,0
93843,"J",0.0290910979042122,0,0
93845,"J",0.0152275671241348,0,0
93846,"J",0.00359876427647803,0,0
93847,"J",0.0833596967966102,0,0
93848,"J",0.222050988654074,0,0
93849,"J",0.00591701864917874,0,0
93850,"J",0.110475414882103,0,0
93851,"J",0.260946852427833,0,0
93852,"J",0.165263491584819,0,0
93855,"J",0.49998779105442,0,0
93856,"J",0.865856903909405,0,0
93861,"J",0.13889928655582,0,0
93863,"J",0.587395165472282,0,0
93866,"J",0.00260045025671101,0,0
93868,"J",0.281611813771638,0,0
93869,"J",0.156736106667488,1,1
93870,"J",0.000626720733329744,0,0
93871,"J",0.107385314948844,0,0
93875,"J",0.0602958758248323,0,0
93877,"J",0.0717892313447572,0,0
93878,"J",0.092983418157058,0,0
93883,"J",0.197067320017298,0,0
93887,"J",0.389140737563454,1,1
93888,"J",0.0184082519417318,0,0
93890,"J",0.00781769166169508,0,0
93891,"J",0.341719425501012,0,0
93892,"J",0.609586930316806,1,1
93893,"J",0.131332068637722,0,0
93894,"J",0.343510787381135,1,1
93895,"J",0.0751354405550678,0,0
93899,"J",0.510274391190176,0,0
93900,"J",0.10664934602315,0,1
93902,"J",0.0191019125990399,0,0
93903,"J",0.47593107168397,1,1
93906,"J",0.0863129866100794,0,0
93907,"J",0.0253890511581618,0,0
93908,"J",0.00575533878274358,0,0
93909,"J",0.0915686076282189,0,0
93912,"J",0.0880628878543621,0,0
93913,"J",0.0586073473784591,0,0
93914,"J",0.275444485671709,0,0
93915,"J",0.0039603065169649,0,0
93916,"J",0.0229980181604371,0,0
93918,"J",0.119635747303057,0,0
93920,"J",0.0539304446037608,0,0
93923,"J",0.055628827723671,0,0
93924,"J",0.165282143376667,1,1
93926,"J",0.185327652992867,0,0
93927,"J",0.0354442898153944,0,0
93930,"J",0.436969324655086,1,1
93931,"J",0.0415680570822908,0,0
93932,"J",0.499647458149076,0,0
93937,"J",0.0105870986285414,0,0
93939,"J",0.111999131738758,0,0
93940,"J",0.0562957952067607,0,0
93941,"J",0.0198055436951417,0,0
93942,"J",0.0401305892669006,0,0
93945,"J",0.0580032641974698,0,0
93946,"J",0.00653998484502814,0,0
93947,"J",0.170429055656617,0,0
93949,"J",0.191494072269484,0,1
93950,"J",0.00978344606663851,0,0
93952,"J",0.0415185179300996,0,0
93953,"J",0.060957824353986,0,1
93957,"J",0.101043045011778,0,0
93959,"J",0.35320180039056,0,0
93960,"J",0.517292793757688,0,1
93963,"J",0.290418535860966,0,0
93964,"J",0.163663557532192,0,0
93965,"J",0.0037461105763963,0,0
93968,"J",0.389963972507172,0,0
93970,"J",0.0595203640437323,0,0
93971,"J",0.0444386014634316,0,0
93972,"J",0.0155548382316918,0,0
93974,"J",0.114263382765813,0,0
93975,"J",0.143681629821124,0,0
93978,"J",0.175672113778363,0,0
93980,"J",0.00574419318295987,0,0
93981,"J",0.10366143051456,0,1
93982,"J",0.0293076502347438,0,0
93983,"J",0.573123565679834,0,0
93984,"J",0.0295768277187206,0,0
93985,"J",0.127832553239489,0,0
93987,"J",0.0645283111564517,0,0
93988,"J",0.0122013393467041,0,0
93989,"J",0.00456127651041524,0,0
93990,"J",0.132817583719145,0,0
93998,"J",0.00584974884060307,0,0
93999,"J",0.00540521916245677,0,0
94003,"J",0.182850548838303,0,0
94004,"J",0.0455192651122645,0,0
94007,"J",0.295424090238825,1,1
94008,"J",0.109186453839329,0,0
94010,"J",0.206103224231924,0,0
94012,"J",0.0178369222240825,0,0
94013,"J",0.0280716944090202,0,0
94015,"J",0.0228523680313582,0,0
94016,"J",0.118402113980529,0,0
94017,"J",0.23089730693737,0,0
94019,"J",0.174579878188516,0,0
94021,"J",0.0687820833832989,0,0
94027,"J",0.00285311289341151,0,0
94028,"J",0.0109995608234238,0,0
94029,"J",0.0102779828009432,0,0
94030,"J",0.0305645883814771,0,0
94031,"J",0.163158392340457,0,0
94033,"J",0.0680479321088146,0,0
94034,"J",0.326366972282712,0,1
94037,"J",0.356144276459118,1,1
94038,"J",0.410237781675522,0,1
94039,"J",0.499977301432232,0,0
94040,"J",0.0205820233413844,0,0
94041,"J",0.0339184465133511,0,0
94042,"J",0.00470115623681045,0,0
94043,"J",0.375436941244812,1,1
94044,"J",0.0122253458003423,0,0
94045,"J",0.41221430357496,1,1
94046,"J",0.0638054100383151,0,0
94047,"J",0.209256774103669,0,0
94048,"J",0.0524971005444457,0,0
94049,"J",0.268445332924229,0,0
94050,"J",0.104774771269999,0,0
94051,"J",0.0741607835139576,0,0
94057,"J",0.329165764208633,0,0
94058,"J",0.579294292346756,0,0
94059,"J",0.236119933148729,0,0
94060,"J",0.589216028474687,0,0
94061,"J",0.137473312761953,1,1
94065,"J",0.15277283259018,0,0
94067,"J",0.101414616409528,0,0
94068,"J",0.129174208043459,0,0
94069,"J",0.229284945429926,1,1
94073,"J",0.669050556517396,1,1
94074,"J",0.00197328597325516,0,0
94080,"J",0.317826887433599,0,0
94081,"J",0.277581022428743,1,1
94082,"J",0.0339185609337898,0,0
94084,"J",0.23259723193648,0,1
94092,"J",0.110289870382914,0,0
94093,"J",0.0574448433623658,1,1
94095,"J",0.328287120915666,0,0
94097,"J",0.483801515184632,0,0
94098,"J",0.00537390884352412,0,0
94101,"J",0.361637303075426,0,0
94105,"J",0.10844897278491,0,0
94108,"J",0.131415882689378,0,0
94112,"J",0.00545569008210719,0,0
94113,"J",0.0937804907575763,1,1
94114,"J",0.00329890482400802,0,0
94116,"J",0.212492238190473,0,0
94118,"J",0.0265235290437958,0,0
94119,"J",0.351086665218886,0,0
94122,"J",0.0114581185729456,0,0
94124,"J",0.0875382114727741,0,0
94126,"J",0.538986980225294,1,1
94127,"J",0.0517328937460301,0,0
94128,"J",0.0884498630370213,0,0
94130,"J",0.00708944396679155,0,0
94131,"J",0.194830839529793,0,1
94133,"J",0.0217055984159323,0,0
94134,"J",0.39019954130549,0,0
94135,"J",0.10402582899619,0,0
94137,"J",0.0298209619559098,0,0
94138,"J",0.484242882550943,1,1
94139,"J",0.149713843685827,0,0
94141,"J",0.342065257420835,0,0
94150,"J",0.57176664102755,1,1
94151,"J",0.00983556265490244,0,0
94152,"J",0.119480916612329,0,0
94154,"J",0.0566970532890382,0,0
94155,"J",0.771432172963131,1,1
94156,"J",0.21394228657515,0,0
94157,"J",0.0449450530019104,0,0
94158,"J",0.677245598963864,1,1
94160,"J",0.00104083105515873,0,0
94162,"J",0.11295264793913,0,0
94163,"J",0.00765444424004714,0,0
94166,"J",0.007596613236139,0,0
94168,"J",0.373232496604051,0,0
94169,"J",0.00583639964041974,0,0
94173,"J",0.494295345512699,0,0
94174,"J",0.0214164496862197,0,0
94175,"J",0.521863046370819,0,0
94176,"J",0.00190401347042044,0,0
94177,"J",0.0739017004335834,0,0
94179,"J",0.510480363749643,1,1
94181,"J",0.145143212543026,0,0
94182,"J",0.0119610921033832,0,0
94183,"J",0.287716197460034,0,0
94187,"J",0.0472246952342927,0,0
94189,"J",0.0337761157177399,0,0
94190,"J",0.0459822515268966,0,0
94192,"J",0.240917891242831,1,1
94193,"J",0.697830698271283,0,0
94199,"J",0.659151457497104,1,1
94200,"J",0.00492096891759428,0,0
94201,"J",0.262474298465585,0,0
94202,"J",0.610036955532074,0,0
94205,"J",0.536014014895025,0,0
94206,"J",0.113221689062314,0,0
94207,"J",0.180511365229483,0,0
94208,"J",0.179618043004429,0,0
94210,"J",0.353948075224903,0,0
94211,"J",0.000687634751254356,0,0
94212,"J",0.455544872605485,0,0
94216,"J",0.531595175581129,1,1
94219,"J",0.00120504914142233,0,0
94221,"J",0.0103074130205775,0,0
94223,"J",0.115330469867524,0,0
94227,"J",0.167315572764437,0,0
94229,"J",0.635207436705018,1,1
94232,"J",0.47868974761017,1,1
94233,"J",0.140325160634903,0,0
94237,"J",0.26358400521912,0,0
94241,"J",0.0475509085557812,0,0
94242,"J",0.48111156558505,1,1
94243,"J",0.33668472411022,1,1
94245,"J",0.00332358047550579,0,0
94247,"J",0.0254610182242366,0,0
94248,"J",0.0804748208669089,0,0
94249,"J",0.256039012571242,0,0
94250,"J",0.0151177333183679,0,0
94251,"J",0.00108196281376725,0,0
94253,"J",0.233707765864482,0,0
94255,"J",0.31101073417518,0,0
94258,"J",0.0575948204708487,0,0
94259,"J",0.0764427923207289,0,0
94260,"J",0.169676810636554,0,0
94261,"J",0.391246398454487,0,1
94262,"J",0.010018823854457,0,0
94265,"J",0.854298449559396,1,1
94266,"J",0.12867902727342,0,0
94267,"J",0.212744862368699,0,0
94270,"J",0.0489423543544538,0,0
94274,"J",0.157267740090108,0,0
94275,"J",0.297203253390719,0,0
94276,"J",0.304133123580697,0,0
94277,"J",0.0686795767648673,0,0
94278,"J",0.557339710744834,1,1
94279,"J",0.0708918249080285,0,0
94281,"J",0.0487327314772402,0,0
94283,"J",0.627585996165679,0,1
94284,"J",0.165595521599672,0,0
94285,"J",0.62338776367006,1,1
94286,"J",0.288143983311191,0,0
94287,"J",0.00176962884229398,0,0
94290,"J",0.0171281555521388,0,0
94291,"J",0.00550294999540038,0,0
94293,"J",0.0836582741579577,0,0
94295,"J",0.21844371589196,0,0
94298,"J",0.318083521977295,0,0
94300,"J",0.424509415631342,0,0
94301,"J",0.345837295889191,0,0
94303,"J",0.298180672064643,1,1
94304,"J",0.0260764966663761,0,0
94306,"J",0.00126329452269904,0,0
94309,"J",0.16128855027156,0,1
94314,"J",0.0859274558107125,0,0
94319,"J",0.0140048729869425,0,0
94320,"J",0.0284505437619744,0,0
94321,"J",0.217724472182153,0,0
94322,"J",0.0104925309259942,0,0
94323,"J",0.692715237936411,0,0
94324,"J",0.131805651364176,0,0
94325,"J",0.698932869211613,0,1
94326,"J",0.0654676708908221,0,0
94328,"J",0.00715579734407503,0,0
94330,"J",0.197567954977762,1,1
94335,"J",0.412441158270383,0,0
94336,"J",0.646193281619878,1,1
94337,"J",0.163434696698701,0,0
94339,"J",0.0285348482484472,0,0
94340,"J",0.00918634936333424,0,0
94341,"J",0.0377544816874035,0,0
94342,"J",0.242180348225106,0,0
94343,"J",0.598055177436065,1,1
94345,"J",0.729120611461967,1,1
94348,"J",0.756146778119836,0,0
94350,"J",0.132304463138313,0,0
94352,"J",0.495388888857818,1,1
94356,"J",0.141963343515208,0,0
94359,"J",0.152082420798636,0,0
94360,"J",0.475031096405321,0,0
94361,"J",0.0264437395591509,0,0
94362,"J",0.354682305699087,1,1
94365,"J",0.00199898819151999,0,0
94366,"J",0.0356762793815342,0,0
94368,"J",0.0101699715310969,1,1
94372,"J",0.661654163249886,0,1
94373,"J",0.140996689751873,0,0
94375,"J",0.025787465727394,0,0
94376,"J",0.22700159064802,0,0
94377,"J",0.35240147790473,0,0
94379,"J",0.0134748098677697,0,0
94380,"J",0.52721327150065,0,0
94382,"J",0.00983745473977552,0,0
94385,"J",0.0665519801970408,0,0
94386,"J",0.367679533073378,0,1
94387,"J",0.145475103615291,0,0
94388,"J",0.0358718583435194,0,0
94390,"J",0.629378799447907,0,1
94392,"J",0.00329790936351762,0,0
94393,"J",0.0135816704054847,0,0
94398,"J",0.0740978197505795,0,0
94399,"J",0.318854589111465,1,1
94401,"J",0.0347012063569509,0,0
94404,"J",0.294708910040888,0,0
94405,"J",0.0142489351979853,1,1
94407,"J",0.442046957332552,0,0
94408,"J",0.0328985550398886,0,0
94409,"J",0.00798981687887643,0,0
94410,"J",0.513487841135106,0,0
94414,"J",0.0403803526049143,0,0
94415,"J",0.0184974174498072,0,0
94416,"J",0.10626279447649,0,0
94418,"J",0.269159847727145,0,0
94420,"J",0.251769319423533,0,0
94421,"J",0.447976079727418,0,0
94424,"J",0.333413571367268,0,0
94425,"J",0.449293769666761,0,0
94427,"J",0.276729464520328,0,0
94428,"J",0.552190646681341,1,1
94429,"J",0.691184763709216,0,0
94430,"J",0.106975160747835,0,1
94431,"J",0.548929379342744,1,1
94432,"J",0.679261999641401,0,1
94433,"J",0.546854625822594,1,1
94434,"J",0.0413802157457502,0,0
94436,"J",0.112157361349226,0,0
94438,"J",0.157082255690062,0,0
94443,"J",0.0141173208111209,0,0
94444,"J",0.89294360673827,1,1
94445,"J",0.0355482454924502,0,0
94446,"J",0.037200002703867,0,0
94448,"J",0.0751343172632895,0,0
94450,"J",0.129761594130552,0,0
94453,"J",0.00672772042924947,0,0
94457,"J",0.0110396628490084,0,0
94459,"J",0.768507095358371,0,1
94460,"J",0.108306163798941,0,0
94463,"J",0.0388463129241287,0,0
94464,"J",0.493582673226362,1,1
94465,"J",0.0423008342688912,0,0
94469,"J",0.00705487254585605,0,0
94470,"J",0.461796450444048,0,0
94471,"J",0.0756511389124411,0,0
94473,"J",0.318149235619383,0,0
94474,"J",0.158995327919212,1,1
94477,"J",0.0114588501085898,0,0
94478,"J",0.00974920654830606,0,0
94479,"J",0.578964485765968,0,0
94481,"J",0.0250978255684216,0,0
94483,"J",0.214700595528642,0,0
94486,"J",0.422396006562754,1,1
94487,"J",0.0393391134852431,0,0
94488,"J",0.0940986397747611,0,0
94490,"J",0.223886977331626,0,0
94493,"J",0.499508282211761,0,0
94497,"J",0.302407158385171,0,0
94499,"J",0.097744225141118,0,0
94500,"J",0.30470969280704,0,1
94501,"J",0.0431800023727555,0,0
94503,"J",0.028999224790736,0,0
94504,"J",0.00681607138276684,0,0
94506,"J",0.229037206078815,0,0
94507,"J",0.306490980847454,0,0
94508,"J",0.00689653457786514,0,0
94509,"J",0.038758957282706,0,0
94510,"J",0.0186831088331385,0,0
94512,"J",0.159160400103913,1,1
94515,"J",0.292242778266602,0,1
94519,"J",0.166044769644931,0,0
94522,"J",0.630178511538415,0,0
94523,"J",0.226657555273808,0,0
94525,"J",0.396386139719483,0,0
94526,"J",0.0608470856713405,0,0
94527,"J",0.0642089513188329,0,0
94528,"J",0.65858367145512,0,0
94530,"J",0.00446822153960267,0,0
94531,"J",0.104203508065754,0,0
94532,"J",0.117646044948986,0,0
94534,"J",0.3595690736082,0,1
94539,"J",0.0996744752330025,0,0
94541,"J",0.0781721565453642,0,0
94547,"J",0.0534183202600362,0,0
94549,"J",0.232339076827151,0,0
94552,"J",0.352568948267447,0,0
94553,"J",0.147694947727783,0,1
94554,"J",0.430437481373622,1,1
94557,"J",0.0412937848002612,0,0
94558,"J",0.140110613234437,1,1
94559,"J",0.189846003445154,0,0
94560,"J",0.0529875658766374,0,0
94564,"J",0.425120658369915,0,0
94565,"J",0.433105865471274,0,0
94568,"J",0.305099032959415,0,0
94569,"J",0.00184191883279776,0,0
94570,"J",0.171488251691272,1,1
94571,"J",0.319610195695813,0,0
94575,"J",0.0373409004954661,0,0
94576,"J",0.167021442896659,0,0
94577,"J",0.00248626229974427,0,0
94578,"J",0.333634756575032,1,1
94579,"J",0.301918527648566,0,0
94583,"J",0.307901614037563,0,0
94586,"J",0.152175486671365,0,0
94589,"J",0.0116121596191024,0,0
94590,"J",0.300326898638295,0,0
94595,"J",0.0385811183591361,0,0
94596,"J",0.0200711788044896,0,0
94600,"J",0.188169610371561,0,0
94605,"J",0.247099585403028,0,0
94606,"J",0.075582983507461,1,1
94607,"J",0.0364811392363651,0,0
94608,"J",0.0165204742889461,0,0
94609,"J",0.432981638832586,1,1
94615,"J",0.15276476010877,1,1
94616,"J",0.553359862264325,0,1
94618,"J",0.279569653209509,0,0
94619,"J",0.101352343117477,0,0
94623,"J",0.0212136739659394,0,0
94624,"J",0.0241617966527995,0,0
94625,"J",0.00568233811645893,0,0
94627,"J",0.371116321525971,1,1
94631,"J",0.00152500744453427,0,0
94632,"J",0.126595032903428,0,0
94633,"J",0.0269568207428464,0,0
94634,"J",0.153924408198227,0,0
94640,"J",0.0916453455331524,0,0
94641,"J",0.292603778601927,1,1
94642,"J",0.631608253275291,1,1
94644,"J",0.0012072638586502,0,0
94649,"J",0.20112658146203,0,0
94650,"J",0.119881210043682,0,1
94651,"J",0.295912581691579,0,0
94652,"J",0.0605456037174458,0,0
94654,"J",0.158531187905688,0,0
94660,"J",0.0888429391260089,0,0
94663,"J",0.0111073744334602,0,0
94664,"J",0.0577444146677146,0,0
94666,"J",0.0347789345301658,0,0
94669,"J",0.00756396591526787,0,0
94670,"J",0.592795912536897,0,0
94672,"J",0.0311606916627458,0,0
94673,"J",0.00171322669691366,0,0
94676,"J",0.202219579338969,1,1
94677,"J",0.0167626826484307,0,0
94678,"J",0.0159355886676178,0,0
94679,"J",0.483111835657107,0,0
94681,"J",0.627649643456497,0,0
94684,"J",0.0653128953748267,0,0
94685,"J",0.329785924636456,0,0
94686,"J",0.0271899632060687,0,0
94687,"J",0.103143623173138,0,0
94688,"J",0.199961636055786,0,0
94689,"J",0.0067662908408337,0,0
94693,"J",0.330960813789897,0,0
94695,"J",0.0479309348582841,0,0
94696,"J",0.0549683514772095,0,0
94697,"J",0.000877588698927715,0,0
94698,"J",0.100072157611028,0,0
94704,"J",0.59536476868497,1,1
94705,"J",0.145383217745057,0,0
94706,"J",0.16718963321364,0,0
94708,"J",0.0229977331511385,0,0
94710,"J",0.0217758219801528,0,0
94711,"J",0.565670448394535,1,1
94713,"J",0.238608681052239,0,0
94716,"J",0.127945940981448,0,0
94719,"J",0.299630048847203,0,0
94720,"J",0.0296886080892662,0,0
94721,"J",0.125831057954997,0,0
94725,"J",0.246932542907596,0,0
94726,"J",0.115493658075712,1,1
94729,"J",0.147165818779947,0,0
94730,"J",0.23201562868667,1,1
94731,"J",0.0531302748349003,0,0
94732,"J",0.203310438625715,0,1
94736,"J",0.0284987246370922,1,1
94739,"J",0.0670738887272083,0,0
94740,"J",0.125568283243515,0,0
94744,"J",0.0629385844471562,0,1
94747,"J",0.0379444961998938,0,0
94748,"J",0.241240598099223,0,0
94750,"J",0.669128806127279,1,1
94752,"J",0.202861891114215,0,0
94753,"J",0.307738234808907,1,1
94754,"J",0.359474271268194,0,1
94755,"J",0.71218998325766,1,1
94760,"J",0.366577984473296,0,0
94761,"J",0.011071684669202,0,0
94763,"J",0.306085354349459,1,1
94764,"J",0.185703301238209,0,0
94765,"J",0.102835488061601,0,0
94766,"J",0.103415328196017,0,0
94767,"J",0.656328005192623,0,0
94768,"J",0.266534875107055,0,0
94771,"J",0.00999128130266448,0,0
94773,"J",0.0210095406958811,0,0
94775,"J",0.0305892433911179,0,0
94777,"J",0.0437165156167241,0,0
94779,"J",0.528644315220159,1,1
94780,"J",0.221510609940142,0,0
94785,"J",0.120435737301197,0,0
94786,"J",0.00360021778984723,0,0
94788,"J",0.125894938390673,0,0
94792,"J",0.521044320364405,1,1
94793,"J",0.160736735832158,0,0
94795,"J",0.00208888724111462,0,0
94797,"J",0.3485330037018,0,0
94801,"J",0.0412310975810636,0,0
94802,"J",0.014037509028723,0,0
94806,"J",0.0909718733406464,0,0
94808,"J",0.0439714372700551,0,0
94812,"J",0.170956131500844,0,0
94813,"J",0.296311066143165,0,0
94819,"J",0.0386918073279468,0,0
94826,"J",0.176516529731708,0,0
94829,"J",0.0646735677454504,0,1
94831,"J",0.130941356326608,0,0
94832,"J",0.416917574565944,0,0
94834,"J",0.0851857633826473,1,1
94835,"J",0.165752696648364,0,0
94836,"J",0.124101533177125,0,0
94844,"J",0.0135281509535979,0,0
94847,"J",0.682698496812656,1,1
94848,"J",0.0109399889770018,0,0
94850,"J",0.0405942970536496,0,0
94852,"J",0.287241491161491,0,0
94854,"J",0.0966686667558913,0,0
94855,"J",0.0636158372659858,0,0
94856,"J",0.0720575721323342,0,0
94857,"J",0.244515815176139,0,0
94858,"J",0.0601118525449789,0,0
94860,"J",0.188317390726688,0,0
94861,"J",0.38514849557158,0,0
94862,"J",0.138867253971836,0,0
94863,"J",0.64055897287058,1,1
94867,"J",0.0893840685477387,0,0
94868,"J",0.688993743420458,0,0
94872,"J",0.285385887477121,1,1
94873,"J",0.0231669816643153,0,0
94877,"J",0.737591848291904,0,1
94878,"J",0.103568912678815,0,0
94879,"J",0.0494168257271777,0,0
94882,"J",0.276085220305794,1,1
94883,"J",0.142965219599377,0,0
94885,"J",0.493495894581543,1,1
94889,"J",0.0970658602489595,0,0
94890,"J",0.172509051181324,0,0
94891,"J",0.046483828933149,0,0
94892,"J",0.0541537036104151,0,0
94894,"J",0.108496325516161,0,0
94896,"J",0.334207086215202,0,0
94898,"J",0.55028568832929,1,1
94899,"J",0.0486951819599699,0,0
94902,"J",0.130713906798997,0,0
94906,"J",0.0197712687873037,0,0
94907,"J",0.354343369145893,1,1
94908,"J",0.453740348342127,0,1
94909,"J",0.138980221263879,0,0
94916,"J",0.0325909210315053,0,0
94918,"J",0.285499119182488,1,1
94920,"J",0.337825285986516,0,0
94921,"J",0.214939735452058,0,0
94922,"J",0.246424045144388,0,0
94924,"J",0.0222176310261452,0,0
94926,"J",0.0175442457833506,0,0
94927,"J",0.0947108625172192,0,0
94929,"J",0.106221962768729,0,0
94930,"J",0.600142503469052,1,1
94931,"J",0.0925713075943207,0,0
94933,"J",0.30180544642147,0,1
94935,"J",0.0977494236297936,0,0
94936,"J",0.0108424392563384,0,0
94938,"J",0.554362688658297,0,0
94939,"J",0.00775972667796486,0,0
94941,"J",0.00844546397585634,0,0
94945,"J",0.265551528768478,0,0
94946,"J",0.0718377427916524,0,1
94950,"J",0.0410197154755245,0,0
94952,"J",0.239088089410103,0,0
94954,"J",0.00421064208580015,0,0
94957,"J",0.108708912364678,0,0
94958,"J",0.123522922042979,0,0
94959,"J",0.101057382010428,0,0
94960,"J",0.00228335593757389,0,0
94962,"J",0.0697514544079614,0,0
94964,"J",0.251541356311921,0,0
94966,"J",0.240212356992313,1,1
94967,"J",0.013674484993817,0,0
94968,"J",0.00891457735696142,0,0
94969,"J",0.202225930784522,0,0
94970,"J",0.11183372627021,0,0
94972,"J",0.0721305601026128,0,0
94975,"J",0.0287649102460622,0,0
94977,"J",0.445754167908831,0,0
94979,"J",0.400489214976107,0,0
94982,"J",0.00432178859845933,0,0
94986,"J",0.29394531349946,0,0
94987,"J",0.72289531232514,1,1
94989,"J",0.0677313031686784,0,0
94990,"J",0.308299568633161,0,1
94993,"J",0.0668240848070248,0,0
94995,"J",0.16965030682035,0,1
94997,"J",0.0230667612745535,0,0
94998,"J",0.0421445191111647,0,0
95000,"J",0.563294574310826,0,1
95001,"J",0.274736914657617,1,1
95002,"J",0.012461678077513,0,0
95004,"J",0.53634372138778,0,0
95007,"J",0.064391059788494,0,0
95011,"J",0.264766629016492,1,1
95013,"J",0.277256991336615,1,1
95014,"J",0.0957077659685045,0,0
95016,"J",0.313970251218998,0,0
95019,"J",0.0183034120706056,0,0
95020,"J",0.493791671576567,1,1
95025,"J",0.156209605789219,0,0
95026,"J",0.00186999984283115,0,0
95027,"J",0.146998008057295,0,0
95028,"J",0.0207343849490988,0,0
95029,"J",0.0552617144284598,0,0
95030,"J",0.216991420923063,0,0
95031,"J",0.453506251838012,1,1
95033,"J",0.327766005084641,1,1
95034,"J",0.0203344253965807,0,0
95035,"J",0.201254495194431,1,1
95036,"J",0.414778277267061,0,0
95041,"J",0.135488830554374,1,1
95042,"J",0.309287635502941,1,1
95043,"J",0.162635855929643,0,0
95044,"J",0.434333290353976,0,0
95045,"J",0.339801117161975,0,0
95047,"J",0.432709090957772,1,1
95048,"J",0.00136774192201153,0,0
95051,"J",0.727588135006419,1,1
95053,"J",0.215888022059544,1,1
95055,"J",0.600858209390608,0,0
95056,"J",0.176486923542332,0,0
95057,"J",0.084248039589368,1,1
95058,"J",0.275185811948932,1,1
95059,"J",0.312019427920782,0,0
95060,"J",0.0807148997893782,0,0
95061,"J",0.21846281134785,0,0
95062,"J",0.316867431277975,0,0
95063,"J",0.0941190469990803,0,0
95064,"J",0.00248296886870489,0,0
95066,"J",0.461496651110105,0,0
95067,"J",0.420432396417991,0,0
95068,"J",0.137979471861738,1,1
95069,"J",0.0031928805705155,0,0
95070,"J",0.661735246364658,1,1
95071,"J",0.0663116115493067,0,0
95073,"J",0.242195151527569,1,1
95077,"J",0.0576535435255568,0,0
95080,"J",0.0071947197341984,0,0
95083,"J",0.412763096613508,0,0
95088,"J",0.192581469595075,0,0
95089,"J",0.0616998942376852,0,1
95091,"J",0.467029318683879,0,0
95093,"J",0.30712210948588,0,0
95094,"J",0.020251614022596,0,0
95095,"J",0.380174067860662,0,0
95096,"J",0.0145909893418769,0,0
95097,"J",0.0543775004956465,0,0
95098,"J",0.697319969094244,0,0
95099,"J",0.0761841494515963,0,0
95101,"J",0.129997885651548,0,0
95102,"J",0.482899390639821,0,0
95103,"J",0.0238813939933109,0,0
95105,"J",0.339158761790901,1,1
95110,"J",0.483282383316477,0,0
95113,"J",0.0190654866829201,0,0
95114,"J",0.132350352416742,0,0
95115,"J",0.00765467557340149,0,0
95118,"J",0.161037238277895,0,0
95121,"J",0.468731209461464,0,0
95123,"J",0.127916430931602,0,0
95124,"J",0.183769103923148,0,0
95126,"J",0.316893506158454,1,1
95128,"J",0.0260579209120367,0,0
95131,"J",0.270269841748808,0,0
95134,"J",0.167440288624277,0,0
95137,"J",0.0214333285043273,0,0
95138,"J",0.119177378288013,0,0
95140,"J",0.0466307519698503,0,0
95143,"J",0.160405046881827,0,0
95148,"J",0.33940800185081,0,1
95149,"J",0.428498447323238,0,0
95151,"J",0.336516475137283,1,1
95152,"J",0.215982285029931,0,0
95153,"J",0.00777638298729246,0,0
95155,"J",0.405831271653477,1,1
95157,"J",0.203974119691255,0,0
95160,"J",0.433475685863568,1,1
95163,"J",0.675984971870342,0,0
95165,"J",0.0724081057582755,0,0
95168,"J",0.330144271652089,0,1
95169,"J",0.216422678973205,0,0
95170,"J",0.537202797550129,0,1
95171,"J",0.19874781894216,1,1
95172,"J",0.205127994786171,1,1
95173,"J",0.731487869497845,1,1
95174,"J",0.00469372702849629,0,0
95179,"J",0.0753976669735014,0,0
95181,"J",0.00411889954793978,0,0
95182,"J",0.235725736280206,0,0
95184,"J",0.00601691329665228,0,0
95186,"J",0.0129849038878744,0,0
95189,"J",0.426575226016019,0,0
95190,"J",0.00361208313762093,0,0
95191,"J",0.535981059575242,1,1
95197,"J",0.0778762282273455,0,0
95199,"J",0.251117445955797,0,1
95200,"J",0.00605514533653786,0,0
95202,"J",0.00213140890458794,0,0
95203,"J",0.119506748729447,0,0
95206,"J",0.0718510201989157,0,0
95207,"J",0.176572551669143,0,0
95208,"J",0.207967644417058,0,0
95209,"J",0.452112679432684,1,1
95210,"J",0.0206769674415752,0,0
95211,"J",0.00580034366503499,0,0
95213,"J",0.00787830366355065,0,0
95214,"J",0.176795666756794,0,0
95215,"J",0.376123426779761,1,1
95216,"J",0.0935565650779116,0,0
95220,"J",0.148399077937932,0,0
95221,"J",0.0381000117371751,0,0
95222,"J",0.337282880975487,0,0
95224,"J",0.362301820315661,0,0
95227,"J",0.00716454541829867,0,0
95228,"J",0.0338072815118168,0,0
95231,"J",0.0857562440266144,0,0
95233,"J",0.0284781069887705,0,0
95236,"J",0.421020721818811,0,0
95237,"J",0.0039704281417026,0,0
95238,"J",0.257140830505871,0,0
95239,"J",0.0377240379790536,1,1
95242,"J",0.340768547334396,0,0
95243,"J",0.312570691448066,0,0
95244,"J",0.236053971103177,1,1
95247,"J",0.604942016183432,1,1
95249,"J",0.756364996621146,1,1
95251,"J",0.194543466613779,0,0
95252,"J",0.215178558875282,1,1
95255,"J",0.00357466664988468,0,0
95256,"J",0.328382485225644,0,0
95257,"J",0.00818840337475293,0,0
95258,"J",0.371874013797035,1,1
95259,"J",0.0795705883902971,0,0
95260,"J",0.00104563322949194,0,0
95261,"J",0.0244795447061208,0,0
95262,"J",0.0224031895917046,0,0
95266,"J",0.0338223827881933,0,0
95268,"J",0.42195468499333,0,0
95272,"J",0.0387848690254783,0,0
95273,"J",0.197520101438654,0,0
95274,"J",0.356887789475755,1,1
95275,"J",0.0352101672496202,0,0
95276,"J",0.0101663195305533,0,0
95278,"J",0.151219043967312,0,1
95279,"J",0.0452521995081769,0,0
95280,"J",0.0319837383339569,0,0
95281,"J",0.382664135105028,1,1
95284,"J",0.0391700723452132,0,0
95287,"J",0.122616692802409,0,0
95288,"J",0.0157920273461066,0,0
95289,"J",0.136358874642051,0,0
95296,"J",0.0321073702494926,0,0
95298,"J",0.278167073060044,0,0
95302,"J",0.0749363906806482,0,0
95308,"J",0.336411638284048,0,0
95312,"J",0.0122010456147294,0,0
95313,"J",0.0393900247262384,0,0
95315,"J",0.254275457648983,0,0
95316,"J",0.533874313427724,0,0
95318,"J",0.289406940599767,0,0
95319,"J",0.312043357602339,0,0
95321,"J",0.213521079300161,0,0
95323,"J",0.00998431964723118,0,0
95325,"J",0.518334874604374,1,1
95326,"J",0.27579124018564,1,1
95329,"J",0.166233901398773,0,0
95330,"J",0.573986447105244,1,1
95333,"J",0.276069311431375,0,0
95334,"J",0.244919917245824,0,0
95338,"J",0.589984671971512,1,1
95342,"J",0.00333578595870526,0,0
95346,"J",0.467352595304179,0,0
95348,"J",0.0962320866321479,0,0
95351,"J",0.0103614395778098,0,0
95352,"J",0.0188108241809545,0,0
95353,"J",0.131913786996043,0,0
95356,"J",0.209749968802587,0,0
95357,"J",0.486368714968668,0,0
95358,"J",0.813448815710358,1,1
95360,"J",0.148348076362686,0,0
95362,"J",0.0235752892812054,0,0
95366,"J",0.111892552055664,0,0
95367,"J",0.361417905178705,0,0
95372,"J",0.226772714286318,1,1
95374,"J",0.020815271475186,0,0
95375,"J",0.147279393159256,0,0
95377,"J",0.214259353067577,0,0
95380,"J",0.146952235344978,0,0
95382,"J",0.349688422231697,0,0
95385,"J",0.0190414242709063,0,0
95389,"J",0.000933560913866876,0,0
95391,"J",0.0454514492483456,0,0
95392,"J",0.00426961757892766,0,0
95393,"J",0.0058935197497533,0,0
95394,"J",0.216180534948893,0,0
95397,"J",0.234206714830606,0,0
95402,"J",0.00731649684149964,0,0
95405,"J",0.170153772192496,0,0
95406,"J",0.109686511478065,0,0
95410,"J",0.101441406006058,0,0
95411,"J",0.865715614815039,1,1
95412,"J",0.688136755641617,0,0
95413,"J",0.0750717293730536,0,0
95414,"J",0.0660306515961103,0,0
95415,"J",0.00805891193466637,0,0
95416,"J",0.00692528879996468,0,0
95417,"J",0.731260537696084,1,1
95418,"J",0.464786596450347,0,0
95419,"J",0.257159808992773,0,0
95421,"J",0.305563332028726,0,0
95422,"J",0.0126570955307155,0,0
95423,"J",0.0843758871066667,0,0
95424,"J",0.0171574092674216,0,0
95425,"J",0.00349069323753923,0,0
95427,"J",0.419356794612736,0,0
95431,"J",0.855970981695789,1,1
95436,"J",0.0214199535457946,0,0
95437,"J",0.0139125617611323,0,0
95442,"J",0.0112020580068356,0,0
95444,"J",0.0189140731207862,0,0
95445,"J",0.0036582228436548,0,0
95446,"J",0.0855073645046188,0,0
95447,"J",0.717442081192268,1,1
95448,"J",0.34507630063458,0,1
95449,"J",0.266931246065368,0,0
95450,"J",0.0267931819151797,0,0
95452,"J",0.271529863270489,0,0
95453,"J",0.188045672889851,0,0
95454,"J",0.213329775569674,0,1
95455,"J",0.0953614590046387,0,0
95459,"J",0.105381174454175,0,0
95465,"J",0.278388753589061,0,0
95466,"J",0.0791960052491068,0,0
95467,"J",0.523939876628291,0,0
95468,"J",0.0462523770040607,0,0
95469,"J",0.00232827331271076,0,0
95471,"J",0.0695221894848615,0,0
95472,"J",0.028656723911401,0,0
95473,"J",0.00773361845265782,0,0
95474,"J",0.0953913493041235,0,0
95479,"J",0.0112947333769041,0,0
95480,"J",0.0370710156634047,0,0
95484,"J",0.153850243932709,0,0
95486,"J",0.0186847164179416,0,0
95493,"J",0.0218132705837758,0,0
95495,"J",0.157476119488068,0,0
95499,"J",0.36826717104708,0,0
95501,"J",0.071054959286509,0,0
95503,"J",0.702260112482807,0,0
95504,"J",0.314364354270215,0,1
95505,"J",0.0138356327766328,0,0
95506,"J",0.205016202610599,0,0
95508,"J",0.602498783248799,0,0
95509,"J",0.0570267769209464,0,0
95510,"J",0.303750355667528,0,0
95514,"J",0.019916095680016,0,0
95515,"J",0.622810531468321,0,0
95519,"J",0.297866913965076,0,0
95522,"J",0.00394380507863938,0,0
95524,"J",0.123353935548878,1,1
95525,"J",0.349089516923396,0,0
95531,"J",0.113424420868432,0,0
95533,"J",0.519558255023616,0,0
95534,"J",0.735435320660051,0,0
95535,"J",0.558071235338356,0,0
95537,"J",0.479988989227071,0,0
95539,"J",0.548669140427867,0,0
95540,"J",0.320823481236252,0,0
95541,"J",0.736673357153049,0,0
95542,"J",0.211855946186337,0,0
95543,"J",0.00484426940628657,0,0
95544,"J",0.067420422999986,0,0
95547,"J",0.29797446745182,1,1
95548,"J",0.00192224910459996,0,0
95549,"J",0.338721290702437,1,1
95550,"J",0.560633218589262,1,1
95551,"J",0.0633998579829671,0,0
95553,"J",0.516755792991906,1,1
95556,"J",0.0483267621489068,0,0
95557,"J",0.0768281156413343,0,0
95559,"J",0.0604731582003864,0,0
95561,"J",0.580244466234856,0,0
95563,"J",0.057311333240942,0,0
95565,"J",0.020363235226071,0,0
95566,"J",0.70585021598924,0,0
95568,"J",0.00874514396330681,0,0
95569,"J",0.0051768109823754,0,0
95571,"J",0.265784860765624,1,1
95572,"J",0.221324783899746,1,1
95573,"J",0.0021712217471683,0,0
95574,"J",0.0187092819269755,0,0
95575,"J",0.256770175810686,0,0
95576,"J",0.38306398118708,0,0
95577,"J",0.0783083903078475,0,0
95578,"J",0.210766212656012,0,0
95581,"J",0.152388997167217,0,0
95583,"J",0.413294095507029,0,0
95586,"J",0.0081641286243712,0,0
95587,"J",0.0629022599579617,0,0
95588,"J",0.0972821775744217,0,0
95589,"J",0.267333434255263,1,1
95590,"J",0.132616443392836,0,0
95591,"J",0.0379565109050861,0,0
95593,"J",0.0537700177126774,0,0
95594,"J",0.432352109638019,1,1
95595,"J",0.0931423404383541,0,0
95597,"J",0.0946060432149952,0,0
95598,"J",0.0236420567655122,0,0
95599,"J",0.0522869669813153,0,0
95601,"J",0.487265672134493,0,0
95602,"J",0.00910194883220135,0,0
95607,"J",0.0106201172708081,0,0
95609,"J",0.00760358187481894,0,0
95610,"J",0.0150561715252756,0,0
95611,"J",0.0349141481350656,0,0
95615,"J",0.518102860970299,1,1
95617,"J",0.241854317163075,0,0
95621,"J",0.433317641414961,1,1
95622,"J",0.0106929689154121,0,0
95623,"J",0.438837430717227,0,0
95625,"J",0.0944934048397152,0,0
95626,"J",0.806767832489638,1,1
95630,"J",0.85524372297042,0,0
95633,"J",0.472950818601378,1,1
95636,"J",0.0265390891323035,0,0
95637,"J",0.516261760337225,1,1
95639,"J",0.0224689700122001,0,0
95641,"J",0.785728851171719,1,1
95643,"J",0.0024365499076128,0,0
95644,"J",0.564639993787626,1,1
95645,"J",0.0905383571466169,0,0
95648,"J",0.502607590448782,0,0
95649,"J",0.209049462123666,1,1
95652,"J",0.0668055339059631,0,0
95654,"J",0.448512642933939,0,0
95655,"J",0.0231030592774405,0,0
95656,"J",0.757280114243961,1,1
95657,"J",0.00362336813056086,0,0
95658,"J",0.012621027193537,0,0
95659,"J",0.0938198128727701,0,0
95662,"J",0.0139029116299255,0,0
95663,"J",0.0422053239455161,0,0
95664,"J",0.0917468146695352,0,0
95665,"J",0.0100834253308834,0,0
95666,"J",0.0454062484225023,0,0
95668,"J",0.238076515922126,0,0
95669,"J",0.17478991789956,0,0
95671,"J",0.28379636987691,0,0
95672,"J",0.646421103793032,1,1
95673,"J",0.132497083581009,0,0
95674,"J",0.277137560665864,0,0
95675,"J",0.180042921247007,0,0
95676,"J",0.389373785772985,0,0
95678,"J",0.0106399100867989,0,0
95680,"J",0.185640783504081,0,0
95681,"J",0.174784423659449,0,0
95684,"J",0.00209775579074545,0,0
95685,"J",0.0381338095625602,0,0
95687,"J",0.517164459012079,1,1
95689,"J",0.442151744843174,0,0
95690,"J",0.351203250934296,0,1
95694,"J",0.0890976191497801,0,0
95699,"J",0.00151820691663239,0,0
95700,"J",0.11748093262274,0,1
95704,"J",0.240117537941641,1,1
95708,"J",0.0701642412750186,0,0
95710,"J",0.750985258499847,1,1
95711,"J",0.0997967074070975,0,0
95713,"J",0.737568355122506,1,1
95714,"J",0.401033929468751,1,1
95716,"J",0.0445444772809011,1,1
95718,"J",0.0773127112934874,0,0
95719,"J",0.0012471182716314,0,0
95720,"J",0.0914576031598636,0,0
95722,"J",0.0433609908437773,0,0
95723,"J",0.444308243593749,0,0
95725,"J",0.729311466836099,1,1
95726,"J",0.012837925710084,0,0
95727,"J",0.0716232753069268,0,0
95731,"J",0.0534131827247512,1,1
95734,"J",0.21122794582699,0,0
95736,"J",0.0580936706707771,0,0
95744,"J",0.0583797715323418,0,0
95745,"J",0.531834680240558,0,0
95748,"J",0.0225686269536229,0,0
95752,"J",0.437113993463497,0,0
95754,"J",0.100167374178503,0,0
95756,"J",0.00545345943593535,0,0
95761,"J",0.0270579494260642,0,0
95762,"J",0.0222332870030307,0,0
95763,"J",0.620070619513735,1,1
95765,"J",0.223566053484147,0,0
95767,"J",0.436199721122751,1,1
95768,"J",0.00245531740224593,0,0
95770,"J",0.494196168047282,1,1
95771,"J",0.49052160465264,0,1
95772,"J",0.337399998876348,0,1
95773,"J",0.340693848246257,1,1
95775,"J",0.0671826445957476,0,0
95777,"J",0.496002559634024,1,1
95780,"J",0.220534778951514,0,0
95785,"J",0.255104644657943,0,0
95787,"J",0.0306976820533452,0,0
95788,"J",0.00964355124816992,0,0
95789,"J",0.0306438163012176,0,0
95791,"J",0.0398378326074093,0,0
95792,"J",0.00215019293903389,0,0
95793,"J",0.00531038488112198,0,0
95794,"J",0.247554910749992,0,0
95798,"J",0.645717221333377,1,1
95799,"J",0.00311729940493194,0,0
95802,"J",0.143746781487685,1,1
95803,"J",0.019805485777214,0,0
95807,"J",0.0387933409116158,0,0
95809,"J",0.190219021781764,1,1
95811,"J",0.00767374559474682,0,0
95812,"J",0.075908053193546,0,0
95813,"J",0.165819809614893,0,0
95814,"J",0.350415335560143,1,1
95822,"J",0.215086936208557,0,0
95824,"J",0.592437715776451,1,1
95825,"J",0.145591141244533,1,1
95828,"J",0.200205709373236,0,0
95829,"J",0.16651624948131,0,0
95831,"J",0.658126672970275,1,1
95833,"J",0.266047643425028,0,0
95836,"J",0.196458828309869,0,0
95838,"J",0.716120363214907,1,1
95839,"J",0.0392382767709815,0,0
95841,"J",0.0713107003406887,0,0
95843,"J",0.221999781665719,0,0
95844,"J",0.270874225071824,0,0
95846,"J",0.122114861725484,0,0
95848,"J",0.212735158462776,0,0
95849,"J",0.0211704409753167,0,0
95850,"J",0.0555370559880877,0,0
95851,"J",0.0136653857447164,0,0
95853,"J",0.0085061888458906,0,0
95854,"J",0.00663331689907642,0,0
95858,"J",0.0228351408996544,0,0
95860,"J",0.0222196405787233,0,0
95862,"J",0.350591809611132,0,0
95863,"J",0.649520857337177,0,0
95865,"J",0.361398215404136,0,0
95866,"J",0.34375851739475,0,0
95867,"J",0.113797245676642,0,0
95869,"J",0.105144902551646,0,0
95870,"J",0.00688415655216805,0,0
95873,"J",0.446137772988982,1,1
95875,"J",0.654513333194266,0,0
95877,"J",0.0347991114933896,0,0
95880,"J",0.307279083350831,0,0
95881,"J",0.179035004094666,0,0
95882,"J",0.0083547524808012,0,0
95883,"J",0.0806034403016527,0,0
95886,"J",0.491510482844931,0,1
95891,"J",0.0647845489199913,0,0
95896,"J",0.00472449720921623,0,0
95899,"J",0.117946492097201,0,0
95900,"J",0.00622338333076937,0,0
95902,"J",0.202842266527125,0,0
95903,"J",0.00564301182548178,0,0
95904,"J",0.199595924435726,0,0
95908,"J",0.262174576484482,0,0
95910,"J",0.123753352938293,0,0
95911,"J",0.0168300867381607,0,0
95912,"J",0.0304695908211209,0,0
95913,"J",0.0190640894543943,0,0
95914,"J",0.39521716405602,0,0
95915,"J",0.288579040018031,0,0
95917,"J",0.556144749354994,0,0
95919,"J",0.66970909482134,0,0
95922,"J",0.00206166378256063,0,0
95924,"J",0.629426328957999,0,0
95928,"J",0.460478232704489,0,0
95931,"J",0.364836513618343,0,0
95936,"J",0.207380408293184,0,0
95939,"J",0.125987540479257,0,0
95944,"J",0.810522837999725,1,1
95945,"J",0.170148633559252,0,0
95950,"J",0.0164622219364058,0,0
95951,"J",0.00292552646238044,0,0
95952,"J",0.0597469776534129,0,0
95955,"J",0.012189486119974,0,0
95962,"J",0.0559329545112516,0,0
95964,"J",0.0465532823271802,0,0
95966,"J",0.441544188186001,0,0
95968,"J",0.108916027807969,0,0
95969,"J",0.365461786538339,0,0
95971,"J",0.778106231850385,0,1
95973,"J",0.00438702329411646,0,0
95976,"J",0.602261426680397,1,1
95977,"J",0.00499432059133056,0,0
95978,"J",0.440980165844353,1,1
95979,"J",0.116598451872243,0,0
95981,"J",0.431384922426817,1,1
95983,"J",0.189270033536738,0,0
95985,"J",0.169829716960973,1,1
95986,"J",0.0912307236151235,0,0
95988,"J",0.211738986147597,0,0
95990,"J",0.00689590877044849,0,0
95991,"J",0.0840150735647277,0,0
95992,"J",0.139452676489599,1,1
95993,"J",0.374413024311898,0,0
95997,"J",0.394405097758274,0,0
95998,"J",0.0433372859569153,0,0
96000,"J",0.00437674418780957,0,0
96001,"J",0.70650090092571,0,0
96003,"J",0.139121124525838,0,0
96004,"J",0.0216897270568534,0,0
96008,"J",0.042094304712347,0,0
96010,"J",0.0646302285536987,0,0
96011,"J",0.018460968761919,0,0
96014,"J",0.0130543679635586,0,0
96016,"J",0.57303684042338,1,1
96017,"J",0.0525452585666311,0,0
96019,"J",0.247920592855787,1,1
96020,"J",0.152588551194263,0,0
96022,"J",0.0966949783470498,0,0
96023,"J",0.566660673436614,0,0
96025,"J",0.173587644387815,0,0
96027,"J",0.0431618456995337,0,0
96029,"J",0.0801089862821854,0,0
96030,"J",0.393957512277563,0,0
96031,"J",0.00281894636432537,0,0
96033,"J",0.427903956713853,0,0
96034,"J",0.0345498220715151,0,0
96035,"J",0.00451846173906132,0,0
96037,"J",0.824128345419368,1,1
96038,"J",0.200552896032539,1,1
96041,"J",0.295465959710965,1,1
96044,"J",0.655306252024156,0,1
96048,"J",0.299665423867799,0,0
96049,"J",0.566783329196722,0,0
96050,"J",0.115547233713298,0,0
96056,"J",0.00518373438250838,0,0
96061,"J",0.13902044739675,1,1
96063,"J",0.00805942171066682,0,0
96064,"J",0.0461606765623046,0,0
96065,"J",0.226097765261897,0,0
96066,"J",0.195668021787239,0,0
96067,"J",0.167101855454144,0,0
96070,"J",0.138197263988944,1,1
96074,"J",0.0161424485706148,0,0
96077,"J",0.0627604737749279,0,0
96079,"J",0.104459842551009,0,0
96082,"J",0.143227389826081,0,0
96084,"J",0.386631928185726,0,0
96085,"J",0.0249658800704524,0,0
96086,"J",0.431507442875455,0,0
96087,"J",0.247915834241238,0,0
96088,"J",0.000859170065394874,0,0
96089,"J",0.300624368378682,1,1
96090,"J",0.666253261674029,0,0
96091,"J",0.153840433652816,0,0
96092,"J",0.00769747353933219,0,0
96093,"J",0.00385100640485944,0,0
96094,"J",0.498069436822243,0,1
96096,"J",0.148627570353369,0,0
96097,"J",0.0852205997692627,0,0
96098,"J",0.483945764921063,1,1
96099,"J",0.15235633352951,0,0
96100,"J",0.158725784201224,0,0
96103,"J",0.0304374003715794,0,0
96108,"J",0.351960324568541,0,0
96111,"J",0.00654101309419098,0,0
96112,"J",0.624962199182934,0,0
96116,"J",0.0674591955364004,0,0
96117,"J",0.455195277386187,0,0
96120,"J",0.109636253977774,0,0
96121,"J",0.0644640894654754,0,0
96122,"J",0.24575088989738,0,0
96123,"J",0.0605660395349881,0,0
96124,"J",0.231947892716037,1,1
96125,"J",0.00136743547845237,0,0
96130,"J",0.29955647988719,0,0
96133,"J",0.0546893386856422,0,0
96134,"J",0.463754364343549,1,1
96135,"J",0.172837014818834,0,0
96136,"J",0.111152569546463,0,0
96137,"J",0.17380495839743,1,1
96138,"J",0.0145208046111725,0,0
96139,"J",0.00376864058504297,0,0
96140,"J",0.176026177320616,1,1
96141,"J",0.0432630562255258,0,0
96143,"J",0.568365524276398,0,0
96145,"J",0.245564487950823,0,0
96149,"J",0.282438351935095,1,1
96150,"J",0.00516432941491004,0,0
96151,"J",0.126704044585226,0,1
96152,"J",0.238731224544622,0,0
96156,"J",0.0196566377008991,0,0
96158,"J",0.0263119546115076,0,0
96159,"J",0.671532093074416,0,0
96160,"J",0.197288829813306,0,0
96162,"J",0.141842848021811,0,0
96163,"J",0.0190769716681274,0,0
96164,"J",0.272724150093621,1,1
96165,"J",0.412589019429455,0,1
96169,"J",0.409537237583297,1,1
96170,"J",0.665168318560162,1,1
96171,"J",0.19133821984019,0,0
96172,"J",0.109774636435185,0,0
96175,"J",0.201523279265045,0,0
96178,"J",0.134388793658122,0,0
96179,"J",0.0812510698161013,0,0
96181,"J",0.228139309019585,1,1
96184,"J",0.426492891297006,0,0
96185,"J",0.494081674871211,1,1
96186,"J",0.416934974743498,0,0
96188,"J",0.260487294740907,0,0
96189,"J",0.809891713389068,1,1
96190,"J",0.0699093411761752,0,0
96191,"J",0.178490338374853,1,1
96196,"J",0.265336914647286,0,0
96198,"J",0.00406428521808513,0,0
96205,"J",0.076926036328864,0,0
96210,"J",0.668082310433069,1,1
96216,"J",0.0359684818367685,0,0
96217,"J",0.124958154767552,0,0
96219,"J",0.308774541105171,0,0
96221,"J",0.268743770198846,0,0
96222,"J",0.0470811939919164,0,0
96223,"J",0.39154104303965,1,1
96224,"J",0.042566158358163,0,0
96226,"J",0.0110533352651326,0,0
96229,"J",0.000944259436958034,0,0
96230,"J",0.438122856459656,0,0
96234,"J",0.0717282744499302,0,0
96236,"J",0.385525905535557,1,1
96237,"J",0.246851628088432,0,0
96239,"J",0.21988062065346,0,0
96240,"J",0.17539948824288,0,0
96244,"J",0.0208561850585232,0,0
96245,"J",0.353123098491801,1,1
96249,"J",0.164429336807172,1,1
96250,"J",0.018234109807543,0,0
96253,"J",0.154372668258372,0,0
96257,"J",0.0621905117529359,1,1
96265,"J",0.56608735785956,1,1
96266,"J",0.101701325229929,1,1
96269,"J",0.0264698279833776,0,0
96270,"J",0.0160963696733049,0,0
96271,"J",0.361772444783595,0,0
96272,"J",0.11582673509608,0,0
96275,"J",0.00241299415726725,0,0
96276,"J",0.458080413918763,1,1
96279,"J",0.221650298930083,1,1
96282,"J",0.143626412741787,0,0
96283,"J",0.0217826180164057,0,0
96284,"J",0.565934569914865,0,0
96287,"J",0.275389521164493,1,1
96290,"J",0.187898813879866,0,0
96291,"J",0.164474464781978,0,0
96293,"J",0.264136075452649,0,0
96295,"J",0.0530241640794408,0,0
96296,"J",0.192632582046013,0,0
96297,"J",0.0192626750983713,0,0
96299,"J",0.00266024257238109,0,0
96301,"J",0.386291470742415,0,0
96302,"J",0.234832887100554,0,0
96304,"J",0.657143303385458,0,0
96306,"J",0.341835840273246,0,0
96308,"J",0.413913730476601,0,0
96309,"J",0.339678036756254,1,1
96310,"J",0.134206586891329,0,0
96312,"J",0.00997471694939677,0,0
96317,"J",0.460129253243814,0,0
96319,"J",0.363662395567681,0,0
96320,"J",0.237589067402818,0,0
96321,"J",0.196460609272196,0,0
96322,"J",0.0220863401713775,0,0
96323,"J",0.219279030416744,0,1
96325,"J",0.014104718185076,0,0
96329,"J",0.0180256564323968,0,0
96330,"J",0.516868304442643,1,1
96332,"J",0.0389672779079052,0,0
96333,"J",0.114173939807515,1,1
96335,"J",0.367438584544176,1,1
96337,"J",0.0040988052457138,0,0
96339,"J",0.200518892266237,0,0
96340,"J",0.0766610881302056,1,1
96342,"J",0.211435501482504,1,1
96344,"J",0.18552933096456,0,0
96346,"J",0.0345425120138606,0,0
96348,"J",0.0440920440098762,0,0
96349,"J",0.730392019593121,1,1
96351,"J",0.0459692566821524,0,0
96352,"J",0.549015672730601,1,1
96355,"J",0.00242433365754164,0,0
96357,"J",0.176538000778351,0,0
96358,"J",0.163614399746631,0,0
96360,"J",0.0837353730985661,0,0
96362,"J",0.300044204589104,0,0
96365,"J",0.029584628107766,0,0
96366,"J",0.747483077201155,1,1
96367,"J",0.079531622107308,0,0
96368,"J",0.0200207839727075,0,0
96370,"J",0.0307255967177199,0,0
96372,"J",0.0979873596099787,1,1
96373,"J",0.393671933119679,0,0
96377,"J",0.0626141231403985,0,0
96379,"J",0.00857122941698073,0,0
96380,"J",0.0338201758675821,0,0
96382,"J",0.00460383468253641,0,0
96385,"J",0.100072358021032,0,0
96389,"J",0.141085581100358,0,0
96390,"J",0.203108366417693,0,0
96392,"J",0.0335659408891435,0,0
96393,"J",0.183480697254135,0,0
96396,"J",0.0287680368441581,0,0
96398,"J",0.0405035198928927,0,0
96399,"J",0.13275019389207,0,0
96400,"J",0.00950722848932724,0,0
96403,"J",0.00400535986650062,0,0
96404,"J",0.0384242743928192,0,0
96405,"J",0.00570415831117956,0,0
96406,"J",0.442392838779694,1,1
96408,"J",0.136499648268436,0,0
96411,"J",0.062748623425746,0,0
96413,"J",0.290356746416116,0,0
96415,"J",0.041327365581085,0,0
96416,"J",0.0736906143015425,0,0
96417,"J",0.0393637126461917,0,0
96420,"J",0.0988895656243919,0,0
96422,"J",0.372536228492063,1,1
96428,"J",0.0374459762392931,0,0
96431,"J",0.612938854292872,1,1
96432,"J",0.0379399540729968,0,0
96433,"J",0.0307271351034742,0,0
96436,"J",0.605874646953715,1,1
96441,"J",0.0948876198745769,0,0
96443,"J",0.000875803701021803,0,0
96445,"J",0.691653822449552,0,0
96446,"J",0.0918482261605192,0,0
96448,"J",0.0311506558124824,0,0
96449,"J",0.599233593994175,1,1
96450,"J",0.389362542556589,0,0
96452,"J",0.02753153439793,0,0
96453,"J",0.012754198200113,0,0
96455,"J",0.0301788428337942,0,0
96456,"J",0.0222321670793863,0,0
96457,"J",0.219650762795415,0,0
96462,"J",0.206765112367278,0,0
96463,"J",0.0146628449431443,0,0
96465,"J",0.0993566300628556,0,0
96468,"J",0.510145942937606,0,0
96469,"J",0.0240760969356771,0,0
96470,"J",0.124889958178371,0,0
96471,"J",0.230656873093245,0,0
96473,"J",0.114084787418797,1,1
96474,"J",0.0167535728303192,0,0
96475,"J",0.317718461914863,1,1
96477,"J",0.322941961313669,0,0
96479,"J",0.0490638126075288,0,0
96480,"J",0.147928620519284,0,0
96481,"J",0.0531335204835899,0,0
96483,"J",0.0594761014806847,0,0
96484,"J",0.00523381993572479,0,0
96485,"J",0.00682981950129835,0,0
96486,"J",0.380694251487181,0,0
96488,"J",0.401026968835369,0,0
96489,"J",0.281913731187437,1,1
96490,"J",0.0117641327958594,1,1
96491,"J",0.605242902129755,1,1
96495,"J",0.00266276102318129,0,0
96500,"J",0.00330034191069358,0,0
96501,"J",0.735136521445387,1,1
96502,"J",0.187794821684588,0,0
96503,"J",0.388477529543923,0,1
96505,"J",0.146715796254061,0,0
96508,"J",0.174641542881285,0,0
96509,"J",0.00833892079270433,0,0
96510,"J",0.0147059546711545,0,0
96511,"J",0.170527174736608,0,0
96512,"J",0.44323285476791,0,0
96513,"J",0.00469286626403757,0,0
96514,"J",0.07189467982781,0,0
96515,"J",0.0481649300814222,0,0
96517,"J",0.149658002555681,0,0
96519,"J",0.0147341092243651,0,0
96522,"J",0.0313493962658675,0,0
96523,"J",0.0210808034333437,0,0
96525,"J",0.104752473576526,0,0
96529,"J",0.241141448256544,1,1
96532,"J",0.350220080766184,0,0
96534,"J",0.122194138409333,0,0
96537,"J",0.13824310516041,0,0
96538,"J",0.207666930191712,0,0
96540,"J",0.252768110157906,0,0
96543,"J",0.0344699769419774,0,0
96547,"J",0.11120502940361,1,1
96548,"J",0.0122668501448782,0,0
96551,"J",0.201745200461885,0,0
96552,"J",0.0282531379413164,0,0
96553,"J",0.584526864414898,0,0
96554,"J",0.23445043705607,0,0
96555,"J",0.0981609695679932,1,1
96557,"J",0.118025025198165,0,0
96558,"J",0.0288772348709964,0,0
96560,"J",0.0541233705186026,0,0
96561,"J",0.282183473332709,1,1
96566,"J",0.00402311574956507,0,0
96568,"J",0.109647933929556,0,0
96569,"J",0.167660830517951,0,0
96571,"J",0.316138114970963,0,0
96573,"J",0.014352212930299,0,0
96574,"J",0.00801292067196615,0,0
96576,"J",0.182962884747294,0,0
96578,"J",0.320514357382513,1,1
96580,"J",0.0288547394310353,0,0
96582,"J",0.052674992330084,0,0
96585,"J",0.350425625772385,1,1
96586,"J",0.678470082692729,0,0
96587,"J",0.120633727873669,1,1
96588,"J",0.0361968241609637,0,0
96590,"J",0.0397057534129257,0,0
96592,"J",0.412800238766453,1,1
96593,"J",0.00814148384864117,0,0
96595,"J",0.187044863209559,1,1
96596,"J",0.11512500366921,0,0
96598,"J",0.545902455762544,1,1
96599,"J",0.569791129456693,0,0
96600,"J",0.0234166165088566,0,0
96602,"J",0.24145468552938,0,0
96603,"J",0.627354480774215,1,1
96607,"J",0.447490508469468,1,1
96609,"J",0.0401558392266213,0,0
96614,"J",0.0856378346429927,0,0
96615,"J",0.582576752584179,0,0
96616,"J",0.074938629951441,0,0
96618,"J",0.0542184987499626,0,0
96619,"J",0.00455888017258215,0,0
96622,"J",0.260294295520336,0,0
96623,"J",0.0877807443470982,0,0
96624,"J",0.0815309595013321,0,0
96625,"J",0.0361795505822894,0,0
96626,"J",0.00831903486206109,0,0
96628,"J",0.0164330554427917,0,0
96629,"J",0.101590156030869,0,0
96630,"J",0.443866493246852,1,1
96631,"J",0.0396958863310889,0,0
96633,"J",0.194246888901395,0,0
96634,"J",0.389389813985464,1,1
96636,"J",0.036377184198224,0,0
96638,"J",0.129811828417257,0,0
96639,"J",0.270195890526326,0,0
96641,"J",0.0134040530552626,0,0
96642,"J",0.267366340005743,0,0
96644,"J",0.509738581537383,0,0
96646,"J",0.145076402588602,0,0
96649,"J",0.470914815148201,0,0
96651,"J",0.429006978797095,0,0
96652,"J",0.579297510006991,0,0
96654,"J",0.107670784187854,0,0
96656,"J",0.0201750962082604,0,0
96658,"J",0.0813044526326426,0,0
96659,"J",0.0397175805662718,0,0
96660,"J",0.114436666527165,0,0
96661,"J",0.0151491330838109,0,0
96663,"J",0.0008614274288349,0,0
96666,"J",0.728605667865504,0,0
96667,"J",0.846447278258292,0,0
96669,"J",0.0512337647404838,0,0
96671,"J",0.0201736693907504,0,0
96672,"J",0.0131116446028466,0,0
96674,"J",0.018207532581026,0,0
96677,"J",0.0175806076072601,0,0
96679,"J",0.00292989128909615,0,0
96681,"J",0.0227265311771939,0,0
96687,"J",0.182705474663574,1,1
96688,"J",0.491385570338364,1,1
96692,"J",0.00513404026482425,0,0
96694,"J",0.0315348038854746,0,0
96697,"J",0.00919997064519047,0,0
96698,"J",0.0395901372147203,0,0
96699,"J",0.244111398790807,0,0
96700,"J",0.333036728081604,0,0
96701,"J",0.105846221125489,0,0
96704,"J",0.436147022293626,0,0
96705,"J",0.0073156060104547,0,0
96706,"J",0.0672290026564541,0,0
96708,"J",0.145682852815516,0,0
96711,"J",0.0752362246032594,0,0
96712,"J",0.638753141950633,0,0
96718,"J",0.124540451988298,0,0
96719,"J",0.202659315537514,0,0
96720,"J",0.157950236002092,0,0
96721,"J",0.19827091646561,0,1
96722,"J",0.735234651820004,0,0
96723,"J",0.00644461108385312,0,0
96725,"J",0.0187385561140761,0,0
96727,"J",0.628531027409334,1,1
96730,"J",0.0237706540299723,0,0
96731,"J",0.0445867443361715,0,0
96732,"J",0.375013751359533,1,1
96736,"J",0.24422575563981,1,1
96737,"J",0.05148842572965,0,0
96740,"J",0.121210008394274,1,1
96743,"J",0.0797650785668424,0,0
96744,"J",0.216195782320918,0,1
96745,"J",0.887750743141959,0,0
96748,"J",0.0428197787723325,0,1
96750,"J",0.270606097091041,0,0
96753,"J",0.367175324280199,0,0
96754,"J",0.293929000064584,0,0
96756,"J",0.0030630844402622,0,0
96758,"J",0.564992764410734,1,1
96760,"J",0.249023622856647,0,0
96764,"J",0.0189281402150098,0,0
96766,"J",0.312877104976796,0,0
96768,"J",0.0600998880510292,0,0
96770,"J",0.347513053540542,0,0
96771,"J",0.35467969367738,0,0
96774,"J",0.0126617193575219,0,0
96775,"J",0.0930449284457464,0,0
96777,"J",0.359340085108626,0,0
96780,"J",0.146536070001187,0,0
96783,"J",0.0998386435527639,0,0
96784,"J",0.37664150069775,1,1
96787,"J",0.108200736592956,0,0
96788,"J",0.0633480685622031,0,0
96789,"J",0.230824203031238,1,1
96792,"J",0.229892883043257,0,0
96793,"J",0.131070524690568,0,0
96795,"J",0.00878138526938378,0,0
96798,"J",0.634991155717283,1,1
96799,"J",0.403435643062709,1,1
96800,"J",0.157006902172039,0,0
96804,"J",0.83646883342301,0,0
96805,"J",0.382987202043479,0,0
96809,"J",0.463259721072197,0,0
96810,"J",0.0756497459056709,0,0
96812,"J",0.534665272237494,1,1
96813,"J",0.131278747410795,0,0
96815,"J",0.279412896049743,0,0
96816,"J",0.264311147292038,1,1
96818,"J",0.0245555258543417,0,0
96820,"J",0.0601063393268305,0,0
96821,"J",0.00718703952531183,0,0
96826,"J",0.020734248883965,0,0
96829,"J",0.0363587156490461,0,0
96830,"J",0.159277045737798,0,0
96833,"J",0.281952783434986,1,1
96834,"J",0.705479011521666,1,1
96835,"J",0.153453237835417,0,0
96836,"J",0.748381062412466,1,1
96838,"J",0.0685803380584378,0,0
96839,"J",0.0323796448321431,0,0
96840,"J",0.229951731691985,0,0
96841,"J",0.0722423170873537,0,0
96842,"J",0.500585412515022,0,0
96844,"J",0.462169971343193,0,1
96847,"J",0.0140433765825506,0,0
96848,"J",0.21192763891318,0,0
96851,"J",0.199855036048224,1,1
96852,"J",0.0860520861337054,0,0
96855,"J",0.629983450626282,1,1
96860,"J",0.00143934086497597,0,0
96862,"J",0.202231970663938,0,0
96863,"J",0.172241612866355,0,0
96865,"J",0.0148468348231433,0,0
96866,"J",0.546261768591017,1,1
96869,"J",0.763275203198474,1,1
96871,"J",0.201272520331097,0,0
96874,"J",0.190904133957573,0,0
96875,"J",0.428721467670195,0,0
96876,"J",0.667914203836282,1,1
96877,"J",0.112462921151483,0,1
96878,"J",0.353247861130332,0,0
96882,"J",0.112427283579479,0,0
96884,"J",0.0854355990476307,0,0
96885,"J",0.0288576594669096,0,0
96887,"J",0.232928643490497,0,0
96890,"J",0.00546972291569034,0,0
96891,"J",0.139322999881877,0,0
96892,"J",0.109044805567119,0,0
96893,"J",0.0466096555139015,0,0
96894,"J",0.315951912036014,0,0
96895,"J",0.049561968447516,0,0
96896,"J",0.344592862334067,1,1
96898,"J",0.114464994200222,0,0
96899,"J",0.00224222002488583,0,0
96901,"J",0.0107778386790728,0,0
96902,"J",0.212262169144959,0,0
96906,"J",0.26318005805673,0,0
96907,"J",0.0179145631524458,0,0
96908,"J",0.401886796933397,1,1
96912,"J",0.146017679006663,0,0
96913,"J",0.0164951953189352,0,0
96915,"J",0.152916124718687,1,1
96916,"J",0.135441140301582,0,0
96921,"J",0.722487055310728,0,0
96922,"J",0.115644380852957,0,0
96925,"J",0.0261207797362251,0,0
96926,"J",0.0678395919664836,0,0
96927,"J",0.228910038242243,0,0
96928,"J",0.287494445061241,1,1
96930,"J",0.040383878740275,0,0
96933,"J",0.0772289627995387,0,0
96934,"J",0.194233248651623,0,0
96935,"J",0.247079559300314,0,0
96938,"J",0.503893841166546,0,0
96939,"J",0.0235215951660157,0,0
96940,"J",0.0573496318343644,0,0
96941,"J",0.0249903289875099,0,0
96944,"J",0.148950304652672,0,0
96946,"J",0.596928017048971,1,1
96951,"J",0.0627034218059359,0,0
96952,"J",0.0979216028874206,0,0
96953,"J",0.474163664622039,0,0
96954,"J",0.343586504348712,1,1
96955,"J",0.401454061959807,1,1
96958,"J",0.017921442325681,0,0
96959,"J",0.0853842163320407,0,0
96960,"J",0.58923008219944,0,0
96962,"J",0.507621155944685,0,0
96964,"J",0.299782109891612,0,0
96965,"J",0.157942701381211,0,0
96967,"J",0.00456408390916325,0,0
96969,"J",0.115592730281213,0,0
96970,"J",0.159371824605513,1,1
96972,"J",0.18736868239904,0,0
96976,"J",0.0786086614240887,0,0
96978,"J",0.15052207609443,0,0
96979,"J",0.0506002527794729,0,0
96983,"J",0.261538066895031,0,0
96984,"J",0.0305365463119485,0,0
96985,"J",0.373159821278791,0,0
96990,"J",0.0319438641649507,0,0
96992,"J",0.0152356539589657,0,0
96993,"J",0.437027261437121,0,0
96994,"J",0.793575010877142,0,0
96996,"J",0.0826578844653714,0,0
96998,"J",0.714886316632483,1,1
97000,"J",0.0341052467275407,0,0
97003,"J",0.000686133953225932,0,0
97011,"J",0.00642567209237512,0,0
97013,"J",0.219967544814325,0,0
97015,"J",0.6549323313816,1,1
97017,"J",0.312536280174688,0,0
97018,"J",0.016173741983977,0,0
97021,"J",0.00389577879153966,0,0
97022,"J",0.228826421691743,0,0
97023,"J",0.371653874077062,0,0
97024,"J",0.179155615387555,0,0
97025,"J",0.0171752994079065,1,1
97026,"J",0.141174400965026,1,1
97027,"J",0.0120281829093623,0,0
97029,"J",0.30932195451662,0,0
97030,"J",0.11364912387239,0,0
97031,"J",0.302501577718659,0,0
97032,"J",0.0207950576580364,0,0
97034,"J",0.00379004813120682,0,0
97035,"J",0.0841421834324709,0,0
97036,"J",0.00399972181732306,0,0
97039,"J",0.696013819764781,1,1
97040,"J",0.310787774802645,1,1
97041,"J",0.00363046866856586,0,0
97042,"J",0.00984260051599817,0,0
97044,"J",0.00718720396020925,0,0
97046,"J",0.616764356515804,0,0
97048,"J",0.0169715342814767,0,0
97049,"J",0.171206920181446,0,0
97051,"J",0.280057244335043,0,0
97054,"J",0.0964877418290377,0,0
97055,"J",0.624646782074757,0,0
97056,"J",0.503886751038272,1,1
97057,"J",0.00510165132818613,0,0
97058,"J",0.352689047103677,1,1
97059,"J",0.132255117084939,0,0
97060,"J",0.00134416193563565,0,0
97063,"J",0.0144533370058197,0,0
97064,"J",0.0390146039881269,0,0
97065,"J",0.0904076199939464,0,1
97067,"J",0.1336074052281,0,0
97071,"J",0.0710449590819561,0,0
97077,"J",0.731054274856708,0,0
97078,"J",0.0130044334367243,0,0
97088,"J",0.197373378792021,0,0
97092,"J",0.0328958835120524,0,0
97093,"J",0.0199333183427249,0,0
97094,"J",0.022893273476263,0,0
97095,"J",0.184429510208158,0,0
97096,"J",0.603120367034015,0,0
97097,"J",0.486739432666619,1,1
97099,"J",0.0689409479285462,1,1
97100,"J",0.00659721708262811,0,0
97102,"J",0.0407536455006242,0,0
97104,"J",0.207474628999139,0,0
97105,"J",0.131292851736325,0,0
97106,"J",0.00109358733208061,0,0
97108,"J",0.393190308453143,0,0
97111,"J",0.29923125383692,0,0
97115,"J",0.594497700461417,1,1
97116,"J",0.0210505282484319,0,0
97117,"J",0.49158655673521,1,1
97118,"J",0.475328844075394,0,0
97121,"J",0.0641140924595284,0,0
97122,"J",0.1472576999573,0,0
97123,"J",0.114346145551144,0,0
97124,"J",0.406843020340541,0,0
97125,"J",0.156881859955869,0,0
97128,"J",0.0209381551646395,0,0
97129,"J",0.016347247579099,0,0
97131,"J",0.151642562124872,0,0
97133,"J",0.371622266199675,1,1
97137,"J",0.0325592401006044,0,0
97138,"J",0.0156572209697221,0,0
97139,"J",0.0256255845056559,0,0
97142,"J",0.192577099547039,0,1
97143,"J",0.33383450687669,1,1
97145,"J",0.0303246370954402,0,0
97147,"J",0.0160662187450315,0,0
97149,"J",0.0328254310651499,0,0
97150,"J",0.359484880363671,0,0
97153,"J",0.030407396491717,0,0
97155,"J",0.212446712448585,0,0
97156,"J",0.170620136603602,0,1
97157,"J",0.00399781706236524,0,0
97163,"J",0.144365579699602,0,0
97164,"J",0.0539770031647123,0,0
97165,"J",0.484319719050469,0,0
97166,"J",0.0328541231054053,0,0
97168,"J",0.0624247487190527,0,0
97169,"J",0.676118793119608,0,1
97171,"J",0.164941408840296,1,1
97174,"J",0.00633884007900002,0,0
97176,"J",0.117500587541224,0,0
97177,"J",0.136436626628335,0,0
97180,"J",0.100276144162464,0,0
97181,"J",0.419861703593234,1,1
97183,"J",0.00893396714031878,0,0
97186,"J",0.557133258548956,1,1
97189,"J",0.396366585164381,1,1
97191,"J",0.0404962471407514,0,0
97192,"J",0.219727416705985,0,0
97193,"J",0.123750880465328,0,0
97194,"J",0.257459745093032,1,1
97197,"J",0.193488339347422,0,0
97198,"J",0.247533928087503,0,0
97200,"J",0.111813425409244,0,0
97201,"J",0.052861866963141,0,0
97204,"J",0.123382604006908,0,0
97206,"J",0.143748051895914,0,0
97208,"J",0.00738279538076025,0,0
97209,"J",0.0603961649529029,0,0
97210,"J",0.127606460313993,1,1
97215,"J",0.356701746897776,1,1
97216,"J",0.817572113133216,1,1
97217,"J",0.00934135072724395,0,0
97223,"J",0.00238088508563311,0,0
97224,"J",0.106566722296139,0,0
97228,"J",0.280631761666823,0,0
97229,"J",0.100894230466505,0,0
97231,"J",0.0140585724717211,0,0
97233,"J",0.603060911426391,1,1
97234,"J",0.174440498400635,0,0
97235,"J",0.0716217766100485,0,0
97236,"J",0.0529534945755202,0,0
97242,"J",0.289035743289665,0,0
97245,"J",0.0222470883009194,0,0
97247,"J",0.185980818900513,0,0
97248,"J",0.285619661744926,0,0
97249,"J",0.0177507109759406,0,0
97250,"J",0.00638245175118597,0,0
97251,"J",0.163252127934232,0,0
97252,"J",0.209786442045578,0,0
97253,"J",0.676068049484361,0,0
97255,"J",0.0121313321633955,0,0
97256,"J",0.0576063752334548,0,0
97257,"J",0.00924414205101776,0,0
97259,"J",0.0844611716280299,0,0
97260,"J",0.044568671993928,0,0
97264,"J",0.629970703886034,1,1
97266,"J",0.0270977556009129,0,0
97268,"J",0.426063985453093,1,1
97270,"J",0.0852015127205574,0,0
97272,"J",0.524380984617423,0,0
97275,"J",0.0511257888736875,0,0
97277,"J",0.357641082777929,0,0
97278,"J",0.00988864674485728,0,0
97280,"J",0.0857517002807095,1,1
97284,"J",0.178522129148259,0,0
97289,"J",0.0134743045096413,0,0
97293,"J",0.00941958689749728,0,0
97297,"J",0.21246907707118,0,0
97299,"J",0.111903969506167,0,0
97301,"J",0.223351287617077,0,0
97304,"J",0.0252877814521448,0,0
97305,"J",0.0539654933147171,0,0
97306,"J",0.00698643957347004,0,0
97307,"J",0.696165114019037,1,1
97308,"J",0.297693689878927,0,0
97316,"J",0.0539208251562515,0,0
97319,"J",0.0261441980011961,0,0
97320,"J",0.322031618358914,0,0
97321,"J",0.104991609577495,0,0
97322,"J",0.184689215151299,0,0
97323,"J",0.408320567682294,0,0
97325,"J",0.0184808107406002,0,0
97326,"J",0.275104422988259,0,0
97327,"J",0.279736300490524,0,0
97330,"J",0.69947962278684,1,1
97332,"J",0.0599159593417213,0,0
97333,"J",0.0337596625257387,0,0
97334,"J",0.0741199247641069,0,0
97336,"J",0.0640214658779916,0,0
97337,"J",0.328629398134411,0,0
97338,"J",0.0962250966603205,0,0
97339,"J",0.138028594939973,0,0
97343,"J",0.0272431892846076,0,0
97348,"J",0.431776769483058,0,0
97349,"J",0.0789125476632748,0,0
97352,"J",0.0101229964735214,0,0
97353,"J",0.0556407200659541,0,0
97354,"J",0.159724677395762,0,0
97356,"J",0.0237259424172906,0,0
97357,"J",0.728135015552442,0,0
97360,"J",0.470537362840736,0,0
97361,"J",0.204826426300638,0,0
97362,"J",0.00130276508088547,0,0
97364,"J",0.0198319828018234,0,0
97365,"J",0.0137065013155802,0,0
97367,"J",0.142816672903473,0,0
97370,"J",0.0993713061410488,0,0
97371,"J",0.113008280570485,0,0
97373,"J",0.146355357024572,0,0
97374,"J",0.59992051910195,0,0
97375,"J",0.724070575546509,1,1
97379,"J",0.0167829798583727,0,0
97381,"J",0.730999322114751,0,0
97382,"J",0.0246576046210062,0,0
97383,"J",0.0843787764862317,0,0
97384,"J",0.0281780937416087,0,0
97386,"J",0.850014366489562,1,1
97389,"J",0.429221974448114,0,0
97390,"J",0.381401967243775,0,0
97391,"J",0.340097593234479,0,0
97396,"J",0.22953381092146,0,0
97397,"J",0.284235562114964,0,0
97398,"J",0.453615641922834,0,0
97402,"J",0.0044372089426976,0,0
97403,"J",0.645573978286134,1,1
97407,"J",0.489063566939464,0,0
97408,"J",0.593598477931226,0,0
97409,"J",0.0852000784304357,0,0
97410,"J",0.0140696269346033,0,0
97412,"J",0.246707103382744,0,0
97415,"J",0.0689696076496958,1,1
97417,"J",0.243184426990482,1,1
97418,"J",0.0939783756258235,0,0
97419,"J",0.0623313073169278,0,0
97422,"J",0.0901757034623837,0,0
97423,"J",0.0273520730488044,0,0
97424,"J",0.0182083744715597,0,0
97428,"J",0.305066885447446,0,0
97429,"J",0.0756434207619945,0,0
97430,"J",0.0179184134953848,0,0
97436,"J",0.10917107648413,0,0
97437,"J",0.0894963311121351,0,0
97441,"J",0.453761000799848,0,0
97443,"J",0.0549510659394947,0,0
97444,"J",0.33412318393925,1,1
97445,"J",0.191161498216692,0,0
97446,"J",0.271885677408038,0,0
97449,"J",0.055663537223571,0,0
97450,"J",0.00909854597030475,0,0
97451,"J",0.0417250558732257,0,0
97452,"J",0.078472980433647,0,0
97455,"J",0.153194265337122,0,1
97456,"J",0.0455961545238535,0,0
97458,"J",0.0278338793313376,0,0
97460,"J",0.120506087692106,0,0
97463,"J",0.0055938667289319,0,0
97464,"J",0.663227156230967,1,1
97465,"J",0.0648821687116679,0,0
97468,"J",0.0179975081959405,0,0
97469,"J",0.0187038399368103,0,0
97471,"J",0.120412640617529,1,1
97472,"J",0.16117534573267,0,0
97473,"J",0.0593303140965125,0,0
97474,"J",0.00929559949748086,0,0
97478,"J",0.176669203810177,1,1
97481,"J",0.723937183712041,0,0
97482,"J",0.634417958882152,1,1
97484,"J",0.145184506579084,0,0
97485,"J",0.00397815154512605,0,0
97486,"J",0.668723087023099,0,1
97487,"J",0.0445703190136508,0,0
97488,"J",0.661909623976303,0,0
97492,"J",0.0158553284311918,1,1
97495,"J",0.647579789306864,0,0
97497,"J",0.00289089289747177,0,0
97501,"J",0.149584587509252,0,0
97505,"J",0.187857215252987,1,1
97506,"J",0.500052894817295,1,1
97507,"J",0.000870480918609367,0,0
97509,"J",0.0399082776569338,0,0
97510,"J",0.236924883366113,0,0
97512,"J",0.0743843969446667,1,1
97513,"J",0.373684938386467,0,0
97516,"J",0.119079062164614,0,0
97518,"J",0.263588407573703,0,0
97520,"J",0.539510685853361,0,0
97521,"J",0.309574887991912,0,0
97522,"J",0.00242199155072055,0,0
97523,"J",0.117284613528232,0,0
97524,"J",0.0168252769697547,0,0
97527,"J",0.141675801417555,0,0
97532,"J",0.00413315748094602,0,0
97533,"J",0.00903774284756783,0,0
97535,"J",0.230968387567944,0,1
97536,"J",0.125896131986914,0,0
97538,"J",0.350595233320973,0,0
97539,"J",0.149217311605612,1,1
97548,"J",0.0208720070583512,0,0
97550,"J",0.0087094974281975,0,0
97554,"J",0.10572771719585,0,0
97555,"J",0.220339006244979,0,0
97557,"J",0.407472487358601,1,1
97558,"J",0.0257653656609448,0,0
97560,"J",0.197961179898988,0,0
97561,"J",0.0589629786488544,0,0
97563,"J",0.346809199028266,0,0
97568,"J",0.160908137369761,0,0
97569,"J",0.0299570990475003,0,0
97570,"J",0.433455387546596,0,0
97571,"J",0.0303007950737315,0,0
97572,"J",0.0698738309105496,0,0
97573,"J",0.104620109446736,0,0
97574,"J",0.0850213315748966,0,0
97575,"J",0.000805762656617435,0,0
97576,"J",0.06770363134938,0,0
97577,"J",0.252272511610497,0,0
97578,"J",0.0831613313932573,0,0
97580,"J",0.0188194942472989,0,0
97582,"J",0.435338043112047,1,1
97585,"J",0.00133480711522175,0,0
97588,"J",0.267574062996705,0,1
97591,"J",0.00895044966906208,0,0
97592,"J",0.193132203315737,0,1
97593,"J",0.555219956050148,0,0
97594,"J",0.0580342679646506,0,0
97595,"J",0.00579689589656789,0,0
97597,"J",0.145953635889836,0,0
97598,"J",0.0935488047398277,0,0
97600,"J",0.0140748651250505,0,0
97602,"J",0.137010532243882,0,0
97605,"J",0.0600705746223028,0,0
97606,"J",0.299486635116316,0,0
97608,"J",0.31201310412246,1,1
97609,"J",0.31003167347385,1,1
97610,"J",0.009490273449241,0,0
97611,"J",0.556347931096906,1,1
97617,"J",0.00235935541690241,0,0
97618,"J",0.145388378344348,0,0
97619,"J",0.12065858330136,1,1
97620,"J",0.31614251292623,0,1
97623,"J",0.408201084383353,0,1
97624,"J",0.00857999167777568,0,0
97626,"J",0.0966966543780132,0,0
97627,"J",0.074761491400833,0,0
97630,"J",0.631045736022235,1,1
97635,"J",0.099875009345058,0,0
97638,"J",0.0685145608193048,0,0
97640,"J",0.259311607854063,0,0
97641,"J",0.0513460730380131,0,0
97642,"J",0.412254553012344,0,0
97643,"J",0.166296551774561,0,0
97644,"J",0.0159092909836667,0,1
97648,"J",0.0971337769349969,0,0
97650,"J",0.460365537476742,0,0
97656,"J",0.831694851741363,1,1
97657,"J",0.0199121190521567,0,0
97659,"J",0.291354295203941,0,0
97662,"J",0.129412296567789,0,0
97666,"J",0.131754523348917,0,0
97667,"J",0.587996875616918,0,0
97670,"J",0.00661324053189562,0,0
97672,"J",0.186753274293699,0,0
97675,"J",0.0818832237118939,0,0
97676,"J",0.184893422552501,0,0
97683,"J",0.0715829341573529,0,0
97684,"J",0.233814172513785,0,0
97685,"J",0.0406340578886713,0,0
97688,"J",0.591943411951629,1,1
97689,"J",0.162268217316069,0,0
97691,"J",0.018394024054935,0,0
97692,"J",0.00837984804422333,0,0
97695,"J",0.355929232975647,1,1
97699,"J",0.200888971211369,0,0
97701,"J",0.0822795031383777,0,1
97702,"J",0.0176483369536137,0,0
97703,"J",0.0146418489129994,0,0
97704,"J",0.0729583426535832,0,0
97705,"J",0.0169509824950398,0,0
97706,"J",0.0871240699073035,1,1
97708,"J",0.148804236375294,0,0
97709,"J",0.0165821739726514,0,0
97711,"J",0.0996316688035018,0,0
97712,"J",0.576998187048229,1,1
97713,"J",0.251116952033725,0,0
97714,"J",0.0473957163333258,0,0
97716,"J",0.00282386614462217,0,0
97719,"J",0.276757036268402,0,0
97722,"J",0.00166368485591832,0,0
97726,"J",0.0973973439009123,0,0
97727,"J",0.737668201878676,0,0
97728,"J",0.0993627913002213,0,0
97735,"J",0.0280612652278004,0,0
97737,"J",0.0221861030573423,0,0
97739,"J",0.0259353732886486,0,0
97741,"J",0.00533123858325068,0,0
97744,"J",0.0738693484965585,0,0
97745,"J",0.213864876137947,0,0
97746,"J",0.145900286265255,0,0
97747,"J",0.0920992473484059,0,0
97748,"J",0.145780740697084,0,0
97750,"J",0.515982741096609,0,1
97751,"J",0.130310783655941,0,0
97752,"J",0.337970467300198,1,1
97753,"J",0.234856538804344,0,0
97756,"J",0.0300288827661433,0,0
97758,"J",0.557856219823063,0,0
97760,"J",0.130255186535117,0,1
97761,"J",0.153724218631268,0,0
97762,"J",0.331064753357369,0,0
97765,"J",0.180123481300332,0,0
97766,"J",0.560021901208086,0,0
97768,"J",0.0857493883895003,0,0
97769,"J",0.22507601530601,0,0
97770,"J",0.690337396312116,0,0
97774,"J",0.00550388797620873,0,0
97775,"J",0.405844866213349,1,1
97776,"J",0.286356177148316,0,0
97777,"J",0.161624314547082,0,0
97782,"J",0.029398063927932,0,0
97783,"J",0.304831690546392,0,0
97784,"J",0.0289689395462439,0,0
97787,"J",0.0498719778647525,0,0
97788,"J",0.091663633609495,0,0
97794,"J",0.0345604485238112,0,0
97795,"J",0.00815213900489144,0,0
97801,"J",0.0580564294908302,0,0
97802,"J",0.250018235613306,1,1
97809,"J",0.797637202143962,1,1
97810,"J",0.188985106749858,0,0
97811,"J",0.0402914490654326,0,0
97813,"J",0.115695590976429,0,0
97817,"J",0.123870298148673,0,0
97822,"J",0.0105822171117175,0,0
97823,"J",0.0324609197453519,0,0
97827,"J",0.267534357281929,0,0
97828,"J",0.152003310841554,0,0
97830,"J",0.282224583622013,1,1
97832,"J",0.370484198304361,0,0
97840,"J",0.115811553803704,0,0
97841,"J",0.0114741721499615,0,0
97845,"J",0.453427590008618,1,1
97847,"J",0.0616963668977222,0,0
97848,"J",0.00385528537193331,0,0
97850,"J",0.572992870389761,0,0
97851,"J",0.00714045066154775,0,0
97859,"J",0.275678376785601,1,1
97866,"J",0.203115848854442,0,0
97869,"J",0.468873600531433,0,0
97871,"J",0.0939998580376928,0,1
97874,"J",0.153249966892131,0,0
97876,"J",0.0608873711773938,0,0
97877,"J",0.00692682583972717,0,0
97878,"J",0.310775254211887,1,1
97883,"J",0.0938485960289253,0,0
97886,"J",0.257792387140566,0,0
97891,"J",0.510451171641868,1,1
97894,"J",0.257219024609109,0,0
97895,"J",0.227760399616607,1,1
97896,"J",0.148907444530519,0,0
97897,"J",0.605803520358817,0,0
97901,"J",0.0214227395842974,0,0
97902,"J",0.608927019401492,1,1
97903,"J",0.234865091816151,0,0
97904,"J",0.00751050811372282,0,0
97905,"J",0.622855778138603,1,1
97908,"J",0.0997084551253032,0,0
97909,"J",0.52131880040853,0,0
97915,"J",0.0673390368923418,1,1
97919,"J",0.174134243260725,0,0
97923,"J",0.0143714279751225,0,0
97926,"J",0.280582029065484,0,0
97928,"J",0.154285788139981,0,0
97929,"J",0.626411989917991,1,1
97930,"J",0.0726888024085304,0,0
97934,"J",0.00532673995039337,0,0
97935,"J",0.00243312778039052,0,0
97937,"J",0.0389196181182797,0,0
97940,"J",0.0105038660726316,0,0
97941,"J",0.00443352157420666,0,0
97944,"J",0.0486348910414809,0,0
97946,"J",0.010420702695599,0,0
97947,"J",0.120619836350961,0,0
97948,"J",0.00325438451433562,0,0
97949,"J",0.00560424336438311,0,0
97950,"J",0.213393394644824,0,0
97951,"J",0.00719398660156983,0,0
97952,"J",0.135310392359226,0,1
97954,"J",0.258440916098682,0,1
97955,"J",0.467229446620815,0,0
97956,"J",0.420652148206377,0,0
97958,"J",0.0111357728801925,0,0
97963,"J",0.00516387242486837,0,0
97964,"J",0.313162124129619,1,1
97965,"J",0.245603697264634,0,0
97966,"J",0.0434911637697148,0,0
97967,"J",0.00966171143570715,0,0
97969,"J",0.467528684318553,0,1
97971,"J",0.189203920421028,0,0
97973,"J",0.614220496060891,1,1
97974,"J",0.038026115244814,0,0
97976,"J",0.180699267108199,0,0
97978,"J",0.0960389208008248,1,1
97980,"J",0.567064754357151,1,1
97983,"J",0.214026158332974,1,1
97985,"J",0.278492851493621,0,0
97986,"J",0.0507959795065048,0,0
97987,"J",0.0337207682458411,0,0
97995,"J",0.0747800365961177,0,0
97996,"J",0.277358506990292,0,0
97997,"J",0.418923924275696,0,0
98005,"J",0.270280050936806,1,1
98006,"J",0.0466060572923775,0,0
98007,"J",0.00390742853174358,0,0
98008,"J",0.115769631384366,0,0
98009,"J",0.124032534075588,0,0
98010,"J",0.0108796741972018,0,0
98014,"J",0.196024627486343,0,1
98015,"J",0.242794793447031,0,0
98018,"J",0.00353604861024402,0,0
98019,"J",0.520134868778276,1,1
98023,"J",0.0531734434590183,0,0
98028,"J",0.0107584921991437,0,0
98029,"J",0.0705084604878979,0,0
98030,"J",0.0103601501028142,0,0
98031,"J",0.167075134577608,0,0
98032,"J",0.264349531622513,1,1
98033,"J",0.0561072988016615,0,0
98035,"J",0.0238312734245544,0,0
98036,"J",0.0351222064278013,0,0
98040,"J",0.374786521388358,1,1
98041,"J",0.469090165694552,0,0
98043,"J",0.0676594858063778,0,0
98045,"J",0.0357537780236503,0,0
98046,"J",0.40135379849847,0,0
98048,"J",0.00767012594386088,0,0
98049,"J",0.227477149877598,0,0
98056,"J",0.0159765822631102,0,0
98057,"J",0.0228965419144721,0,0
98060,"J",0.104254400102837,0,0
98062,"J",0.226063345093227,0,1
98065,"J",0.0125542791693566,0,0
98071,"J",0.101971984437687,0,0
98073,"J",0.00243157270734761,0,0
98075,"J",0.153798295222287,0,0
98077,"J",0.00409969222526953,0,0
98081,"J",0.0383863742391571,0,0
98082,"J",0.13000871694398,1,1
98083,"J",0.187025234526957,0,0
98087,"J",0.074291748201125,0,0
98088,"J",0.0118167691840234,0,0
98092,"J",0.133927802411131,0,0
98094,"J",0.166805607215547,0,1
98095,"J",0.109144225721782,0,0
98096,"J",0.0107533304531588,0,0
98097,"J",0.0506615444447147,0,0
98099,"J",0.0481503644278445,0,0
98100,"J",0.0336676176420355,0,0
98102,"J",0.105742143020928,0,0
98103,"J",0.0176108511726314,0,0
98106,"J",0.262164184349617,0,0
98107,"J",0.384115040490929,0,0
98109,"J",0.332180253908095,1,1
98113,"J",0.163532477661074,0,0
98119,"J",0.0647269715835756,0,0
98121,"J",0.143770034686812,1,1
98124,"J",0.0240146041884343,0,0
98125,"J",0.0369119481671089,0,0
98130,"J",0.36933803428557,0,0
98131,"J",0.0978064732480221,0,0
98133,"J",0.0676973574921099,0,0
98134,"J",0.1570337971637,0,0
98135,"J",0.266124510815115,0,0
98137,"J",0.598477920207106,0,0
98138,"J",0.25425180983442,0,0
98139,"J",0.184018834425483,1,1
98141,"J",0.659187760422328,0,0
98143,"J",0.0609389543538635,0,0
98144,"J",0.0451143247744275,0,0
98145,"J",0.00117040688305898,0,0
98147,"J",0.0273224660652243,0,0
98148,"J",0.00805210334580023,0,0
98152,"J",0.407237030863826,0,1
98153,"J",0.187801819085229,0,0
98156,"J",0.052559223124758,0,0
98158,"J",0.0820253236381868,0,0
98161,"J",0.117334654201425,0,0
98162,"J",0.429458138247077,0,0
98165,"J",0.209063666557002,1,1
98168,"J",0.126274946975054,0,0
98169,"J",0.0496222124528412,0,0
98172,"J",0.442818879183108,0,0
98173,"J",0.333503603456404,0,0
98174,"J",0.264247634199399,0,0
98175,"J",0.231703180057936,1,1
98178,"J",0.0201250239631363,0,0
98189,"J",0.0129954310800236,0,0
98195,"J",0.0100399724301958,0,0
98197,"J",0.258157849094387,0,0
98198,"J",0.392983583012927,0,0
98202,"J",0.0399065260723491,0,0
98203,"J",0.0243163360045491,0,0
98204,"J",0.0363357244626634,0,0
98205,"J",0.302025736599718,0,0
98207,"J",0.272389037558626,0,0
98208,"J",0.0225983604202148,0,0
98209,"J",0.242114750921456,0,0
98211,"J",0.358800390632984,0,0
98215,"J",0.215221150706676,0,0
98216,"J",0.0525239884201518,0,0
98220,"J",0.432101294671799,0,0
98222,"J",0.00115904985246408,0,0
98223,"J",0.33110539510301,0,1
98225,"J",0.120300331223874,0,0
98227,"J",0.258374987210192,0,0
98228,"J",0.587742288384166,1,1
98236,"J",0.605107057754094,1,1
98238,"J",0.216246314253987,0,0
98241,"J",0.0627886904240805,0,0
98242,"J",0.203807907075875,1,1
98243,"J",0.130082469799996,0,0
98244,"J",0.0590666332923769,0,0
98250,"J",0.142906775902445,1,1
98253,"J",0.20100075963752,0,0
98256,"J",0.00517780570027842,0,0
98257,"J",0.0925495165837602,0,0
98258,"J",0.120123366452845,0,0
98259,"J",0.696846818979194,0,1
98262,"J",0.0650365512108356,0,0
98264,"J",0.111447061045636,0,1
98266,"J",0.131750010816392,0,0
98267,"J",0.0629247119459078,0,0
98269,"J",0.0715666056812977,0,0
98270,"J",0.463128170504185,1,1
98271,"J",0.0874262711185853,0,0
98272,"J",0.372201792844975,0,1
98274,"J",0.181194441802637,0,0
98280,"J",0.0504885567157164,0,1
98284,"J",0.0774695495842418,0,0
98285,"J",0.00565878907586473,0,0
98287,"J",0.57521996503025,1,1
98288,"J",0.103877235850524,0,0
98289,"J",0.285911213371936,0,0
98293,"J",0.455907524575272,1,1
98295,"J",0.00440095440040208,0,0
98298,"J",0.054430590821741,0,0
98299,"J",0.609249828416019,0,0
98300,"J",0.136022140560815,0,0
98301,"J",0.24825743182297,1,1
98302,"J",0.0246426883332859,0,0
98304,"J",0.0439545220050414,0,0
98308,"J",0.041153357135997,0,0
98309,"J",0.190967193119251,1,1
98310,"J",0.263064815555284,0,0
98314,"J",0.0658275054794869,0,0
98316,"J",0.0792976956525368,0,0
98318,"J",0.0812389721331536,0,0
98320,"J",0.0829218510823324,0,0
98322,"J",0.0374701762951346,0,0
98323,"J",0.00352188162577194,0,0
98326,"J",0.0228000900954866,0,0
98331,"J",0.157221831098613,0,0
98332,"J",0.00721432371529792,0,0
98334,"J",0.267486221562465,0,0
98336,"J",0.16829294357591,0,0
98338,"J",0.0218674647647268,1,1
98339,"J",0.410581568450057,0,0
98341,"J",0.0633378501126825,0,0
98343,"J",0.0253313206019232,0,1
98345,"J",0.0602597826481453,0,0
98347,"J",0.0429426990747684,0,0
98350,"J",0.14853361168855,1,1
98351,"J",0.020001237840508,0,0
98353,"J",0.154432477222849,0,0
98354,"J",0.242499634143159,0,0
98355,"J",0.0724734337743722,0,0
98357,"J",0.00149799286552159,0,0
98360,"J",0.515164140342193,1,1
98364,"J",0.00856126558879507,0,0
98368,"J",0.487719837709203,1,1
98369,"J",0.128856705854687,1,1
98370,"J",0.00101419688134525,0,0
98372,"J",0.362353082978598,0,0
98373,"J",0.0211586821228002,0,0
98374,"J",0.0602624439112666,0,0
98376,"J",0.00128220579372681,0,0
98379,"J",0.525961657242731,1,1
98381,"J",0.198971059617533,0,0
98383,"J",0.175241437789229,0,1
98384,"J",0.154034686265377,0,0
98385,"J",0.265451569076585,0,0
98390,"J",0.506221283422129,1,1
98391,"J",0.0455471102449335,0,0
98392,"J",0.0198013873405908,0,0
98393,"J",0.266938943950136,0,1
98394,"J",0.0133572980534515,0,0
98399,"J",0.237415867237483,0,0
98401,"J",0.0447037604675782,0,0
98403,"J",0.0162236304916319,0,0
98412,"J",0.52574142887729,1,1
98413,"J",0.765845317608142,1,1
98416,"J",0.00514286728796002,0,0
98417,"J",0.0527833567864539,0,0
98420,"J",0.00109574851126385,0,0
98421,"J",0.226498690522895,0,0
98422,"J",0.0676491392399463,0,0
98423,"J",0.225299244241151,0,0
98424,"J",0.406481440146671,0,0
98426,"J",0.00376487921261816,0,0
98428,"J",0.0130716664003435,0,0
98431,"J",0.715370620229569,0,1
98433,"J",0.324377530486337,0,0
98435,"J",0.00776262794126197,0,0
98436,"J",0.0151821076227195,0,0
98437,"J",0.0125868860830771,0,0
98441,"J",0.158011442621451,0,0
98442,"J",0.0072199351969362,0,0
98443,"J",0.00161284103469689,0,0
98444,"J",0.295275206816277,0,0
98445,"J",0.0103223087187043,0,0
98447,"J",0.228592892304196,0,0
98448,"J",0.0249873910507693,0,0
98452,"J",0.126178198481875,0,0
98454,"J",0.67991630140328,0,0
98456,"J",0.0102629110360791,0,0
98457,"J",0.0737321024647089,0,0
98458,"J",0.0207329101640889,0,0
98460,"J",0.0164890040310281,0,0
98461,"J",0.106191747236153,0,0
98462,"J",0.245697851330359,0,0
98463,"J",0.381055746350095,0,0
98469,"J",0.0316563346709237,0,0
98470,"J",0.030754470605419,0,0
98473,"J",0.24969084815557,0,0
98474,"J",0.0545503494701002,0,0
98475,"J",0.00850959105063669,0,0
98479,"J",0.00527355991255719,0,0
98483,"J",0.00785506142550419,0,0
98485,"J",0.00188011978251739,0,0
98489,"J",0.363647194009323,1,1
98490,"J",0.0120812050394438,0,0
98494,"J",0.00498007176967787,0,0
98495,"J",0.0198676020944708,0,0
98498,"J",0.198784494832011,1,1
98500,"J",0.329441294448343,0,0
98501,"J",0.574564843990111,1,1
98502,"J",0.449243718013782,0,1
98506,"J",0.19384830927519,0,0
98508,"J",0.365034422688267,0,0
98509,"J",0.0712566367609756,1,1
98512,"J",0.203126342620808,1,1
98514,"J",0.0581295954279948,0,0
98517,"J",0.436022075439356,0,0
98521,"J",0.218914447271024,0,0
98524,"J",0.287859509019337,0,0
98526,"J",0.0311370579617517,0,0
98527,"J",0.00660194758218673,0,0
98528,"J",0.0724898569412223,0,0
98529,"J",0.0787860636644093,0,0
98530,"J",0.67278142403279,1,1
98531,"J",0.000544368805772621,0,0
98535,"J",0.300444845912534,0,0
98536,"J",0.128560133180055,0,0
98537,"J",0.446041431487683,0,0
98540,"J",0.0753573290845106,0,0
98541,"J",0.651272595805114,0,0
98542,"J",0.30534633339297,0,0
98545,"J",0.0139118584914019,0,0
98548,"J",0.249094669246405,0,0
98549,"J",0.203095840118996,0,0
98550,"J",0.277836308839061,0,0
98551,"J",0.0454084661798394,0,0
98554,"J",0.309570630678491,1,1
98556,"J",0.0606740192191453,0,0
98557,"J",0.462163592524641,0,0
98558,"J",0.343783450566655,0,1
98561,"J",0.0597128229197548,0,0
98562,"J",0.236091787645116,0,0
98565,"J",0.0516563496670759,0,0
98568,"J",0.507418763509037,0,0
98569,"J",0.134803547137531,0,0
98571,"J",0.00842695712953586,0,0
98574,"J",0.414496918602727,0,0
98581,"J",0.342139966458504,1,1
98585,"J",0.115112938105168,0,0
98586,"J",0.187622501561096,1,1
98589,"J",0.0273075478315515,0,0
98592,"J",0.665574132583953,0,0
98594,"J",0.0470506066590404,0,0
98595,"J",0.0315967954286967,0,0
98597,"J",0.620730255006062,0,0
98598,"J",0.115623704184207,0,0
98599,"J",0.135234155945305,1,1
98600,"J",0.0639941838377536,0,0
98601,"J",0.132523419881301,0,0
98602,"J",0.732127365831247,1,1
98603,"J",0.418265272446348,0,0
98609,"J",0.0790242035382302,0,0
98610,"J",0.470480136737258,1,1
98611,"J",0.472314699809735,0,0
98615,"J",0.504786410015152,1,1
98616,"J",0.0221440245524531,0,0
98617,"J",0.064556674597692,0,0
98622,"J",0.256507884941096,0,0
98624,"J",0.0722687331160816,0,0
98627,"J",0.178307460971198,0,0
98628,"J",0.213963286454553,0,0
98629,"J",0.148043904305725,0,0
98630,"J",0.326159732456514,0,0
98631,"J",0.0341040449524814,0,0
98634,"J",0.179274277583263,1,1
98638,"J",0.379955407198361,1,1
98641,"J",0.360420884888656,1,1
98645,"J",0.17734417560505,0,0
98646,"J",0.205542722110217,0,0
98649,"J",0.05579833782761,0,0
98650,"J",0.187899776412895,0,0
98653,"J",0.385356728312192,1,1
98656,"J",0.448685551737527,1,1
98657,"J",0.150752276349164,0,0
98661,"J",0.00902786663373866,0,0
98662,"J",0.443029620383551,0,0
98666,"J",0.434215357890305,0,0
98667,"J",0.0790971296474231,0,0
98669,"J",0.417490436325347,1,1
98673,"J",0.422475999625484,0,0
98675,"J",0.22775018478655,1,1
98677,"J",0.00804897070971124,0,0
98679,"J",0.183013835929536,1,1
98680,"J",0.0609272719293265,0,0
98681,"J",0.516492771035338,0,1
98682,"J",0.383084088960697,1,1
98684,"J",0.0692488980344713,0,0
98685,"J",0.547329340867149,1,1
98687,"J",0.00279336645121494,0,0
98689,"J",0.0196114295970471,0,0
98690,"J",0.272725142642549,0,0
98691,"J",0.153961900131678,0,0
98692,"J",0.00256178542776818,0,0
98693,"J",0.429762906786487,0,0
98694,"J",0.0781054852479239,0,1
98698,"J",0.00395700772754142,0,0
98699,"J",0.045305439539241,0,0
98701,"J",0.397924370856926,1,1
98703,"J",0.687263442236589,1,1
98707,"J",0.203306999898135,0,0
98708,"J",0.0106945430091489,0,0
98710,"J",0.0485753033793944,0,0
98711,"J",0.102270579964891,0,0
98713,"J",0.415475051194409,0,0
98714,"J",0.157914595660745,0,0
98716,"J",0.145160248217137,0,1
98717,"J",0.461075630411778,0,0
98718,"J",0.00778076452406232,0,0
98721,"J",0.500257247684001,0,0
98722,"J",0.90058011711863,1,1
98724,"J",0.00422421166429821,0,0
98725,"J",0.292170054282291,0,1
98726,"J",0.00940486671197496,0,0
98728,"J",0.135348440862319,0,0
98729,"J",0.0149446256071267,0,0
98732,"J",0.5347221583858,1,1
98733,"J",0.0335641068969839,0,0
98734,"J",0.096520626205489,0,0
98740,"J",0.100720952728633,0,0
98741,"J",0.47359548419825,0,1
98742,"J",0.516195068157457,1,1
98743,"J",0.140251784537048,1,1
98744,"J",0.112382781212778,0,0
98745,"J",0.503459121888994,1,1
98746,"J",0.455815409633061,1,1
98747,"J",0.00209829505190385,0,0
98748,"J",0.0172627252648063,0,0
98749,"J",0.0450322279669157,0,0
98751,"J",0.0287876108750435,0,0
98752,"J",0.752595237336003,1,1
98755,"J",0.190323956066545,1,1
98757,"J",0.0116051490822705,0,0
98759,"J",0.100110079519435,0,0
98762,"J",0.035067462290109,0,0
98767,"J",0.273249133798763,0,0
98768,"J",0.550636020183142,0,0
98769,"J",0.0633264145258645,0,0
98770,"J",0.342993066916128,0,0
98772,"J",0.316886436405166,0,0
98775,"J",0.00668025861973974,0,0
98776,"J",0.332194191549199,0,0
98778,"J",0.0266428673401912,0,0
98780,"J",0.143465435807741,0,0
98781,"J",0.22990848773858,0,0
98782,"J",0.0378473391516429,0,0
98783,"J",0.107441545132823,0,1
98784,"J",0.0148204778597161,0,0
98788,"J",0.0346201673070832,0,0
98789,"J",0.131195878422496,0,0
98790,"J",0.206647568906625,1,1
98791,"J",0.0218367157381603,0,0
98793,"J",0.0882291828725698,0,0
98796,"J",0.00129882190902133,0,0
98797,"J",0.0670090985573149,0,0
98799,"J",0.00796086954026553,0,0
98803,"J",0.440968450263783,0,0
98804,"J",0.329929529963306,0,0
98806,"J",0.301667716309821,0,1
98807,"J",0.0355174618039685,0,0
98810,"J",0.459654538441433,0,0
98812,"J",0.0254877592887213,0,0
98813,"J",0.73042051065896,0,0
98814,"J",0.62440283652414,1,1
98815,"J",0.0770103372765594,0,0
98817,"J",0.00203183575890598,0,0
98819,"J",0.368059825491107,0,1
98820,"J",0.0692816468528931,0,0
98822,"J",0.0184585391550452,0,0
98823,"J",0.480511659794531,0,1
98824,"J",0.0105351456240302,0,0
98827,"J",0.199570388828044,0,0
98828,"J",0.0364049859070923,0,0
98830,"J",0.715861845450851,1,1
98832,"J",0.112423157242011,0,0
98833,"J",0.226046887325608,0,0
98834,"J",0.0607387066141899,0,0
98838,"J",0.0538523031679771,0,0
98840,"J",0.204626283536438,0,0
98842,"J",0.291690819667857,0,0
98843,"J",0.117216241782597,0,0
98844,"J",0.33797465807588,1,1
98845,"J",0.143600123479586,0,1
98846,"J",0.0349294759319537,0,0
98847,"J",0.341548858290993,0,0
98848,"J",0.376349514681825,0,0
98851,"J",0.00107259551435452,0,0
98853,"J",0.0627065759250619,0,0
98857,"J",0.304709467730671,0,0
98864,"J",0.458342188029863,0,1
98865,"J",0.00529747073729909,0,0
98867,"J",0.116287340082289,0,0
98868,"J",0.00122838216625999,0,0
98869,"J",0.474842723757994,1,1
98872,"J",0.45410912560999,0,0
98876,"J",0.0079640347359587,0,0
98877,"J",0.151897461014128,0,0
98878,"J",0.0405153950255196,0,0
98884,"J",0.100324060862285,1,1
98891,"J",0.33614155680998,0,0
98892,"J",0.0426898868446164,0,0
98893,"J",0.261648920960828,1,1
98894,"J",0.0385218893215702,0,0
98895,"J",0.0702960362195115,0,0
98898,"J",0.1669694582816,0,0
98899,"J",0.277462955964897,0,0
98900,"J",0.00781004777369824,0,0
98901,"J",0.76440650567312,1,1
98902,"J",0.0420747108761583,0,0
98903,"J",0.424356693217667,0,0
98904,"J",0.0237236829381799,0,0
98905,"J",0.144724999387281,0,0
98906,"J",0.00910338465161187,0,0
98907,"J",0.0959716739583221,0,0
98909,"J",0.191636996605562,0,0
98910,"J",0.00495097813652421,0,0
98914,"J",0.106840162947205,0,0
98916,"J",0.201754471501217,0,0
98917,"J",0.0264664435704266,0,0
98918,"J",0.00261911254845302,0,0
98920,"J",0.0251444612515166,0,0
98922,"J",0.0355317610519644,0,0
98923,"J",0.504654177878832,0,0
98924,"J",0.208966287233092,0,0
98925,"J",0.0116894167444098,0,0
98926,"J",0.0475399072918342,0,0
98928,"J",0.420004597673048,1,1
98929,"J",0.611578021302638,1,1
98931,"J",0.189161807831813,0,0
98932,"J",0.0874625647585651,0,0
98933,"J",0.00592534751460006,0,0
98934,"J",0.14146533596856,1,1
98935,"J",0.00840316903224589,0,0
98936,"J",0.0115268379484995,0,0
98940,"J",0.459227675497955,0,0
98941,"J",0.57977861381942,0,0
98944,"J",0.01160756190617,0,0
98945,"J",0.326728077604689,0,0
98947,"J",0.0622712079567514,0,0
98948,"J",0.0419350460139554,0,0
98951,"J",0.570084702675671,1,1
98952,"J",0.0143941973669363,0,1
98955,"J",0.0126606218682107,0,0
98958,"J",0.00134205864460441,0,0
98959,"J",0.411847783970139,1,1
98960,"J",0.0478325426550906,0,0
98961,"J",0.0932131628948377,0,0
98964,"J",0.152262082890627,0,0
98965,"J",0.717200032894485,1,1
98966,"J",0.622345767159454,0,0
98968,"J",0.0742083030847542,0,0
98971,"J",0.0140931612451221,0,0
98972,"J",0.205974157211931,0,0
98977,"J",0.280414778436459,1,1
98980,"J",0.105171529627856,0,0
98981,"J",0.00457478367984997,0,0
98982,"J",0.00834645013200919,0,0
98985,"J",0.0204793001898703,0,0
98988,"J",0.667473187226866,1,1
98989,"J",0.431308999236874,1,1
98992,"J",0.507013288725609,0,0
98994,"J",0.0542349827469641,0,0
98995,"J",0.183709369877519,0,0
98996,"J",0.534020343082643,1,1
98997,"J",0.263143224465434,0,0
98998,"J",0.0583738814400922,0,0
99001,"J",0.0582857100378586,0,0
99002,"J",0.738273885423519,1,1
99005,"J",0.0502686374742299,0,0
99007,"J",0.00374696336898836,0,0
99009,"J",0.0105346914382602,0,0
99011,"J",0.0764981355664459,0,0
99012,"J",0.0361363040751945,0,0
99014,"J",0.337514415315219,0,0
99016,"J",0.0114151977704377,0,0
99018,"J",0.0951766396433511,0,0
99019,"J",0.503743953406448,0,0
99023,"J",0.0106632891127638,0,0
99024,"J",0.0387902947290578,0,0
99025,"J",0.00756773536391541,0,0
99026,"J",0.543619285455816,0,0
99028,"J",0.121149983898148,0,0
99029,"J",0.0841910341054936,0,1
99033,"J",0.236881483007056,0,0
99036,"J",0.0278447320322237,0,0
99038,"J",0.0476949834472726,0,0
99042,"J",0.222155356705304,0,0
99044,"J",0.161369225358743,0,0
99047,"J",0.113344088027892,0,0
99057,"J",0.0673263610461235,0,0
99058,"J",0.281607977938434,0,0
99062,"J",0.0225541225790629,0,0
99063,"J",0.117209145378012,0,0
99064,"J",0.512578230748227,1,1
99067,"J",0.00778006443509772,0,0
99068,"J",0.184613816169511,1,1
99069,"J",0.472937037626969,1,1
99070,"J",0.164212325202346,0,0
99074,"J",0.0902346587372424,0,0
99081,"J",0.374864058922114,0,0
99083,"J",0.0746268459760351,0,0
99084,"J",0.154932989706513,0,0
99089,"J",0.00589570055167553,0,0
99095,"J",0.0662397786207974,0,0
99098,"J",0.0501319968709261,0,0
99099,"J",0.368706370579887,1,1
99100,"J",0.825705633696524,1,1
99101,"J",0.632822754353208,0,0
99102,"J",0.145656090082317,0,0
99103,"J",0.103572412109034,0,0
99104,"J",0.0343282882774958,0,0
99105,"J",0.0742802882120677,0,0
99108,"J",0.0747553821586885,0,0
99110,"J",0.00176462939208358,0,0
99111,"J",0.050240638693598,0,0
99114,"J",0.0203463554005598,0,0
99116,"J",0.0708941956722667,0,0
99121,"J",0.0222173032160763,0,0
99125,"J",0.00559930890098786,0,0
99127,"J",0.225728624605972,0,0
99128,"J",0.00925691074924715,0,0
99130,"J",0.273871970738302,0,0
99131,"J",0.719026067748897,1,1
99133,"J",0.507791992137067,0,0
99134,"J",0.0963609363583198,0,0
99136,"J",0.116021973733477,0,0
99138,"J",0.0538995383097803,0,0
99140,"J",0.161324347581567,0,0
99151,"J",0.00496847167698817,0,0
99152,"J",0.4584668112364,0,0
99153,"J",0.326495667365418,1,1
99154,"J",0.0326607622619122,0,0
99155,"J",0.00654191602114435,0,0
99156,"J",0.0515897932005629,0,0
99157,"J",0.182167830463054,1,1
99159,"J",0.0170769203443713,0,0
99160,"J",0.0769852617796865,0,0
99167,"J",0.0936310633310112,0,0
99168,"J",0.00967284823628944,0,0
99169,"J",0.0826115894927577,0,0
99171,"J",0.032331650666029,0,0
99172,"J",0.197469202812308,0,0
99174,"J",0.628751803474565,0,0
99175,"J",0.250716845790409,0,0
99176,"J",0.127409105453615,0,1
99178,"J",0.565981824591002,1,1
99179,"J",0.176707505652292,1,1
99181,"J",0.00785412611246233,0,0
99182,"J",0.0199901522437869,0,0
99183,"J",0.808285355699112,1,1
99186,"J",0.0155188205474501,0,0
99187,"J",0.113880045783271,0,0
99188,"J",0.109509915428238,1,1
99190,"J",0.04066214829825,0,0
99191,"J",0.131295824783618,0,0
99193,"J",0.110474777317488,0,0
99194,"J",0.0121249852261818,0,0
99195,"J",0.150279911056619,0,0
99197,"J",0.00664382627280755,0,0
99198,"J",0.0233290569098638,0,0
99204,"J",0.268991905445211,0,1
99207,"J",0.00395318285483003,0,0
99208,"J",0.0285965981096205,0,0
99209,"J",0.520598831247902,0,0
99210,"J",0.761701621372123,1,1
99212,"J",0.0353819140088416,0,0
99220,"J",0.625445618287813,0,0
99224,"J",0.025951936711489,0,0
99226,"J",0.105544429604416,0,0
99227,"J",0.623972700476558,0,0
99230,"J",0.233308757589977,0,0
99231,"J",0.0111934404049801,0,0
99232,"J",0.0227349962429278,0,0
99233,"J",0.00783493676815239,0,0
99234,"J",0.0118048587254294,0,0
99237,"J",0.225754980849636,0,0
99239,"J",0.819928238120167,0,0
99240,"J",0.0482979528523996,0,0
99241,"J",0.438718940454747,1,1
99242,"J",0.0267124582334634,0,0
99246,"J",0.0798212539871262,0,0
99247,"J",0.0121731311855647,0,0
99248,"J",0.247527873668247,0,0
99251,"J",0.025282090993502,0,0
99255,"J",0.775158180907292,0,0
99256,"J",0.615575923687538,0,0
99257,"J",0.462912449733733,0,0
99258,"J",0.0842314743834776,0,0
99260,"J",0.364684598273397,1,1
99262,"J",0.415103692911456,0,0
99263,"J",0.203957718583317,0,0
99265,"J",0.194772562307465,1,1
99270,"J",0.362685260093631,1,1
99271,"J",0.136368915567774,0,0
99274,"J",0.229974482879849,0,0
99277,"J",0.221873308197566,0,0
99278,"J",0.0108464015819392,0,0
99279,"J",0.0705715888158604,0,0
99280,"J",0.0388298822707804,0,0
99282,"J",0.530588083086671,1,1
99283,"J",0.553702433156551,1,1
99284,"J",0.0094969423216742,0,0
99285,"J",0.372162376746004,0,1
99287,"J",0.42956428475988,1,1
99289,"J",0.230403734660707,0,0
99290,"J",0.0534973336800049,0,0
99291,"J",0.174720013079052,1,1
99292,"J",0.00419130603973113,0,0
99293,"J",0.111790009440479,0,0
99297,"J",0.0165267434458724,0,0
99299,"J",0.748703043864723,0,1
99300,"J",0.0915658606952624,0,0
99304,"J",0.0686868158876936,0,0
99305,"J",0.085467937441583,1,1
99308,"J",0.0169752288507738,0,0
99309,"J",0.267830420073492,1,1
99311,"J",0.25830293276374,1,1
99312,"J",0.31010912309438,0,0
99313,"J",0.157061656607397,0,0
99315,"J",0.0022856121493504,1,1
99316,"J",0.199708314727347,0,0
99318,"J",0.0308586542741519,0,0
99320,"J",0.00700704280261834,0,0
99321,"J",0.0717707248913638,0,0
99322,"J",0.0157404083121833,0,0
99327,"J",0.494036431768156,0,1
99329,"J",0.134845280322073,0,0
99330,"J",0.0141812413368322,0,0
99332,"J",0.673097399378541,1,1
99335,"J",0.0246699387512323,0,0
99338,"J",0.0240922108527338,0,0
99340,"J",0.0131842384830784,0,0
99341,"J",0.0812740182839368,0,0
99344,"J",0.335950215616052,0,0
99345,"J",0.0998973556671406,0,0
99346,"J",0.0228476382062266,0,0
99348,"J",0.183058259355654,0,0
99349,"J",0.123458623721742,0,0
99351,"J",0.461674028047633,1,1
99353,"J",0.0877216562600605,0,0
99358,"J",0.106922683782696,0,0
99359,"J",0.0490613261498213,0,0
99361,"J",0.0144396478254581,0,0
99364,"J",0.160626586104222,0,0
99366,"J",0.430520505038751,0,0
99370,"J",0.0909145417706019,0,0
99372,"J",0.0235228667049776,0,0
99374,"J",0.0949629208581526,0,0
99376,"J",0.442957465500572,1,1
99377,"J",0.30068110324873,0,0
99378,"J",0.0133243282118819,0,0
99385,"J",0.030787862005281,0,0
99388,"J",0.726918721915203,0,1
99389,"J",0.15219897192296,0,0
99390,"J",0.0661127868648697,0,0
99393,"J",0.364156074467191,0,0
99394,"J",0.000947183604213306,0,0
99396,"J",0.00489783819095423,0,0
99400,"J",0.0113193190463695,0,0
99401,"J",0.00301162550141968,0,0
99402,"J",0.600849542479191,0,0
99404,"J",0.0115653965448919,0,0
99405,"J",0.572312578051296,0,1
99407,"J",0.51052915499923,0,1
99410,"J",0.274264971034982,1,1
99412,"J",0.585618585015937,0,1
99415,"J",0.420978397950459,0,1
99416,"J",0.0465234991070296,0,0
99418,"J",0.278954305837668,0,0
99419,"J",0.0714914470505804,0,0
99420,"J",0.302250164997136,0,0
99421,"J",0.343764357552121,0,0
99422,"J",0.0666233900587201,0,0
99424,"J",0.295819115417887,0,0
99425,"J",0.477016232477956,0,1
99427,"J",0.12052042984613,0,0
99429,"J",0.315948348601622,0,0
99430,"J",0.149133997378613,0,0
99431,"J",0.106027479091256,0,0
99435,"J",0.00724108016104009,0,0
99436,"J",0.0426596349960955,0,0
99437,"J",0.141396912613897,0,0
99438,"J",0.241260342401896,0,0
99439,"J",0.00693703786165792,0,0
99440,"J",0.589837190845172,1,1
99441,"J",0.0917950660949907,0,0
99442,"J",0.00433405380802448,0,0
99443,"J",0.557741545924545,1,1
99444,"J",0.431241191294408,1,1
99446,"J",0.0032668747458493,0,0
99448,"J",0.120341357956437,0,0
99449,"J",0.0620290468715411,0,0
99452,"J",0.0531900647862455,0,0
99453,"J",0.00886536583505943,0,0
99454,"J",0.58779482976468,1,1
99456,"J",0.0431248652304629,0,0
99457,"J",0.0590288541658367,0,0
99459,"J",0.00780453218581161,0,0
99460,"J",0.00978778822241308,0,0
99461,"J",0.0645225438054623,0,0
99463,"J",0.00587665552930035,0,0
99464,"J",0.0236301676406384,0,0
99465,"J",0.148924736819866,0,0
99466,"J",0.0208652376258019,0,0
99469,"J",0.0687406734222257,0,0
99470,"J",0.380137188669515,0,1
99473,"J",0.0203348915431431,0,0
99474,"J",0.478181876459097,0,0
99475,"J",0.379380574513144,0,0
99477,"J",0.565527886352204,0,0
99479,"J",0.678884767958946,1,1
99481,"J",0.00901620160723067,0,0
99483,"J",0.349168540402007,0,0
99484,"J",0.565134275509125,0,0
99486,"J",0.278797139834826,0,1
99488,"J",0.0683013346087843,0,0
99489,"J",0.275971884244858,0,0
99492,"J",0.196191609529586,0,0
99494,"J",0.0534737465682803,0,0
99495,"J",0.0168586302610202,0,0
99496,"J",0.132154998274225,1,1
99497,"J",0.278283251556354,0,0
99498,"J",0.06753424516259,1,1
99499,"J",0.635805124371016,0,0
99500,"J",0.376332550799899,0,0
99501,"J",0.447188468651557,1,1
99503,"J",0.551738747112408,1,1
99506,"J",0.213365592316003,0,0
99509,"J",0.458896790378377,0,0
99510,"J",0.0152749766985135,0,0
99511,"J",0.0703846320469042,0,0
99512,"J",0.277593398972476,0,0
99517,"J",0.187616880460648,0,0
99518,"J",0.344924620050479,0,1
99519,"J",0.0165589010587786,0,0
99521,"J",0.412215977093461,0,0
99524,"J",0.689707783906563,1,1
99525,"J",0.00302411384300018,0,0
99526,"J",0.0303982931288023,0,0
99531,"J",0.262513213107492,0,0
99532,"J",0.123443625320457,0,0
99533,"J",0.153502775581087,0,0
99534,"J",0.501743349440299,0,1
99535,"J",0.609864746919369,1,1
99536,"J",0.0767381718885835,0,0
99538,"J",0.0711573085641567,0,0
99539,"J",0.151668742035728,0,0
99540,"J",0.312083750191135,0,1
99541,"J",0.0792872150574345,0,0
99543,"J",0.18848098242904,0,0
99545,"J",0.0123207813860241,0,0
99548,"J",0.144398298622147,0,0
99554,"J",0.260908151907141,0,0
99563,"J",0.203602301448883,0,0
99564,"J",0.0700881243418713,0,0
99565,"J",0.504483945735115,0,0
99568,"J",0.0229726310910012,0,0
99573,"J",0.00227598316506394,0,0
99574,"J",0.189951661357273,0,0
99575,"J",0.198606878419808,1,1
99577,"J",0.00179517361281519,0,0
99580,"J",0.432503966716194,0,0
99583,"J",0.00127291222348824,0,0
99584,"J",0.00625131127986566,0,0
99585,"J",0.108911533239497,0,0
99590,"J",0.195196067165667,0,0
99593,"J",0.00415931981419216,0,0
99596,"J",0.143785131413626,0,0
99599,"J",0.0504635986412197,0,0
99600,"J",0.0894833503746655,0,0
99603,"J",0.184611283495121,0,0
99604,"J",0.0883669636814882,0,0
99605,"J",0.258720756338714,1,1
99606,"J",0.31417789087333,1,1
99609,"J",0.714224618718925,0,0
99610,"J",0.726289834217287,1,1
99613,"J",0.0105661781266847,0,0
99615,"J",0.622153406137097,1,1
99616,"J",0.522298564758741,0,0
99618,"J",0.038246483977303,0,0
99619,"J",0.233375758336488,0,0
99621,"J",0.277749290730757,1,1
99622,"J",0.110658087307263,0,0
99624,"J",0.218952135013601,0,0
99625,"J",0.127182342398991,0,0
99628,"J",0.170628342035285,0,0
99630,"J",0.112646820702436,1,1
99631,"J",0.108723727472289,1,1
99633,"J",0.727686696586214,0,0
99635,"J",0.702058424812238,0,0
99636,"J",0.682712556157613,0,0
99637,"J",0.0441999490857792,0,0
99641,"J",0.0060607865519264,0,0
99643,"J",0.427048347156696,1,1
99645,"J",0.294392130241199,0,0
99647,"J",0.525623504271435,1,1
99653,"J",0.168133094394998,0,0
99655,"J",0.172775585053178,0,0
99659,"J",0.0430383251055812,0,0
99661,"J",0.217513905227643,0,0
99662,"J",0.702963020937133,1,1
99665,"J",0.131892754029233,1,1
99668,"J",0.0703824682009742,0,0
99670,"J",0.260246761234711,1,1
99672,"J",0.00980989663537849,0,0
99674,"J",0.105692040935754,0,0
99675,"J",0.200748787043536,1,1
99676,"J",0.135054225125088,0,0
99679,"J",0.138889216637781,0,0
99680,"J",0.146735022963249,0,0
99682,"J",0.327080615359816,1,1
99683,"J",0.139130728530269,1,1
99684,"J",0.14401490393392,0,0
99686,"J",0.0901460297758028,0,1
99689,"J",0.00477163643219945,0,0
99691,"J",0.0519470394646718,0,0
99694,"J",0.226265080600234,1,1
99695,"J",0.0162376908714498,0,0
99698,"J",0.572680938810702,1,1
99700,"J",0.0391389518611976,0,0
99702,"J",0.0759834644509432,0,0
99703,"J",0.0938232586823001,0,0
99705,"J",0.0387395839205068,0,0
99709,"J",0.007907442339982,0,0
99710,"J",0.0047019153768191,0,0
99711,"J",0.298535164643294,0,1
99714,"J",0.0377047683508128,0,0
99715,"J",0.0299397839811732,0,0
99716,"J",0.0664049974620097,0,0
99717,"J",0.128999410533532,0,0
99719,"J",0.0240302487009848,0,0
99720,"J",0.41091539248244,1,1
99721,"J",0.00319632518619382,0,0
99724,"J",0.0652135919535658,0,0
99726,"J",0.468192906278104,0,0
99727,"J",0.318848670283932,0,0
99736,"J",0.317308622603432,0,1
99740,"J",0.0223647242408676,0,0
99741,"J",0.164151833163532,0,0
99742,"J",0.572500375230044,0,1
99743,"J",0.403937701551416,1,1
99744,"J",0.131586407390838,0,0
99745,"J",0.0905839605514302,0,0
99747,"J",0.24923561824418,0,0
99749,"J",0.0779171842333618,0,0
99751,"J",0.0119690535792768,0,0
99758,"J",0.112149852349119,0,0
99759,"J",0.341233719605092,1,1
99760,"J",0.466719880605902,0,0
99761,"J",0.00684413094129889,0,0
99762,"J",0.107441638262916,0,0
99763,"J",0.191123198019401,1,1
99765,"J",0.213691039253489,0,0
99766,"J",0.216552887373043,1,1
99768,"J",0.0518714535165357,0,1
99772,"J",0.127561936752505,0,0
99776,"J",0.854482155925316,1,1
99777,"J",0.00648912101248589,0,0
99782,"J",0.0820221761472945,0,0
99783,"J",0.0773973021931648,1,1
99785,"J",0.0899626853131854,0,0
99786,"J",0.0564536255722911,0,0
99790,"J",0.0191365866409754,0,0
99792,"J",0.133372481938239,0,0
99793,"J",0.00647477966870526,0,0
99795,"J",0.0107237952277291,0,0
99797,"J",0.0347467007269934,0,0
99798,"J",0.0679292195487114,0,0
99804,"J",0.437338564756591,0,0
99806,"J",0.123504919802008,0,0
99807,"J",0.00983026162245275,0,0
99808,"J",0.0347277842648925,0,0
99811,"J",0.244825029409916,0,0
99813,"J",0.181521718094348,0,1
99815,"J",0.780604872344472,1,1
99816,"J",0.278681047354416,0,0
99817,"J",0.0573529920136721,0,0
99819,"J",0.106993058761733,0,0
99820,"J",0.199672437318824,1,1
99824,"J",0.00749343690345805,0,0
99825,"J",0.273930719230621,0,0
99831,"J",0.167533871400492,0,0
99833,"J",0.317362628336583,0,1
99834,"J",0.177801423781914,0,0
99838,"J",0.0962043380021468,0,0
99839,"J",0.155517985000716,0,0
99840,"J",0.362907664057331,1,1
99841,"J",0.00975227900220084,0,0
99842,"J",0.16198680139226,0,0
99844,"J",0.0983972590582635,0,0
99848,"J",0.0727607236205484,0,0
99851,"J",0.635989294852353,1,1
99854,"J",0.780759407441849,1,1
99855,"J",0.171337703449268,0,0
99856,"J",0.10215119856521,0,0
99857,"J",0.075708794541813,0,1
99858,"J",0.567374301494628,0,0
99861,"J",0.00547184256631572,0,0
99864,"J",0.207146062347331,0,0
99866,"J",0.834188198683027,0,0
99867,"J",0.0113676947166326,0,0
99868,"J",0.147260617245819,0,0
99869,"J",0.00330202808461581,0,0
99870,"J",0.399546575516877,1,1
99871,"J",0.0813786117711311,0,0
99874,"J",0.246856054084746,1,1
99876,"J",0.00705489951852329,0,0
99879,"J",0.00660820853448516,0,0
99881,"J",0.0401541497141848,0,0
99883,"J",0.0825945332456227,0,0
99884,"J",0.40487685275797,1,1
99886,"J",0.31762326428478,0,0
99887,"J",0.00226897029191876,0,0
99890,"J",0.176943040308227,0,0
99891,"J",0.011795532001544,0,0
99893,"J",0.0375294834209087,0,0
99894,"J",0.0206444825908366,0,0
99895,"J",0.738545222995607,0,0
99896,"J",0.0804190968425315,0,0
99898,"J",0.0954943555731236,0,0
99899,"J",0.129450335228183,0,0
99901,"J",0.0274608789164271,0,0
99905,"J",0.0275708704740467,0,0
99907,"J",0.159728382134145,0,0
99908,"J",0.202767549408228,0,0
99909,"J",0.158335273627278,0,0
99910,"J",0.00205238179784508,0,0
99913,"J",0.788046244570173,0,0
99914,"J",0.299231526967646,0,0
99918,"J",0.0436987632535121,0,0
99919,"J",0.122459563378276,1,1
99922,"J",0.37187200060638,0,0
99924,"J",0.00447624478004098,0,0
99925,"J",0.042974292930913,0,0
99926,"J",0.087261975681317,0,0
99927,"J",0.0890877526953314,0,0
99928,"J",0.145267405474342,0,0
99929,"J",0.139284837700505,0,0
99930,"J",0.231705631121736,1,1
99931,"J",0.0035763037228459,0,0
99935,"J",0.025068592227037,0,0
99937,"J",0.127855495540556,1,1
99938,"J",0.0121515828959038,0,0
99939,"J",0.0447804311065396,0,0
99941,"J",0.160145291043918,0,0
99942,"J",0.0741863269152457,0,0
99945,"J",0.249437278495129,0,0
99947,"J",0.370050435940308,0,0
99948,"J",0.460605394961576,0,0
99949,"J",0.00616234765917759,0,0
99950,"J",0.659373548538241,0,0
99951,"J",0.0113229427255892,0,0
99952,"J",0.155487799854569,0,0
99953,"J",0.188758510054364,0,0
99954,"J",0.347301034132113,1,1
99959,"J",0.105366002032142,0,0
99961,"J",0.0770544049606806,0,0
99966,"J",0.0429450705548246,0,0
99969,"J",0.470556770520648,0,0
99974,"J",0.00459192778477406,0,0
99977,"J",0.435764668580136,0,1
99979,"J",0.229788145222477,0,0
99983,"J",0.253143846085683,0,0
99984,"J",0.291677549183507,0,0
99985,"J",0.00780556628312049,0,0
99987,"J",0.133272345639113,0,0
99989,"J",0.0186234436370796,0,0
99990,"J",0.37966916052417,1,1
99991,"J",0.0518367269063102,0,0
99992,"J",0.837298182956357,0,0
99994,"J",0.133085805852656,0,0
99996,"J",0.382398117897297,1,1
99997,"J",0.17584767024856,0,0
1e+05,"J",0.00395257192113487,0,0
100001,"J",0.0448309397217411,0,0
100004,"J",0.123936520162797,0,1
100007,"J",0.181111043380751,0,0
100008,"J",0.600716767470938,0,0
100012,"J",0.290200237935575,1,1
100013,"J",0.0380047883245155,0,0
100015,"J",0.0133676256675149,0,0
100016,"J",0.121890218197625,0,0
100018,"J",0.0125379635135859,0,0
100020,"J",0.53452160258722,1,1
100024,"J",0.0205454607412656,0,0
100025,"J",0.0697769356592542,0,0
100026,"J",0.00608972864007602,0,0
100029,"J",0.00630192009968563,0,0
100032,"J",0.00329111749234108,0,0
100033,"J",0.353903693227384,0,1
100037,"J",0.298677127188967,0,0
100039,"J",0.00672900362901996,0,0
100040,"J",0.0136856369428254,0,0
100043,"J",0.62708038564597,0,0
100044,"J",0.00803199341390906,0,0
100046,"J",0.435576214542131,0,0
100047,"J",0.0197300519865378,0,0
100051,"J",0.80210179535791,1,1
100053,"J",0.356094922434724,0,0
100055,"J",0.0557183750021765,0,0
100056,"J",0.631208827485888,0,0
100061,"J",0.22270383016127,0,0
100062,"J",0.0503203392141617,0,0
100064,"J",0.160782236746311,0,0
100067,"J",0.479798234385426,1,1
100068,"J",0.00726498340676627,0,0
100070,"J",0.00235301716627884,0,0
100071,"J",0.10777774918386,0,0
100072,"J",0.0349658394248307,1,1
100079,"J",0.0658740201914771,0,0
100083,"J",0.055141094470133,0,0
100085,"J",0.259444802414553,0,0
100087,"J",0.0544290200132571,0,0
100088,"J",0.244494561914987,1,1
100089,"J",0.000931293569144571,0,0
100090,"J",0.00393445282923411,0,0
100092,"J",0.0126831567747238,0,0
100094,"J",0.574698798507083,1,1
100098,"J",0.65029870589647,0,0
100099,"J",0.0215413430559248,0,0
100100,"J",0.00866528635237779,0,0
100102,"J",0.249241113089317,0,0
100103,"J",0.179892818474875,0,0
100105,"J",0.59997979162072,0,0
100107,"J",0.0022948091953967,0,0
100108,"J",0.00148613457121757,0,0
100111,"J",0.00313344703071412,0,0
100112,"J",0.0659095383744484,0,0
100113,"J",0.57600382975177,1,1
100114,"J",0.422378267132885,0,0
100115,"J",0.0206473416326737,0,0
100116,"J",0.0928293506001809,0,0
100117,"J",0.0199829074225359,0,0
100118,"J",0.38835050549999,1,1
100119,"J",0.326454746658908,0,0
100122,"J",0.474342603860701,0,0
100123,"J",0.298494172431922,1,1
100127,"J",0.46966046253445,0,0
100128,"J",0.120390539135755,0,0
100129,"J",0.527451273898593,1,1
100137,"J",0.14743103904821,0,0
100142,"J",0.105307865684171,0,0
100144,"J",0.0365112944307046,0,0
100145,"J",0.112951566972502,0,0
100148,"J",0.00213491554216916,0,0
100149,"J",0.0513485392510329,0,0
100150,"J",0.0603654199743184,0,0
100151,"J",0.319281372456813,1,1
100154,"J",0.619401109696738,1,1
100158,"J",0.233527434193785,1,1
100160,"J",0.00619644011925185,0,0
100162,"J",0.209571539414826,0,0
100163,"J",0.0997404521640131,0,0
100165,"J",0.0678052144679593,0,0
100167,"J",0.474426367904754,0,0
100168,"J",0.200321545117985,0,0
100171,"J",0.0697483033877107,0,0
100172,"J",0.0393206635316168,0,0
100173,"J",0.0755259987630138,0,0
100175,"J",0.0327384743513299,0,0
100178,"J",0.0251377581454594,0,0
100180,"J",0.0628058648038029,0,0
100181,"J",0.149013216410453,0,0
100185,"J",0.291097747068531,0,0
100188,"J",0.102038253711176,1,1
100190,"J",0.0843708397101141,0,0
100191,"J",0.0156342961930411,0,0
100192,"J",0.250740197170854,0,0
100194,"J",0.235198461717568,0,0
100195,"J",0.0158198167208499,0,0
100196,"J",0.0082729543293789,0,0
100200,"J",0.069733323629827,0,0
100201,"J",0.0230592814500296,0,0
100202,"J",0.00803897696421526,0,0
100203,"J",0.006447515997254,0,0
100204,"J",0.0128470425246214,0,0
100205,"J",0.418750132660787,0,0
100210,"J",0.749070008274064,0,0
100212,"J",0.0350148409766908,0,0
100213,"J",0.487998086958982,1,1
100214,"J",0.79639517153896,0,0
100216,"J",0.00913845656268423,0,0
100219,"J",0.375957648270279,0,0
100221,"J",0.0147636369261208,0,0
100222,"J",0.486298963428009,1,1
100228,"J",0.250311319433095,1,1
100229,"J",0.101804339659685,0,0
100231,"J",0.603125708909661,0,0
100233,"J",0.404578259017564,1,1
100234,"J",0.00868755319288281,0,0
100235,"J",0.184013765007298,0,0
100236,"J",0.343964717589913,0,0
100238,"J",0.0710069198407192,0,0
100241,"J",0.00269895531149615,0,0
100242,"J",0.0056756592429097,0,0
100244,"J",0.189501134411453,0,0
100246,"J",0.00214570650539341,0,0
100247,"J",0.651040623666778,0,0
100248,"J",0.0063188123332103,0,0
100250,"J",0.100205080757371,0,0
100251,"J",0.264999765724622,0,0
100252,"J",0.164538006638553,0,0
100253,"J",0.013438868698793,0,0
100254,"J",0.00420693476143526,0,0
100257,"J",0.381261046364653,0,0
100261,"J",0.332072381239837,0,0
100265,"J",0.0550257898985967,0,0
100266,"J",0.00763213222192688,0,0
100268,"J",0.146422207612699,0,0
100269,"J",0.00260436399937185,0,0
100270,"J",0.120273164256072,0,0
100271,"J",0.0137785169158025,0,0
100272,"J",0.092063847473026,0,0
100273,"J",0.0870983470918822,0,0
100274,"J",0.516632845829913,0,0
100278,"J",0.336525273354982,0,0
100280,"J",0.0076680420206677,0,0
100281,"J",0.108049294506175,0,0
100282,"J",0.112754568250345,0,0
100286,"J",0.3027340602681,0,0
100288,"J",0.46448053312096,0,0
100291,"J",0.309838561231201,0,0
100292,"J",0.136321746162185,0,0
100293,"J",0.0232189199472814,0,0
100294,"J",0.0802702091221327,0,0
100295,"J",0.0101882771008415,0,0
100297,"J",0.236989418166621,0,0
100298,"J",0.260109665171771,0,0
100299,"J",0.0239359506789413,0,0
100301,"J",0.0523753280874148,0,0
100303,"J",0.480401663691106,0,0
100305,"J",0.251492122234979,0,0
100309,"J",0.42259222075812,0,0
100311,"J",0.25819250209877,0,0
100313,"J",0.0257000885550966,0,0
100315,"J",0.166981054197665,0,0
100318,"J",0.316446801633335,0,0
100319,"J",0.179021622128153,1,1
100324,"J",0.0250203852408073,1,1
100326,"J",0.0184351382014737,0,0
100329,"J",0.0214518228275526,0,0
100332,"J",0.0534930712704237,0,0
100333,"J",0.0314434414732563,0,0
100338,"J",0.095757780416726,0,0
100346,"J",0.400416418810028,0,0
100347,"J",0.13285992609955,0,0
100348,"J",0.184467239570897,0,0
100353,"J",0.142154509051006,0,0
100356,"J",0.104317129197068,0,0
100357,"J",0.509703303912155,0,0
100358,"J",0.787904528468495,1,1
100361,"J",0.399721135367498,0,0
100362,"J",0.0578195080589249,0,0
100363,"J",0.435609715439013,0,1
100365,"J",0.00410273628084544,0,0
100366,"J",0.193246958922803,0,0
100369,"J",0.164319429360378,0,0
100373,"J",0.120148741998929,0,0
100376,"J",0.0156483691913632,0,0
100377,"J",0.0562350509553969,0,0
100378,"J",0.0369157462110812,0,0
100382,"J",0.445434908997416,1,1
100388,"J",0.352384706123639,0,0
100389,"J",0.510211601623539,0,0
100390,"J",0.217429548505274,0,0
100393,"J",0.266423134526985,0,1
100396,"J",0.119461165591176,0,0
100399,"J",0.524784146748633,1,1
100402,"J",0.341522015486704,1,1
100404,"J",0.505213767446211,0,1
100407,"J",0.213965148496283,1,1
100410,"J",0.496727867147703,0,0
100411,"J",0.405652953944032,0,1
100412,"J",0.644392664782054,1,1
100414,"J",0.493325165875294,0,0
100415,"J",0.10041333921695,0,0
100418,"J",0.00288086719937019,0,0
100419,"J",0.318736890889329,0,0
100421,"J",0.0344426794846305,0,0
100422,"J",0.0763303400017898,0,1
100424,"J",0.296152500629703,0,0
100425,"J",0.597385850836749,0,1
100428,"J",0.00603788072305534,0,0
100429,"J",0.154748322540433,0,0
100431,"J",0.0326038250815077,0,0
100433,"J",0.181332666714821,0,1
100434,"J",0.0378992584436473,0,0
100436,"J",0.140030649216707,0,0
100438,"J",0.00277034996030369,0,0
100440,"J",0.00593160667233032,0,0
100442,"J",0.589451888518652,1,1
100443,"J",0.116160458954663,0,0
100445,"J",0.300786159309164,0,0
100446,"J",0.221327237251518,0,0
100447,"J",0.247075191191159,1,1
100451,"J",0.0284465708575462,0,0
100454,"J",0.414320762463128,0,1
100455,"J",0.542037025245216,1,1
100460,"J",0.19616704214865,1,1
100463,"J",0.0140763389789947,0,0
100464,"J",0.0389482836088248,0,0
100468,"J",0.0758120042417633,0,0
100469,"J",0.210403403481843,1,1
100474,"J",0.28596283445219,1,1
100476,"J",0.0659305229998837,0,0
100480,"J",0.129296447617983,0,0
100481,"J",0.321786419840181,0,0
100483,"J",0.263764195958062,0,1
100485,"J",0.23291659881608,0,0
100490,"J",0.208651223846323,0,0
100492,"J",0.154929549715299,0,1
100494,"J",0.0599792049314131,0,0
100497,"J",0.199475960633951,0,0
100499,"J",0.553651953893715,0,0
100500,"J",0.141805921143578,0,0
100501,"J",0.503274073862043,1,1
100508,"J",0.205300928222411,0,0
100509,"J",0.434651576325689,0,0
100511,"J",0.0950162093978313,0,0
100513,"J",0.0649470820479753,0,0
100514,"J",0.165757816582027,1,1
100515,"J",0.452918449017759,0,0
100516,"J",0.619454433121946,0,1
100517,"J",0.0510855829343085,0,0
100521,"J",0.510532494531424,1,1
100524,"J",0.00190586271977789,0,0
100526,"J",0.0717018059317233,0,0
100528,"J",0.144034262676395,0,0
100530,"J",0.139059332562356,0,0
100532,"J",0.408779706350931,0,0
100534,"J",0.344794900991436,1,1
100535,"J",0.202791705500377,0,0
100537,"J",0.0394160065883284,0,0
100544,"J",0.585564904390942,1,1
100546,"J",0.00690477328846289,0,0
100548,"J",0.00172483926552673,0,0
100551,"J",0.539770866203118,0,0
100554,"J",0.668070969500146,1,1
100557,"J",0.0395190579012191,0,0
100558,"J",0.340174762346078,0,1
100560,"J",0.379199547825522,0,1
100563,"J",0.313556008771154,1,1
100565,"J",0.199705236857516,0,0
100568,"J",0.224366240433027,0,1
100570,"J",0.676054239380436,1,1
100571,"J",0.00598035763238574,0,0
100572,"J",0.395897257061415,0,0
100574,"J",0.286889779849109,0,0
100575,"J",0.127481177311622,0,0
100576,"J",0.651322446882002,1,1
100577,"J",0.0144130448271787,0,0
100579,"J",0.0834499280600153,0,0
100580,"J",0.65621504075644,0,0
100581,"J",0.31939692150458,0,1
100583,"J",0.00770814001439439,0,0
100584,"J",0.0430708449321945,0,0
100586,"J",0.436486878931519,0,1
100590,"J",0.161321143107148,0,0
100594,"J",0.0462509432559319,0,0
100597,"J",0.216687988276542,0,0
100599,"J",0.288541174717859,1,1
100608,"J",0.695581983028541,1,1
100610,"J",0.0187100029312505,0,0
100611,"J",0.113679896909181,0,0
100617,"J",0.260683307717836,1,1
100619,"J",0.0371169914902651,0,0
100621,"J",0.0619191883671625,0,0
100622,"J",0.021106532924836,0,0
100623,"J",0.00493030489341086,0,0
100624,"J",0.015895684654978,0,0
100625,"J",0.0776866658356721,0,1
100627,"J",0.0380263805421505,0,0
100628,"J",0.162629032993776,0,0
100629,"J",0.340712544818885,1,1
100632,"J",0.0283885494126449,0,0
100634,"J",0.0654495184229903,0,1
100635,"J",0.193164599021284,0,0
100636,"J",0.637008157145375,1,1
100638,"J",0.194821024848007,0,0
100639,"J",0.280044780687738,0,0
100641,"J",0.00323948946453254,0,0
100642,"J",0.85831148192024,0,0
100644,"J",0.0232594396748697,0,0
100647,"J",0.0585016092689102,0,0
100649,"J",0.0427448643074821,0,0
100653,"J",0.0102828266476004,0,0
100654,"J",0.121489912120356,0,0
100657,"J",0.673093617357394,1,1
100663,"J",0.197467105587749,0,0
100667,"J",0.000682860526486624,0,0
100670,"J",0.0859756092729945,0,0
100672,"J",0.0344678849910103,0,0
100673,"J",0.00502536045022424,0,0
100675,"J",0.0265011472222785,0,1
100677,"J",0.213449994015442,0,0
100681,"J",0.0812475748546038,0,0
100684,"J",0.00891892038978951,0,0
100689,"J",0.0144394671327749,0,0
100692,"J",0.0876804498820363,0,0
100693,"J",0.391198444246783,1,1
100696,"J",0.254215756045711,0,0
100697,"J",0.00643106049002654,0,0
100698,"J",0.0316123865310428,0,0
100701,"J",0.0163679437915742,0,0
100705,"J",0.112072440588332,0,0
100707,"J",0.0215542018660734,0,0
100709,"J",0.0373012026618182,0,0
100710,"J",0.0400850086373917,0,0
100711,"J",0.0255186128555537,0,0
100713,"J",0.021235305880235,0,0
100714,"J",0.01341258488538,0,0
100715,"J",0.106148743284415,0,0
100716,"J",0.615159100371284,0,0
100717,"J",0.241937392896056,0,0
100720,"J",0.0819696530290523,0,0
100721,"J",0.133681384041255,0,0
100725,"J",0.598903279863845,0,0
100726,"J",0.663685896402471,0,1
100727,"J",0.00912316370450479,0,0
100728,"J",0.0865599227241487,0,0
100730,"J",0.0308591561369647,0,0
100732,"J",0.0513327782954734,0,0
100733,"J",0.366708018451041,0,0
100735,"J",0.563117810964589,0,0
100738,"J",0.185893607470685,0,1
100739,"J",0.578878341425995,1,1
100740,"J",0.00123259754755666,0,0
100741,"J",0.195547324369319,0,0
100742,"J",0.00639457456602508,0,0
100743,"J",0.0541097187253554,0,0
100745,"J",0.146403145871842,0,0
100747,"J",0.318868046011385,0,0
100748,"J",0.191707012613997,0,0
100749,"J",0.0105981885267715,0,0
100752,"J",0.0229079335725876,0,0
100754,"J",0.278994675324633,0,0
100756,"J",0.23494509551486,0,0
100759,"J",0.0109882917633483,0,0
100760,"J",0.132102200295838,0,0
100761,"J",0.114449051094729,0,0
100765,"J",0.0524773926627447,0,0
100771,"J",0.59562917838913,0,0
100772,"J",0.0631173227014417,0,0
100774,"J",0.288312762812632,1,1
100775,"J",0.00253909977540823,0,0
100780,"J",0.243349577217035,0,0
100782,"J",0.23382113200345,0,0
100787,"J",0.28268444934139,0,0
100788,"J",0.00726730877409635,0,0
100790,"J",0.295311849840119,0,0
100795,"J",0.0757739345901477,0,0
100800,"J",0.0891099684949447,0,0
100801,"J",0.0199528102013972,0,0
100802,"J",0.184504664711436,1,1
100805,"J",0.155225697252766,0,0
100815,"J",0.210968663486798,0,0
100816,"J",0.214135815815791,1,1
100817,"J",0.0727029925426016,0,0
100818,"J",0.0283723802467302,0,0
100819,"J",0.0119869450342847,0,0
100821,"J",0.349962288378843,1,1
100825,"J",0.230987897266124,0,0
100827,"J",0.020136948009414,0,0
100829,"J",0.101602614059812,0,0
100832,"J",0.0154852280493225,0,0
100834,"J",0.708419942102209,1,1
100836,"J",0.0727139296923615,1,1
100837,"J",0.116642470286477,0,0
100838,"J",0.103244775469252,0,0
100840,"J",0.476318085651882,0,0
100841,"J",0.0219858062895424,0,0
100843,"J",0.170475842355121,1,1
100846,"J",0.00330102388849246,0,0
100848,"J",0.187043560696601,1,1
100851,"J",0.535218958056611,1,1
100853,"J",0.679933852181328,1,1
100855,"J",0.00450287382510468,0,0
100856,"J",0.242609715233203,0,0
100860,"J",0.212435011214774,0,1
100861,"J",0.0625824980326484,0,0
100862,"J",0.0782097610083722,0,0
100865,"J",0.130077251012437,0,0
100866,"J",0.13883089292828,0,0
100872,"J",0.706995781688454,1,1
100874,"J",0.0546281509560799,0,0
100875,"J",0.605132758515343,0,0
100876,"J",0.494545615288019,0,0
100877,"J",0.00286879976927974,0,0
100879,"J",0.411148789267802,0,1
100880,"J",0.226360504955561,0,0
100881,"J",0.00569184062354701,0,0
100886,"J",0.551571483835415,1,1
100887,"J",0.532008661448854,0,1
100890,"J",0.626978147583059,0,0
100892,"J",0.00296282999788408,0,0
100895,"J",0.190314063510081,0,0
100896,"J",0.110626049550905,0,0
100898,"J",0.0515675821450634,0,0
100902,"J",0.307605747715581,0,0
100905,"J",0.136357766659402,0,0
100907,"J",0.0580872771876064,0,0
100911,"J",0.00900188293188337,0,0
100913,"J",0.0147709895594772,0,0
100915,"J",0.196786790931693,0,0
100919,"J",0.39410263354561,0,0
100920,"J",0.269023005624696,0,0
100923,"J",0.00383058272475882,0,0
100924,"J",0.0313683549365083,0,0
100925,"J",0.109285875619161,0,0
100928,"J",0.00184951538663617,0,0
100929,"J",0.13369237556655,0,0
100930,"J",0.602452812249013,0,1
100933,"J",0.145651832395343,0,0
100934,"J",0.0324352258552068,0,0
100935,"J",0.00601380856907356,0,0
100937,"J",0.0989304686442853,0,0
100942,"J",0.00065291409908465,0,0
100947,"J",0.0585822715433812,0,0
100948,"J",0.238524607587449,1,1
100949,"J",0.258955646955395,0,0
100950,"J",0.422970996749708,0,0
100951,"J",0.613646496648309,1,1
100952,"J",0.00288630307458439,0,0
100954,"J",0.569713212080005,0,0
100955,"J",0.125149900813883,0,0
100961,"J",0.000708539577710479,0,0
100963,"J",0.529991024257688,1,1
100965,"J",0.00935778642864704,0,0
100966,"J",0.00803794072067871,0,0
100967,"J",0.011710028024971,0,0
100968,"J",0.3553167970749,0,1
100969,"J",0.391288809117511,1,1
100971,"J",0.0773678543293716,0,0
100972,"J",0.140056858149775,0,0
100973,"J",0.0162094191909155,0,0
100983,"J",0.168745874954117,0,0
100985,"J",0.0017459540489291,0,0
100986,"J",0.281533976402694,0,0
100987,"J",0.231760152421211,0,0
100988,"J",0.280839890395887,0,1
100989,"J",0.417336498764628,0,0
100992,"J",0.00475390100143669,0,0
100994,"J",0.0116729685460335,0,0
100996,"J",0.134597104819737,0,0
100997,"J",0.594505386950353,0,0
100999,"J",0.0068586080624112,0,0
101001,"J",0.291819331772208,0,0
101002,"J",0.018059052802018,0,0
101003,"J",0.0755332529627252,0,0
101004,"J",0.00290543210297045,0,0
101006,"J",0.047022623908389,0,0
101007,"J",0.0853883001984187,0,0
101009,"J",0.109406370348372,0,0
101010,"J",0.137646980476963,0,0
101011,"J",0.0107788118733857,0,0
101013,"J",0.0448818949046297,0,0
101014,"J",0.0118963608162229,0,0
101015,"J",0.43901123986365,0,0
101018,"J",0.170508040556568,1,1
101019,"J",0.140594815450955,1,1
101021,"J",0.413364152435019,0,1
101022,"J",0.457096335108071,0,0
101023,"J",0.112944740988652,0,0
101024,"J",0.253343542033657,0,0
101025,"J",0.0172562290792445,0,0
101026,"J",0.203776485111751,0,0
101028,"J",0.174226782299437,0,0
101031,"J",0.00978068262817413,0,0
101033,"J",0.248526249461602,0,1
101034,"J",0.0399260283699592,0,0
101036,"J",0.0558683709168216,0,0
101037,"J",0.0929964979534369,0,0
101040,"J",0.664710673956285,1,1
101043,"J",0.467821775372999,1,1
101046,"J",0.631700501754815,1,1
101049,"J",0.142018622553992,1,1
101051,"J",0.137290888608647,1,1
101052,"J",0.182486270487953,0,0
101063,"J",0.154283894697036,0,0
101064,"J",0.0325315489756508,0,0
101065,"J",0.0403185150236363,0,0
101068,"J",0.00916518287823643,0,0
101069,"J",0.0121024374479051,0,0
101070,"J",0.069644687644763,0,0
101073,"J",0.105812473770412,0,0
101075,"J",0.233713009905976,1,1
101076,"J",0.00122347755658958,0,0
101077,"J",0.0327273805408414,0,0
101078,"J",0.387234993472509,0,0
101079,"J",0.188671893827048,0,0
101084,"J",0.0324926151298473,0,0
101085,"J",0.0419769230620582,0,0
101086,"J",0.0506099516395105,0,0
101087,"J",0.0670842856586397,0,1
101088,"J",0.51997574043177,1,1
101091,"J",0.266809377749398,0,0
101093,"J",0.592842121118307,1,1
101095,"J",0.189552545908222,0,0
101096,"J",0.154023319344604,0,0
101097,"J",0.232338492345872,0,0
101099,"J",0.010612478361037,0,0
101101,"J",0.00150300591089481,0,0
101102,"J",0.20906780682639,0,0
101103,"J",0.317950200354669,1,1
101106,"J",0.240845968848614,0,0
101107,"J",0.0632849592040217,0,0
101108,"J",0.173784830018112,0,0
101109,"J",0.624988058925239,1,1
101111,"J",0.0292028542128365,0,0
101112,"J",0.0323707502680379,0,0
101115,"J",0.0958489212217757,0,0
101118,"J",0.069115007175754,0,0
101122,"J",0.0162751988176814,0,0
101123,"J",0.074747030684108,0,0
101124,"J",0.250905943912387,1,1
101125,"J",0.0357337063923001,0,0
101132,"J",0.0246871391000968,0,0
101134,"J",0.00427659833675844,0,0
101136,"J",0.420594244662974,0,0
101138,"J",0.0443391211622467,0,0
101139,"J",0.0081405354876493,0,0
101141,"J",0.550957467611344,0,0
101143,"J",0.65345908790638,1,1
101149,"J",0.645851682440091,1,1
101153,"J",0.105655154107428,0,0
101155,"J",0.137049584326688,0,0
101160,"J",0.0308441451935124,0,0
101162,"J",0.361952260171914,1,1
101163,"J",0.529368290589784,1,1
101164,"J",0.00422917905749947,0,0
101166,"J",0.00166810157237685,0,0
101169,"J",0.135775274747089,0,0
101171,"J",0.0215135057597023,0,0
101173,"J",0.133387413599861,0,0
101174,"J",0.0677897630503653,0,0
101175,"J",0.141200726194216,0,0
101176,"J",0.0544131891641777,0,0
101177,"J",0.180300346726843,0,0
101179,"J",0.0889353578885995,0,0
101180,"J",0.0566423703249725,0,0
101181,"J",0.0635224218767373,0,0
101182,"J",0.345352905621476,0,1
101183,"J",0.232024157496808,1,1
101185,"J",0.506749711754708,1,1
101186,"J",0.00920394401886646,0,0
101187,"J",0.00728751939756774,0,0
101191,"J",0.0253000640008355,0,0
101193,"J",0.32043333209325,0,0
101194,"J",0.109923695361871,0,0
101196,"J",0.223340742810009,1,1
101199,"J",0.0434806039161614,0,0
101200,"J",0.0946907702172462,0,0
101201,"J",0.267491904642325,1,1
101204,"J",0.373598294056333,0,0
101206,"J",0.0149103622849584,0,0
101211,"J",0.209062799817422,0,0
101212,"J",0.783350567788236,0,0
101214,"J",0.00842710355059555,0,0
101216,"J",0.362513589542971,0,0
101217,"J",0.134965578824504,0,0
101221,"J",0.250751709143115,0,0
101222,"J",0.104387875862893,0,0
101226,"J",0.427010412335733,0,0
101227,"J",0.208167385265924,0,0
101228,"J",0.0165304328032091,0,0
101229,"J",0.0505670399036805,0,0
101230,"J",0.278956935688274,0,0
101232,"J",0.108508598830421,0,0
101236,"J",0.00258451477576179,0,0
101238,"J",0.0558612496754182,0,0
101239,"J",0.0314752806930558,0,0
101241,"J",0.00920313773925604,0,0
101242,"J",0.299444362574613,0,0
101243,"J",0.112247296360315,0,0
101246,"J",0.660724438917742,1,1
101247,"J",0.0879759638840052,0,0
101249,"J",0.546942264992968,0,0
101250,"J",0.00808581298145373,0,0
101252,"J",0.130568236029105,0,0
101253,"J",0.569478714501027,0,0
101254,"J",0.00205012014080703,0,0
101255,"J",0.34486102201159,0,0
101256,"J",0.365553591708652,0,1
101262,"J",0.014730631757648,0,0
101265,"J",0.0186877409783685,0,0
101266,"J",0.470011373200247,1,1
101273,"J",0.61965143167323,0,0
101274,"J",0.542601993685503,0,0
101275,"J",0.605519416786805,0,0
101277,"J",0.395502050062151,0,0
101278,"J",0.366292331251856,0,0
101281,"J",0.0175713752355686,0,0
101282,"J",0.133828089863417,0,0
101283,"J",0.324943988138489,1,1
101284,"J",0.694289019933935,1,1
101285,"J",0.0616428522028406,0,0
101286,"J",0.713603367357202,0,0
101288,"J",0.218608508539335,0,0
101294,"J",0.170317776546682,1,1
101298,"J",0.0938125611145575,0,0
101300,"J",0.0168931635190972,0,0
101307,"J",0.39235335808802,0,0
101308,"J",0.00155420326168961,0,0
101311,"J",0.0738101076377579,0,0
101312,"J",0.347799378856305,1,1
101316,"J",0.00233150684148825,0,0
101319,"J",0.15836616040553,0,0
101320,"J",0.0740308369267179,0,0
101322,"J",0.498630329618477,0,1
101323,"J",0.653362706929286,1,1
101324,"J",0.0135310197480928,0,0
101327,"J",0.268117438710748,0,0
101328,"J",0.0709382628302627,0,1
101330,"J",0.00114368796678433,0,0
101333,"J",0.537514011987888,0,0
101335,"J",0.202626868656221,0,0
101336,"J",0.08139794133826,0,0
101339,"J",0.675752969119485,1,1
101342,"J",0.265655222339617,0,0
101343,"J",0.548909236817334,0,0
101345,"J",0.100978470660029,0,0
101350,"J",0.361523384556485,0,0
101351,"J",0.162376511136126,0,0
101355,"J",0.244900914257502,0,0
101356,"J",0.0501421197877641,0,0
101357,"J",0.309189335334128,0,0
101359,"J",0.0507359101309539,0,0
101360,"J",0.0281892367763993,0,0
101362,"J",0.105095339796438,0,0
101365,"J",0.0459516348863568,0,0
101366,"J",0.0715771375935465,0,0
101370,"J",0.00322348498888105,0,0
101372,"J",0.0326385672847619,0,0
101375,"J",0.144397293531247,0,0
101378,"J",0.0120114311465587,0,0
101379,"J",0.0689801040938241,0,0
101382,"J",0.050197812291995,0,0
101384,"J",0.00350702113239599,0,0
101386,"J",0.14575247629764,0,0
101387,"J",0.315456437243907,0,0
101389,"J",0.117123624877426,0,1
101390,"J",0.0419679174768088,0,0
101391,"J",0.212250330526619,0,0
101394,"J",0.0391279698863918,0,0
101396,"J",0.663868740544752,1,1
101397,"J",0.0127656084552104,0,0
101398,"J",0.736261298494271,1,1
101399,"J",0.0129405244363709,0,0
101400,"J",0.263081339172949,0,0
101401,"J",0.0615100437587107,0,0
101402,"J",0.308555298521655,0,1
101404,"J",0.0953239858156559,0,0
101405,"J",0.216652503402414,0,0
101407,"J",0.141600681347853,0,0
101411,"J",0.257503310525952,0,0
101412,"J",0.0463016605938575,0,0
101415,"J",0.0143282776811435,0,0
101416,"J",0.0235484019163904,0,0
101421,"J",0.117757057734413,0,0
101423,"J",0.036228064672906,1,1
101426,"J",0.0644199102962409,0,0
101427,"J",0.00238154395828398,0,0
101430,"J",0.0151628673075247,0,0
101432,"J",0.161326491221604,0,1
101434,"J",0.18861136216969,0,0
101438,"J",0.0282130578755034,0,0
101439,"J",0.0460421942561769,0,0
101442,"J",0.332354173277166,0,0
101443,"J",0.595918010304492,0,0
101444,"J",0.20188205269296,0,0
101446,"J",0.00584326895122855,0,0
101448,"J",0.259787034090805,0,0
101449,"J",0.328631219961328,0,1
101450,"J",0.213640277499981,0,0
101454,"J",0.143494396108169,0,0
101455,"J",0.318134878716593,0,0
101461,"J",0.662049353513883,1,1
101462,"J",0.0582365274139518,0,1
101464,"J",0.0089787696637353,0,0
101467,"J",0.130287773833208,0,0
101468,"J",0.490713824068969,1,1
101470,"J",0.320481929178808,0,0
101472,"J",0.159690335688652,0,0
101478,"J",0.112783812022699,0,0
101479,"J",0.0916672251421233,0,0
101480,"J",0.548684093413776,0,0
101481,"J",0.00518472532299455,1,1
101483,"J",0.606680778122033,1,1
101484,"J",0.147686777075562,0,0
101486,"J",0.39506039757418,0,0
101487,"J",0.157757286146429,0,0
101488,"J",0.109276928744042,0,0
101489,"J",0.154398234060367,1,1
101490,"J",0.227188570894803,0,0
101493,"J",0.0608247955955957,0,0
101498,"J",0.859130590178822,1,1
101500,"J",0.405756184103709,0,1
101501,"J",0.00977576653271149,0,0
101502,"J",0.764663586939288,1,1
101505,"J",0.12660521657101,0,0
101508,"J",0.413697767123623,0,0
101510,"J",0.375147528435607,1,1
101513,"J",0.0299549791642951,0,0
101515,"J",0.0951027558110877,0,0
101516,"J",0.00730226916403841,0,0
101517,"J",0.00782461782862775,0,0
101518,"J",0.246014969488122,0,0
101520,"J",0.0937871899715631,0,0
101522,"J",0.101029606052428,0,0
101527,"J",0.393318222886171,0,0
101530,"J",0.229366518112343,0,0
101535,"J",0.533992616788742,1,1
101537,"J",0.0308208220474444,0,0
101541,"J",0.0522067997058116,0,0
101542,"J",0.141330486730691,0,0
101544,"J",0.0135945084745728,0,0
101545,"J",0.00907746970557759,0,0
101546,"J",0.151900790411344,0,0
101547,"J",0.0550330832702027,0,0
101548,"J",0.377768713887368,1,1
101549,"J",0.0789093717399459,0,0
101550,"J",0.103126800596692,0,0
101551,"J",0.0194946299124101,0,0
101552,"J",0.146881605410919,0,0
101558,"J",0.0944305642681366,0,0
101559,"J",0.0202869457157872,0,0
101562,"J",0.560909721288091,0,1
101563,"J",0.0426976391251349,0,0
101571,"J",0.457315503042742,1,1
101572,"J",0.450820452561782,0,0
101574,"J",0.00516172781631394,0,0
101575,"J",0.164372388389318,0,0
101578,"J",0.133921961772008,0,0
101579,"J",0.610014134761447,0,0
101580,"J",0.364679892292574,1,1
101581,"J",0.39778917091566,0,0
101584,"J",0.435192893556257,0,0
101587,"J",0.459124875923467,0,0
101588,"J",0.0145025123151747,0,0
101589,"J",0.749320960434437,0,0
101590,"J",0.0112775011177007,0,0
101593,"J",0.140520141382515,0,0
101594,"J",0.01093925133619,0,0
101596,"J",0.0250179079188583,0,0
101597,"J",0.0806608461464738,0,0
101599,"J",0.00511112284292245,0,0
101601,"J",0.218642372436751,0,0
101604,"J",0.00366365077702218,0,0
101605,"J",0.351702354291046,0,0
101606,"J",0.133457741749614,0,0
101608,"J",0.297849477245076,0,0
101609,"J",0.00208639247847386,0,0
101612,"J",0.190237754632796,0,0
101613,"J",0.512308851331237,1,1
101616,"J",0.0669876998208298,0,0
101620,"J",0.00567385424660627,0,0
101621,"J",0.146029527782452,0,0
101623,"J",0.58295387936642,1,1
101625,"J",0.0222723646968175,0,0
101626,"J",0.0223518377999158,0,0
101627,"J",0.352442665557208,0,0
101631,"J",0.212054388565019,0,0
101634,"J",0.375915114867001,0,0
101635,"J",0.18436598364097,0,0
101636,"J",0.402864172252681,0,0
101638,"J",0.0473449054563128,0,0
101640,"J",0.132569212881944,0,1
101642,"J",0.747303330404342,1,1
101645,"J",0.243268890709884,1,1
101647,"J",0.183759490327707,0,0
101649,"J",0.00940200095718811,0,0
101652,"J",0.00679363764152905,0,0
101654,"J",0.323127542568305,1,1
101655,"J",0.00988940962998676,0,0
101656,"J",0.195385972731997,1,1
101657,"J",0.0116416585052399,0,0
101658,"J",0.0132964963114233,0,0
101659,"J",0.00521093584168129,0,0
101660,"J",0.234864148207024,1,1
101661,"J",0.0645887635643981,0,0
101662,"J",0.223227700782266,0,0
101664,"J",0.0475578251289044,0,0
101667,"J",0.738927030828802,0,0
101668,"J",0.0513302695435516,0,0
101669,"J",0.107048596636769,0,0
101670,"J",0.0837954376324784,0,0
101675,"J",0.462602697652561,0,1
101676,"J",0.0978585141619273,0,0
101677,"J",0.00926347367360669,0,0
101679,"J",0.533372574617319,0,0
101681,"J",0.0269910868562633,0,0
101682,"J",0.0308526318682346,0,0
101687,"J",0.141036832963368,0,0
101688,"J",0.000689023035433047,0,0
101689,"J",0.208060214041971,1,1
101692,"J",0.160812961076647,0,0
101693,"J",0.0276547650919442,0,0
101694,"J",0.503333056808528,0,1
101695,"J",0.599907577527837,0,0
101697,"J",0.0827022157306709,1,1
101698,"J",0.0700397665239069,0,0
101700,"J",0.31167068471339,0,0
101701,"J",0.00396534027854207,0,0
101705,"J",0.125221579212142,0,0
101707,"J",0.419132844518446,0,0
101708,"J",0.276916980734147,1,1
101710,"J",0.145629585196957,0,0
101711,"J",0.123324066058186,0,0
101714,"J",0.0599224991891923,0,0
101716,"J",0.115800720315894,0,0
101718,"J",0.0598139515291434,0,0
101721,"J",0.0191389619549573,0,0
101722,"J",0.676981115181105,1,1
101723,"J",0.297294139605661,0,0
101724,"J",0.228081302903306,0,0
101725,"J",0.0507764594031587,0,0
101726,"J",0.640856145373292,1,1
101727,"J",0.178377708267532,0,0
101728,"J",0.65046833113151,0,1
101730,"J",0.510565170821724,0,0
101731,"J",0.0837344054942801,0,0
101732,"J",0.0101794790958579,1,1
101733,"J",0.00420681137298288,0,0
101736,"J",0.281266981772157,0,0
101737,"J",0.133649908489661,0,0
101740,"J",0.269022119327192,0,0
101742,"J",0.0440364687716659,0,0
101743,"J",0.275001320122848,0,0
101744,"J",0.008406588573657,0,0
101750,"J",0.0646585135505506,0,0
101755,"J",0.48022388052645,0,0
101756,"J",0.400827117021837,0,0
101758,"J",0.0103997017757821,0,0
101761,"J",0.555730072647955,1,1
101762,"J",0.0751799494834899,0,0
101763,"J",0.230734617114735,0,0
101764,"J",0.0669072751407575,0,0
101766,"J",0.393739010238291,1,1
101768,"J",0.00112038244267423,0,0
101772,"J",0.200127898001322,0,1
101774,"J",0.0189049069807845,0,0
101775,"J",0.0330995202550779,0,0
101778,"J",0.0372255779563809,0,0
101779,"J",0.116866489819624,0,0
101780,"J",0.14840523797729,0,0
101781,"J",0.120599616672919,0,0
101783,"J",0.309704117351436,1,1
101785,"J",0.217789331179652,0,0
101786,"J",0.164678374436009,0,0
101787,"J",0.0489004647489263,0,0
101790,"J",0.0320336459694847,0,0
101793,"J",0.112730707298834,0,0
101794,"J",0.618848494491709,1,1
101795,"J",0.138873409752096,0,0
101799,"J",0.000810595657275595,0,0
101802,"J",0.086440221078477,0,0
101807,"J",0.243793148571707,0,0
101809,"J",0.413008880530299,1,1
101811,"J",0.356755556145516,0,0
101814,"J",0.0525208826625384,0,0
101817,"J",0.659613183658451,0,1
101821,"J",0.0819209979701341,0,1
101822,"J",0.0588695948469992,0,0
101823,"J",0.162559503492503,0,0
101824,"J",0.599217452857798,0,0
101828,"J",0.0957509671502859,0,0
101829,"J",0.649973004192983,1,1
101830,"J",0.063116153735467,0,0
101832,"J",0.0390691933112546,0,0
101834,"J",0.114236195201218,0,0
101837,"J",0.169504504071508,1,1
101838,"J",0.0259924927321977,1,1
101839,"J",0.359779767436341,1,1
101840,"J",0.278499447242939,1,1
101843,"J",0.387302589205982,0,0
101844,"J",0.0105092283421875,0,0
101845,"J",0.214539629964788,0,0
101846,"J",0.0197885612265006,0,0
101847,"J",0.0980187067655189,0,0
101848,"J",0.0345750314053599,0,0
101850,"J",0.0263499955657541,0,0
101851,"J",0.0236295723247494,0,0
101853,"J",0.0867290857507904,0,0
101861,"J",0.0345880868457239,0,0
101862,"J",0.0405923982590313,0,0
101864,"J",0.199223776339355,0,0
101865,"J",0.0901083834342053,0,0
101866,"J",0.427895036522237,0,0
101867,"J",0.00310511879043653,0,0
101870,"J",0.0917207665149243,0,0
101871,"J",0.0450569326958774,0,0
101874,"J",0.106643750152069,0,0
101875,"J",0.149153566440221,0,0
101876,"J",0.120656717980614,0,0
101879,"J",0.141985229024262,0,0
101880,"J",0.0106786223735035,0,0
101882,"J",0.0577965088364324,0,0
101883,"J",0.187603071852998,1,1
101884,"J",0.246241890592512,0,0
101885,"J",0.0108548815830269,0,0
101888,"J",0.326132747783875,0,0
101893,"J",0.0212836696523672,0,0
101894,"J",0.0388291751088649,0,0
101895,"J",0.352308517169033,0,1
101896,"J",0.0239383020916394,0,0
101899,"J",0.0108130778224904,0,0
101903,"J",0.0671519915463483,0,0
101904,"J",0.0331553201011764,0,0
101905,"J",0.362639516258318,1,1
101910,"J",0.339282808037399,1,1
101912,"J",0.01220216482524,0,0
101915,"J",0.167439160085544,0,0
101917,"J",0.267564835188792,0,0
101919,"J",0.0390262325095637,0,0
101920,"J",0.425120161836988,0,0
101922,"J",0.0906038605730153,0,0
101928,"J",0.0789472261780443,0,0
101934,"J",0.349439208453833,0,0
101941,"J",0.226159250098401,0,0
101945,"J",0.158980556659253,0,0
101947,"J",0.65265813271772,1,1
101949,"J",0.101363945150714,0,0
101950,"J",0.125861005658113,0,0
101957,"J",0.0280426424268285,0,0
101959,"J",0.346336596969616,0,0
101962,"J",0.703039056205733,1,1
101965,"J",0.0383161315983914,0,0
101966,"J",0.00282276702129154,0,0
101971,"J",0.00215996709280754,0,0
101976,"J",0.0692853204554263,0,0
101977,"J",0.178974188970262,0,0
101978,"J",0.239009263647297,0,0
101980,"J",0.00401790290404461,0,0
101981,"J",0.36075884487749,0,0
101985,"J",0.077154981063412,0,0
101989,"J",0.67561410672438,1,1
101993,"J",0.0780948839578003,0,0
101995,"J",0.135632556390462,1,1
102000,"J",0.119388834847203,0,0
102001,"J",0.259453508962119,0,0
102002,"J",0.519658284397445,1,1
102003,"J",0.00285074494539711,0,0
102005,"J",0.19012029337761,0,0
102007,"J",0.479811716949083,0,0
102008,"J",0.0277252891091221,0,0
102012,"J",0.323510897429758,1,1
102015,"J",0.00187609974089179,0,0
102018,"J",0.515768524597899,0,0
102021,"J",0.41614431730267,1,1
102022,"J",0.111719479417754,0,0
102024,"J",0.0930683170122154,0,0
102026,"J",0.00135008377853151,0,0
102027,"J",0.674053053772517,1,1
102028,"J",0.00431723054513878,0,0
102030,"J",0.634522514828539,1,1
102031,"J",0.141202937563735,0,0
102032,"J",0.558549630568662,0,0
102035,"J",0.0105906652081385,0,0
102037,"J",0.00209487268962215,0,0
102041,"J",0.0403995063924706,0,0
102044,"J",0.00554592895458262,0,0
102045,"J",0.61725125060157,0,0
102047,"J",0.285746911676764,0,0
102048,"J",0.579032708184728,0,0
102050,"J",0.0495397536341428,0,0
102052,"J",0.477700118545731,0,0
102054,"J",0.444871266640305,1,1
102055,"J",0.393330195620821,0,0
102057,"J",0.163016746293606,0,0
102058,"J",0.258999283150423,0,0
102060,"J",0.0475663294505282,0,0
102064,"J",0.0220864107013185,0,0
102067,"J",0.339646086386389,1,1
102068,"J",0.261110382426463,0,1
102070,"J",0.0658902233380743,0,0
102072,"J",0.121221576114323,0,1
102073,"J",0.184088698153026,0,0
102074,"J",0.0662165154772496,0,0
102078,"J",0.249962459489599,0,0
102079,"J",0.155307528221222,0,0
102081,"J",0.277727359299672,0,0
102082,"J",0.93391882002671,1,1
102088,"J",0.0703790673314681,0,0
102091,"J",0.150580367578071,0,0
102092,"J",0.126714482385018,0,0
102093,"J",0.00575659656697624,0,0
102096,"J",0.00481027707494447,0,0
102099,"J",0.0130058942401405,0,0
102100,"J",0.263560292556165,0,0
102101,"J",0.0204439355905441,0,0
102103,"J",0.0110024205301295,0,0
102105,"J",0.0192987509038978,0,0
102106,"J",0.541237614319727,0,0
102107,"J",0.0261773738839184,0,0
102111,"J",0.112433810530586,0,0
102112,"J",0.00386920613881797,0,0
102113,"J",0.0044362581083195,0,0
102116,"J",0.151680844664104,1,1
102117,"J",0.225445909168603,0,0
102121,"J",0.171937335709533,0,0
102126,"J",0.00339139959572148,0,0
102128,"J",0.00102555793902044,0,0
102129,"J",0.0585081896769242,0,0
102130,"J",0.078335569133568,0,0
102131,"J",0.669582428280104,0,0
102132,"J",0.324468824112772,0,0
102134,"J",0.105923028240792,0,0
102135,"J",0.00713837557352204,0,0
102139,"J",0.00610672426222203,0,0
102147,"J",0.218631909915181,0,1
102148,"J",0.473920283327611,0,0
102149,"J",0.0299622560294626,0,0
102151,"J",0.188926567256524,0,0
102152,"J",0.147530375882898,0,0
102153,"J",0.633964543888462,0,0
102154,"J",0.0922459822303335,0,0
102155,"J",0.0863278812450001,0,0
102160,"J",0.00841128565144962,0,0
102162,"J",0.107676542317787,0,0
102167,"J",0.390839335108121,1,1
102168,"J",0.0853066694255419,0,0
102169,"J",0.171780966217401,0,0
102170,"J",0.20849606414942,1,1
102171,"J",0.120520844442281,0,1
102173,"J",0.470450095131975,0,0
102177,"J",0.170057338914813,0,0
102178,"J",0.574108208179338,1,1
102179,"J",0.459471407145596,1,1
102181,"J",0.277170555985075,0,0
102183,"J",0.297173329457565,0,0
102185,"J",0.487800244311738,0,1
102187,"J",0.00968632282607759,0,0
102191,"J",0.11042160091794,0,0
102192,"J",0.593404942964431,1,1
102193,"J",0.195232211478396,0,0
102194,"J",0.149713847911679,0,0
102196,"J",0.00539333443591708,0,0
102198,"J",0.172811260144492,0,0
102199,"J",0.567878018885696,0,0
102201,"J",0.0314850847939876,0,0
102202,"J",0.00158346429993167,0,0
102204,"J",0.0527074020012696,0,0
102210,"J",0.400506529446613,1,1
102211,"J",0.235443306357681,0,0
102212,"J",0.0375217237535781,0,0
102214,"J",0.255534182770004,0,0
102215,"J",0.0929140122815072,0,0
102217,"J",0.0162363664105462,0,0
102218,"J",0.267655743229123,0,0
102219,"J",0.0693662285972313,0,0
102221,"J",0.0294137535473936,0,0
102223,"J",0.00387501837316644,0,0
102225,"J",0.030669729816994,0,0
102226,"J",0.00789602561333135,0,0
102229,"J",0.27994349844226,0,0
102232,"J",0.0166234268730435,0,0
102234,"J",0.395719709137932,0,0
102238,"J",0.620711019847334,0,0
102239,"J",0.0109192619802393,0,0
102240,"J",0.21683849283154,0,0
102242,"J",0.00462503428736157,0,0
102243,"J",0.118421963060199,0,0
102245,"J",0.10728781762694,0,0
102248,"J",0.0434804564565078,0,0
102249,"J",0.0082631407245295,0,0
102250,"J",0.00820882406923386,0,0
102251,"J",0.466045681200697,0,0
102254,"J",0.111672580734699,0,0
102255,"J",0.00218965069096669,0,0
102256,"J",0.180258634703365,0,0
102258,"J",0.0778359353953261,0,0
102260,"J",0.101414074644051,0,0
102263,"J",0.676167654615041,1,1
102265,"J",0.0367157186835982,0,0
102266,"J",0.0573265311929272,0,0
102267,"J",0.674427239334918,0,0
102269,"J",0.121785590430068,0,0
102271,"J",0.363346745055481,0,0
102272,"J",0.00181538013583911,0,0
102276,"J",0.373705133942691,0,0
102278,"J",0.280651693784006,1,1
102279,"J",0.113189920695615,0,0
102281,"J",0.340151100051829,1,1
102283,"J",0.00933983193495101,0,0
102285,"J",0.00769167710201053,0,0
102288,"J",0.210343280846801,0,0
102296,"J",0.31806877167588,1,1
102300,"J",0.105808115392218,0,0
102301,"J",0.457578903660602,1,1
102306,"J",0.279382239151794,0,0
102307,"J",0.53628464013369,1,1
102309,"J",0.108722568231072,0,0
102311,"J",0.0124656166662805,0,0
102313,"J",0.490222491853836,0,0
102315,"J",0.0133988366141793,0,0
102317,"J",0.690265105718063,1,1
102320,"J",0.297679923469763,0,0
102321,"J",0.563838090758282,0,1
102322,"J",0.0350649391738079,0,0
102324,"J",0.00752200690900965,0,0
102326,"J",0.16650261039562,1,1
102328,"J",0.0739406441134516,0,0
102329,"J",0.549965899394962,0,0
102331,"J",0.207315103226841,0,0
102334,"J",0.0206600359707033,0,0
102336,"J",0.00551060370293102,0,0
102337,"J",0.62211024159113,0,0
102338,"J",0.173799978497197,0,0
102340,"J",0.0174748023605501,0,0
102341,"J",0.0136393651537477,0,0
102342,"J",0.116339999752484,0,0
102344,"J",0.034213692766796,0,0
102345,"J",0.0235679583242981,0,0
102346,"J",0.417839735651693,1,1
102348,"J",0.0538191923972525,0,0
102349,"J",0.152153641823881,0,0
102350,"J",0.0290900846632766,0,0
102352,"J",0.00897382166010093,0,0
102353,"J",0.298285934987907,1,1
102355,"J",0.369823522166563,1,1
102356,"J",0.0138820634314694,0,0
102358,"J",0.0267198734450707,0,0
102359,"J",0.0581355714720626,0,0
102361,"J",0.0143103937694783,0,0
102362,"J",0.556531831298398,0,0
102364,"J",0.0100079657651551,0,0
102365,"J",0.058384359335746,0,0
102368,"J",0.14151617868029,0,0
102369,"J",0.0687827384233604,0,0
102370,"J",0.13251639844783,0,0
102371,"J",0.124245210539187,0,0
102372,"J",0.376387808107689,0,0
102373,"J",0.0492732967304867,0,0
102377,"J",0.199048103277357,0,0
102378,"J",0.145455859136592,0,0
102379,"J",0.256474243247818,0,0
102380,"J",0.00473938910323306,0,0
102381,"J",0.0574533444983995,0,0
102382,"J",0.00937799381467289,0,0
102383,"J",0.00581438155787626,0,0
102386,"J",0.0211515883976199,0,0
102387,"J",0.201437341071912,0,0
102389,"J",0.354850485286039,0,0
102392,"J",0.195697557251111,0,1
102393,"J",0.000974819747214862,0,0
102395,"J",0.00781914763632624,0,0
102396,"J",0.242464064321082,0,0
102397,"J",0.199228282626374,0,0
102399,"J",0.275345774453956,0,0
102400,"J",0.0314471158192842,0,0
102401,"J",0.0998506848162225,0,0
102405,"J",0.323824869020754,0,0
102407,"J",0.788407564519068,1,1
102410,"J",0.206503875859724,0,0
102411,"J",0.0829325691180206,0,0
102415,"J",0.338485511626566,1,1
102418,"J",0.115962680929369,0,0
102419,"J",0.0155308753231107,0,0
102420,"J",0.146254790997106,0,0
102421,"J",0.302824673280981,0,0
102423,"J",0.243017788329799,0,0
102424,"J",0.0332713719484914,0,0
102425,"J",0.0379068993640581,0,0
102427,"J",0.491894694779248,0,0
102428,"J",0.270394707058282,1,1
102429,"J",0.088182517207261,0,1
102432,"J",0.120096500229495,0,0
102434,"J",0.0680686834013488,0,0
102436,"J",0.142909775758409,0,0
102442,"J",0.0528544671682459,0,0
102443,"J",0.0445483286397567,0,0
102445,"J",0.67767631725147,0,0
102447,"J",0.074820503877706,0,0
102452,"J",0.264817608262912,0,0
102454,"J",0.0113165595884864,0,0
102455,"J",0.295117013275523,0,0
102456,"J",0.0387596044335568,1,1
102457,"J",0.284048607091206,0,0
102458,"J",0.00793646475783438,0,0
102460,"J",0.00142292705870079,0,0
102461,"J",0.021969107328262,0,0
102464,"J",0.0215489010691139,0,0
102465,"J",0.619030935343527,0,0
102466,"J",0.00485769084179824,0,0
102467,"J",0.255608192002828,0,1
102469,"J",0.00964974567083892,0,0
102471,"J",0.395740099168459,0,0
102472,"J",0.0190402932427018,0,0
102473,"J",0.0289990311344267,0,0
102474,"J",0.388776184113848,0,0
102475,"J",0.036717852868201,0,1
102478,"J",0.564023577595797,1,1
102480,"J",0.423326160519455,1,1
102482,"J",0.00677306904393982,0,0
102483,"J",0.547339431156653,0,0
102488,"J",0.0121004467274821,0,0
102489,"J",0.134766863378533,0,1
102490,"J",0.208194795524223,0,0
102492,"J",0.029462202492248,0,0
102493,"J",0.376394786697643,1,1
102494,"J",0.0686451041608575,0,0
102495,"J",0.00776065834776463,0,0
102497,"J",0.131576338657247,0,0
102501,"J",0.126337097894213,0,0
102504,"J",0.0797459745181236,0,0
102505,"J",0.0441807546723934,0,0
102506,"J",0.14876594102296,0,0
102508,"J",0.691076333163586,1,1
102509,"J",0.0895100073877879,0,1
102512,"J",0.178105415326898,0,0
102514,"J",0.0319889436082417,0,0
102515,"J",0.0595547969173684,0,0
102516,"J",0.374652079826084,0,0
102517,"J",0.3616498829038,0,1
102518,"J",0.118831931757587,0,0
102520,"J",0.105947507531059,0,0
102522,"J",0.678234012743532,1,1
102524,"J",0.224925859355929,0,0
102526,"J",0.1375061354294,0,0
102528,"J",0.24847867185465,0,0
102532,"J",0.0143784827417418,0,0
102533,"J",0.771906599029938,1,1
102541,"J",0.00896028627751097,0,0
102544,"J",0.238455303108206,0,0
102548,"J",0.0123870621889954,0,0
102551,"J",0.493173232307969,0,0
102553,"J",0.244594509158393,0,0
102556,"J",0.38079086333859,0,0
102559,"J",0.061190667834272,1,1
102562,"J",0.0186968516351854,0,0
102568,"J",0.004259647204468,0,0
102573,"J",0.2787915541414,1,1
102574,"J",0.561161779886877,1,1
102576,"J",0.336870916864363,0,1
102579,"J",0.193708297894578,0,0
102580,"J",0.0050070716282256,0,0
102581,"J",0.0405363685037756,0,0
102585,"J",0.754740017150058,0,0
102586,"J",0.0743492938928965,0,0
102588,"J",0.554768946212709,0,0
102589,"J",0.0080662707351605,0,0
102591,"J",0.212265469402792,0,0
102593,"J",0.0711435525339978,0,0
102597,"J",0.485627103776358,0,0
102598,"J",0.125342734201468,0,0
102600,"J",0.0462953327376028,0,0
102605,"J",0.395415648152943,1,1
102606,"J",0.145360308386598,0,0
102609,"J",0.521310782710689,0,0
102611,"J",0.540785688757085,1,1
102612,"J",0.0774554964194496,0,0
102615,"J",0.360213296625293,0,0
102616,"J",0.013046458549948,0,0
102617,"J",0.262462648480528,0,0
102618,"J",0.316924624567977,0,0
102619,"J",0.0601253615000015,1,1
102620,"J",0.123495677562949,0,0
102621,"J",0.0327964383430184,0,0
102622,"J",0.0510272467216934,0,0
102625,"J",0.102972384339756,0,0
102626,"J",0.0515342823407965,0,0
102628,"J",0.0753700804349816,0,0
102629,"J",0.164100394847876,0,0
102631,"J",0.0187113971313037,0,0
102633,"J",0.105385440010977,0,0
102634,"J",0.17257457891634,0,0
102637,"J",0.650080037223487,1,1
102638,"J",0.00451558914637745,0,0
102641,"J",0.0421871268911084,0,0
102642,"J",0.128662316137833,0,1
102644,"J",0.0323613268947126,0,0
102648,"J",0.00730980000499192,0,0
102649,"J",0.616148128300213,0,0
102650,"J",0.18370238256231,0,0
102651,"J",0.202184054842306,0,0
102653,"J",0.00337673319738374,0,0
102655,"J",0.00177661022635525,0,0
102657,"J",0.0751758549037233,1,1
102659,"J",0.0659736213960688,0,0
102661,"J",0.195552924553983,0,0
102664,"J",0.385799399599614,0,0
102665,"J",0.287431537791784,0,1
102666,"J",0.0561536612932463,0,0
102667,"J",0.349074832666801,0,0
102668,"J",0.0212474885959686,0,0
102669,"J",0.00389870678889366,0,0
102672,"J",0.00456288839344338,0,0
102673,"J",0.0938864938844415,0,0
102674,"J",0.0147696266121757,0,0
102675,"J",0.00202653247142139,0,0
102676,"J",0.00163045133530934,0,0
102677,"J",0.0556198149065525,1,1
102679,"J",0.269731208622873,0,0
102680,"J",0.0976476302444425,0,0
102683,"J",0.517790504522017,1,1
102685,"J",0.0374026410070497,0,0
102686,"J",0.106686798294024,0,1
102687,"J",0.305085308349987,0,0
102688,"J",0.141926740652286,0,0
102689,"J",0.00336315501387832,0,0
102694,"J",0.180556388617135,0,0
102696,"J",0.515902631638438,1,1
102697,"J",0.251724086345439,0,0
102701,"J",0.15936354431785,0,0
102702,"J",0.359051233356399,1,1
102704,"J",0.0438691796309126,1,1
102706,"J",0.199213581446656,0,0
102708,"J",0.372432297400688,1,1
102710,"J",0.169607007663983,0,0
102713,"J",0.00316162887707459,0,0
102718,"J",0.0383964654278209,0,0
102720,"J",0.296290962300854,1,1
102721,"J",0.0955762811217548,0,0
102722,"J",0.257746870316479,1,1
102723,"J",0.437526239532952,1,1
102724,"J",0.120026786671554,0,0
102726,"J",0.239045533651198,0,0
102729,"J",0.0661254237620684,0,0
102730,"J",0.613592233433313,1,1
102732,"J",0.598696005328897,0,0
102733,"J",0.455698040493814,1,1
102737,"J",0.200488712883651,0,0
102743,"J",0.24274490619372,1,1
102746,"J",0.00397296353525565,0,0
102747,"J",0.0699497086183936,0,0
102750,"J",0.275268876956756,1,1
102753,"J",0.0880345173580459,0,0
102754,"J",0.103231148027001,0,1
102756,"J",0.0937899655062297,0,0
102758,"J",0.0466307181433669,0,0
102759,"J",0.0124599489998854,0,0
102761,"J",0.00320176706221567,0,0
102762,"J",0.0190314364377087,0,0
102763,"J",0.125064753344588,0,0
102766,"J",0.0457209765992387,0,0
102768,"J",0.138835177500865,0,0
102771,"J",0.503233426477567,1,1
102772,"J",0.094429489508227,0,0
102773,"J",0.0191922055464381,0,0
102775,"J",0.774257063981718,1,1
102776,"J",0.0457732133288128,0,0
102777,"J",0.326458232803758,0,0
102779,"J",0.15588558311122,0,0
102781,"J",0.00177477718891887,0,0
102783,"J",0.397791528628046,1,1
102785,"J",0.0494453678566285,0,0
102786,"J",0.102286731734441,1,1
102788,"J",0.20901988992317,0,0
102789,"J",0.314598171948792,0,0
102790,"J",0.0785156596143356,0,0
102791,"J",0.279079661955748,0,1
102792,"J",0.500970768514551,0,0
102793,"J",0.0210991453366221,0,0
102797,"J",0.00112997227440694,0,0
102798,"J",0.560853295525322,0,0
102800,"J",0.123262071534013,1,1
102801,"J",0.642536074010081,1,1
102802,"J",0.00627189938218451,0,0
102805,"J",0.088943268417078,0,0
102807,"J",0.843629853228788,1,1
102808,"J",0.541183543301538,0,0
102809,"J",0.00645913443528553,0,0
102811,"J",0.0358255645339806,0,0
102815,"J",0.0568969469145448,0,0
102816,"J",0.055736268675278,0,0
102819,"J",0.0516149107423534,0,0
102820,"J",0.0867092806686245,0,0
102821,"J",0.0115707480311608,0,0
102823,"J",0.139154414831075,0,0
102826,"J",0.228716551626095,0,0
102828,"J",0.714505550576576,1,1
102831,"J",0.284665839089009,0,0
102832,"J",0.0190978001223308,0,0
102833,"J",0.0238540821818097,0,0
102834,"J",0.602524288643153,0,0
102836,"J",0.195041549756259,0,1
102838,"J",0.154532074473795,1,1
102841,"J",0.357548790615078,0,0
102845,"J",0.195584972878968,0,0
102846,"J",0.151923855418813,0,0
102847,"J",0.0375792768487055,0,0
102849,"J",0.0284263180250695,0,0
102850,"J",0.34097448824458,0,0
102851,"J",0.4094515731195,0,0
102854,"J",0.262801968855175,0,0
102855,"J",0.367098472124291,1,1
102856,"J",0.0920925838391799,0,0
102858,"J",0.0611598847425341,0,1
102860,"J",0.362366055158926,1,1
102861,"J",0.218180891255276,0,0
102863,"J",0.611134701196155,0,1
102865,"J",0.390119198576135,0,1
102866,"J",0.392582062861407,1,1
102868,"J",0.173287885697859,0,0
102869,"J",0.883674441561054,1,1
102870,"J",0.0920054914061028,0,0
102871,"J",0.128797321437905,1,1
102873,"J",0.731048469225862,1,1
102875,"J",0.118959551318851,1,1
102876,"J",0.104412371324224,0,0
102878,"J",0.589258305701683,1,1
102879,"J",0.0150547073754403,0,0
102880,"J",0.230693253917023,0,0
102884,"J",0.0576005544970574,0,0
102885,"J",0.0669590495355981,0,0
102886,"J",0.39086666334816,1,1
102887,"J",0.123009639583719,0,0
102889,"J",0.363121725680989,0,0
102890,"J",0.239744665760125,0,0
102892,"J",0.145530957364218,0,0
102893,"J",0.0701261802750695,0,0
102894,"J",0.00489353188929691,0,0
102895,"J",0.31174088459442,1,1
102899,"J",0.00117480925015343,0,0
102901,"J",0.623527773398716,0,1
102903,"J",0.00338343467024025,0,0
102904,"J",0.058335769891462,0,0
102908,"J",0.0358091602369216,0,1
102911,"J",0.128952294191291,0,0
102913,"J",0.0244156098073871,0,0
102914,"J",0.0939058311559136,0,0
102916,"J",0.384795145604952,0,0
102917,"J",0.122399408178564,0,0
102918,"J",0.00451240182022002,0,0
102920,"J",0.362177175167272,0,0
102921,"J",0.361514916648189,0,0
102923,"J",0.312775447497289,1,1
102924,"J",0.868418570912349,1,1
102929,"J",0.260868419347349,0,0
102933,"J",0.00638021692885491,0,0
102934,"J",0.156281782949094,0,0
102943,"J",0.514606186199645,0,0
102944,"J",0.61867004356667,0,0
102947,"J",0.0870789307034617,0,0
102948,"J",0.00118680773446661,0,0
102949,"J",0.00682844085148205,0,0
102952,"J",0.172269910949501,0,1
102953,"J",0.0738885618186804,0,0
102954,"J",0.0673732371359485,0,0
102956,"J",0.0875339311975522,0,0
