"mech","budget","design","threshold","delta_bias","delta_bias_mcse","delta_empse","delta_modse","delta_cover","nb_bias","nb_bias_mcse","nb_empse","nb_modse","nb_cover","rmse_delta","delta_width","nb_width","mean_reviewed"
"M3",300,"Balanced",0.02,0.000215250968912188,0.00013273706082683,0.00296809091142316,0.00295682518370773,0.96,-0.00132262115424897,0.000850004378780957,0.019006675721267,0.0178644576924249,0.826,0.0029758858577053,0.0202879715947988,0.0748045635816863,298.352
"M4",300,"Balanced",0.02,4.99268906971755e-05,0.000145329204530733,0.00324965980446688,0.00318437071658369,0.958,-0.000707350545864002,0.000684539165314155,0.0153067610690342,0.0156201147721648,0.908,0.00325004331343175,0.020728180208582,0.0676380015191223,298.628
"M3",600,"Balanced",0.02,2.33092237089948e-06,9.58536703719008e-05,0.00214335322844428,0.00207272260600329,0.91,0.000211131883003771,0.000537439815893597,0.0120175196215305,0.0117788955638273,0.922,0.00214335449589694,0.0148307734524814,0.0480206510511214,596.444
"M4",600,"Balanced",0.02,4.33367985778402e-05,8.37020375833366e-05,0.00187163445891583,0.00190593080856104,0.926,0.000338369115386039,0.000492963330713457,0.0110229951789,0.0102788226702421,0.904,0.00187213611308369,0.0147749313472504,0.043131489602348,597.224
"M3",1200,"Balanced",0.02,-1.24263954295416e-05,6.41956524900816e-05,0.00143545842827776,0.00145122295496752,0.952,9.14426132882229e-05,0.000367139886059667,0.00820949742480943,0.00808600264258076,0.94,0.00143551221332911,0.00978763287739204,0.032311379472081,1193.964
"M4",1200,"Balanced",0.02,2.45049317332386e-05,5.14274700746417e-05,0.00114995318997735,0.00121584906318174,0.93,0.000207619336067263,0.000301158442821289,0.00673410750146385,0.0070665916835358,0.96,0.00115021425431019,0.00989146092042118,0.0287699419074924,1191.572
"M3",300,"Equal-rate correction",0.02,0.000613707772586067,2.94466648428979e-05,0.000658447442993728,NA,NA,0.00245835485691542,0.000676727956768303,0.0151320971360846,NA,NA,0.000900105696747626,NA,NA,299.046
"M4",300,"Equal-rate correction",0.02,0.000379985204128671,1.96444881436858e-05,0.0004392641087247,NA,NA,0.00176676219042197,0.000480659033656561,0.0107478627325543,NA,NA,0.000580811253825555,NA,NA,299.444
"M3",600,"Equal-rate correction",0.02,0.000697715196564349,2.15108079158073e-05,0.000480996287506856,NA,NA,0.0012342761142267,0.000440785927251968,0.00985627296860677,NA,NA,0.000847445528699164,NA,NA,598.268
"M4",600,"Equal-rate correction",0.02,0.000375127889823629,1.53188473691602e-05,0.00034253984054386,NA,NA,0.00172066834748086,0.000345182094343957,0.00771850627568833,NA,NA,0.000507990625979793,NA,NA,598.344
"M3",1200,"Equal-rate correction",0.02,0.000700938692256244,1.83641086427939e-05,0.000410633952714786,NA,NA,0.00064140005242308,0.000328895999888102,0.0073543381327756,NA,NA,0.000812364015342915,NA,NA,1195.786
"M4",1200,"Equal-rate correction",0.02,0.000418834313090218,1.35109649156941e-05,0.000302114359931068,NA,NA,0.000453830336126698,0.000247242431437809,0.00552850883617273,NA,NA,0.000516425472162551,NA,NA,1193.344
"M3",300,"Optimal (both)",0.02,-5.66218885045504e-05,0.000123176702821694,0.00275431480753599,0.00259593047003311,0.916,-0.000345113296103303,0.000645828972702654,0.0144411748480199,0.0135339348692773,0.938,0.00275489674893086,0.0159782108376188,0.0593454872199051,298.8
"M4",300,"Optimal (both)",0.02,2.19888265948746e-05,9.65172345044079e-05,0.00215819097352144,0.0023988251604802,0.92,-0.000330371038685606,0.000531082911653448,0.0118753749214562,0.0112070121894109,0.934,0.00215830298769298,0.0147642207606103,0.0524393507612476,299.25
"M3",600,"Optimal (both)",0.02,5.12518751727854e-05,6.98761217912037e-05,0.00156247758329186,0.00156298651693599,0.926,-0.000511960704626058,0.000379850761891454,0.00849372124894377,0.00861022854700229,0.95,0.00156331793087596,0.00953968033079699,0.0356677925109544,597.214
"M4",600,"Optimal (both)",0.02,-2.09795849428237e-05,6.37164788291838e-05,0.00142474377948981,0.00131266904014397,0.924,0.000403230517080022,0.000313430543682408,0.00700852001898581,0.00723231811640518,0.964,0.00142489823502568,0.00883175646897903,0.0313396447210805,597.936
"M3",1200,"Optimal (both)",0.02,1.16321276379861e-05,4.74929527574637e-05,0.00106197470817875,0.00104979000325832,0.934,-7.10418405345248e-05,0.000267029712596876,0.00597096589378848,0.00590480399229155,0.944,0.00106203841136031,0.00567811378721551,0.0238929999468069,1195.146
"M4",1200,"Optimal (both)",0.02,8.63660769604766e-05,3.8328792193334e-05,0.00085705784839758,0.000845116919875603,0.966,0.000452281921500694,0.000222831385287474,0.00498266125023237,0.00506969994552195,0.954,0.000861398429734715,0.00514507563542027,0.0207487466914615,1192.168
"M3",300,"Optimal (both) [strata]",0.02,-5.44485080825244e-05,9.49914357697228e-05,0.00212407307661405,0.00219955236987851,0.92,-0.000708765027947089,0.000645980434143632,0.0144445616287999,0.0130440427844425,0.932,0.00212477082877874,0.0154898317886133,0.0572902727409975,298.8
"M4",300,"Optimal (both) [strata]",0.02,1.40948967657561e-05,7.73914893927018e-05,0.00173052631162035,0.00191074592896218,0.922,-0.000676970267428426,0.000525486802188492,0.0117502421097245,0.010789052402657,0.934,0.00173058371115794,0.0141576944839943,0.050706096395826,299.25
"M3",600,"Optimal (both) [strata]",0.02,-1.37602603483244e-05,6.63552899022933e-05,0.00148374938888233,0.00150041907258915,0.912,-0.000739394043998018,0.000377709929072546,0.00844585077182837,0.00844120464304419,0.95,0.0014838131936917,0.00940349291435024,0.0351140362757512,597.214
"M4",600,"Optimal (both) [strata]",0.02,-2.62500552376269e-05,5.69714447397956e-05,0.00127392023214556,0.00119111953642408,0.92,0.000252640108665991,0.000319372586822418,0.00714138814284881,0.00708886140022936,0.96,0.00127419065420751,0.00858462882793694,0.030548729268129,597.936
"M3",1200,"Optimal (both) [strata]",0.02,-4.66380435497229e-05,4.72062783606493e-05,0.00105556447379189,0.00103854963759165,0.918,-9.41257461724576e-05,0.000269485708669834,0.00602588363550454,0.00586755178393908,0.942,0.0010565942766444,0.00562965358898697,0.0238062211965365,1195.146
"M4",1200,"Optimal (both) [strata]",0.02,5.48941317140442e-05,3.51485426414669e-05,0.0007859453065637,0.000805589344898154,0.97,0.000429791515454664,0.000223916273498184,0.00500692008810374,0.00502618520574704,0.954,0.000787860006984837,0.0053071435649649,0.0205696903779392,1192.168
"M3",300,"Optimal (both) [wald]",0.02,-5.66218885045504e-05,0.000123176702821694,0.00275431480753599,0.00259593047003311,0.66,-0.000345113296103303,0.000645828972702654,0.0144411748480199,0.0135339348692773,0.898,0.00275489674893086,0.00516610228927438,0.0519270918405942,298.8
"M4",300,"Optimal (both) [wald]",0.02,2.19888265948746e-05,9.65172345044079e-05,0.00215819097352144,0.0023988251604802,0.716,-0.000330371038685606,0.000531082911653448,0.0118753749214562,0.0112070121894109,0.9,0.00215830298769298,0.00505082149403665,0.042410437970771,299.25
"M3",600,"Optimal (both) [wald]",0.02,5.12518751727854e-05,6.98761217912037e-05,0.00156247758329186,0.00156298651693599,0.562,-0.000511960704626058,0.000379850761891454,0.00849372124894377,0.00861022854700229,0.936,0.00156331793087596,0.00406461182596046,0.0334569689379326,597.214
"M4",600,"Optimal (both) [wald]",0.02,-2.09795849428237e-05,6.37164788291838e-05,0.00142474377948981,0.00131266904014397,0.708,0.000403230517080022,0.000313430543682408,0.00700852001898581,0.00723231811640518,0.94,0.00142489823502568,0.00362730257676304,0.0279905415668228,597.936
"M3",1200,"Optimal (both) [wald]",0.02,1.16321276379861e-05,4.74929527574637e-05,0.00106197470817875,0.00104979000325832,0.62,-7.10418405345248e-05,0.000267029712596876,0.00597096589378848,0.00590480399229155,0.942,0.00106203841136031,0.00320232991257958,0.0230524680513907,1195.146
"M4",1200,"Optimal (both) [wald]",0.02,8.63660769604766e-05,3.8328792193334e-05,0.00085705784839758,0.000845116919875603,0.724,0.000452281921500694,0.000222831385287474,0.00498266125023237,0.00506969994552195,0.962,0.000861398429734715,0.00261701191289429,0.019785998782025,1192.168
"M3",300,"Optimal (treat-all)",0.02,-0.000206404072636099,0.000114007498552216,0.00254928516707464,0.00248360301414365,0.898,-0.00129277132161409,0.000614770342346423,0.0137466827603742,0.0136900686210639,0.958,0.0025576273192683,0.0149694668387396,0.0606083867949748,298.154
"M4",300,"Optimal (treat-all)",0.02,2.07515747919039e-05,9.4421650571317e-05,0.00211133229225197,0.00211742192090901,0.93,-0.000657413950862648,0.000476237016993658,0.0106489834339954,0.0112718092761652,0.96,0.00211143426991282,0.0139069976061373,0.0526900024009578,298.704
"M3",600,"Optimal (treat-all)",0.02,6.16818832094627e-07,6.7338404675659e-05,0.00150573250351163,0.00150605994642592,0.924,-0.000242643280473742,0.000404313613318945,0.00904072723609725,0.00884384566205254,0.952,0.00150573262985063,0.00892066676387262,0.0367632492809088,598.054
"M4",600,"Optimal (treat-all)",0.02,4.86415301872339e-05,5.88655413747782e-05,0.0013162735204633,0.00134739124230505,0.934,0.000617111459839739,0.000319710315765474,0.00714893999159522,0.00735354596920691,0.958,0.00131717196262744,0.00823451637124174,0.0316941041384623,597.702
"M3",1200,"Optimal (treat-all)",0.02,-7.94044951487181e-05,4.60934422421334e-05,0.00103068070170371,0.00101967941794389,0.928,-0.00016953504792433,0.000279713469784193,0.0062545833265979,0.00614113127986081,0.952,0.00103373487060961,0.00544981153002796,0.0249513137219752,1194.352
"M4",1200,"Optimal (treat-all)",0.02,4.05952250113825e-05,3.6459629104871e-05,0.000815262091129213,0.000833926678503639,0.954,0.00011815929214469,0.000214316642737405,0.00479226581870374,0.00511700118145713,0.96,0.000816272166330631,0.00469755695662904,0.021199743474063,1192.836
"M3",300,"Recorded",0.02,5.71897959183675e-05,9.36134400258485e-06,0.000209326015505397,NA,NA,-0.0200998510204082,8.99441979726956e-05,0.00201121340848646,NA,NA,0.000216997819170033,NA,NA,0
"M4",300,"Recorded",0.02,0.000174934693877551,8.78172079791065e-06,0.000196365246635519,NA,NA,-0.0148327183673469,9.18203916754354e-05,0.00205316637506929,NA,NA,0.000262985659700792,NA,NA,0
"M3",600,"Recorded",0.02,6.35204081632655e-05,9.6673982097937e-06,0.000216169595626585,NA,NA,-0.0199986224489796,8.97966832798203e-05,0.00200791487967697,NA,NA,0.000225308979684763,NA,NA,0
"M4",600,"Recorded",0.02,0.00016964081632653,9.28090124341916e-06,0.000207527260727476,NA,NA,-0.0147499510204082,9.57620483358478e-05,0.00214130449743576,NA,NA,0.000268040240465832,NA,NA,0
"M3",1200,"Recorded",0.02,6.84918367346941e-05,9.31499734490448e-06,0.000208289672734365,NA,NA,-0.019971712244898,9.08739836175537e-05,0.00203200404755052,NA,NA,0.000219261760156852,NA,NA,0
"M4",1200,"Recorded",0.02,0.0001867,9.29335314038737e-06,0.000207805693608173,NA,NA,-0.0148299326530612,9.26285130477173e-05,0.00207123651829422,NA,NA,0.000279356575537383,NA,NA,0
"M3",300,"SRS",0.02,-0.000141171362579866,0.00012098558336443,0.00270531988700333,0.00257938513237226,0.902,0.000178270206689868,0.000605047182281295,0.0135292662917568,0.0139560993008565,0.962,0.00270900074651676,0.0150560414307605,0.0621545601200686,298.758
"M4",300,"SRS",0.02,5.49424089117293e-05,9.95745443733855e-05,0.00222655450047459,0.00225905953594899,0.928,-0.000421160025034742,0.000515716849630874,0.0115317793291667,0.0111356901630862,0.95,0.00222723227614021,0.0144555287639829,0.0538407105246186,299.476
"M3",600,"SRS",0.02,3.27144729786615e-05,6.13549684290362e-05,0.00137193880164678,0.00134084100305796,0.922,0.000449163989478904,0.000406107401271835,0.00908083755409607,0.00869942516580449,0.934,0.0013723287915825,0.0081778493641684,0.0365103721844096,598.522
"M4",600,"SRS",0.02,0.000109003014412115,5.55870297311634e-05,0.00124296377146183,0.00125812027251401,0.948,0.000339245797358029,0.000327142356769743,0.00731512548056634,0.0072265004134707,0.97,0.00124773418415845,0.00827288132767037,0.0322768568499619,596.904
"M3",1200,"SRS",0.02,-7.24387232948133e-05,4.39508208945606e-05,0.000982770231871556,0.000974040841658522,0.914,-0.000233631418068328,0.000264785386737773,0.00592078124194233,0.00590916205490105,0.956,0.00098543629793379,0.00503774579064648,0.0239775462555075,1195.99
"M4",1200,"SRS",0.02,6.41089990306734e-05,3.63563373844872e-05,0.000812952418046304,0.000820572901964727,0.96,5.08199156841888e-05,0.000229310025155077,0.00512752804168939,0.0050064234456112,0.952,0.000815476301166409,0.00508662494701673,0.0207812855742578,1195.816
"M3",300,"SRS [strata]",0.02,-0.000204933988858009,9.69863112966864e-05,0.00216867984946347,0.00218839785886609,0.916,-0.000604176352110131,0.000600801381968164,0.0134343273105663,0.0132183549702867,0.968,0.00217834116456953,0.0144544478110233,0.0590153626023688,298.758
"M4",300,"SRS [strata]",0.02,0.000124046080387151,7.31261881089343e-05,0.00163515127547014,0.00170016278166967,0.94,-0.00135899156798955,0.000497789396605418,0.0111309092928832,0.0105534145851641,0.962,0.00163984972595998,0.0138918720943955,0.0520320271347238,299.476
"M3",600,"SRS [strata]",0.02,-3.82224805367287e-05,6.24071111292796e-05,0.00139546542764453,0.00134882708184983,0.902,0.000301186418621785,0.000410698420643387,0.00918349586810416,0.00855245133218714,0.932,0.00139598879571776,0.0084068323341684,0.0358019045472159,598.522
"M4",600,"SRS [strata]",0.02,5.02052561830657e-05,5.00848390430285e-05,0.00111993104742347,0.00114318208732832,0.932,0.000115786326439438,0.000324514087919009,0.00725635560243248,0.00705021772471524,0.962,0.00112105580536004,0.00787930208976932,0.0309966232076231,596.904
"M3",1200,"SRS [strata]",0.02,-0.000108408650419322,4.390408150062e-05,0.000981725107250773,0.000989125326253222,0.904,-0.000300182188407258,0.000264055250848345,0.00590445490712657,0.00587957937851817,0.958,0.000987692574484734,0.0050429097735371,0.0238959487820741,1195.99
"M4",1200,"SRS [strata]",0.02,4.82412772507765e-05,3.53393767268353e-05,0.000790212486436776,0.00078278626479826,0.952,-3.23566228919991e-05,0.000230723586849986,0.00515913624209145,0.00496447638799573,0.956,0.000791683645499501,0.00474674509207727,0.0205521269893439,1195.816
"M3",300,"SRS [wald]",0.02,-0.000141171362579866,0.00012098558336443,0.00270531988700333,0.00257938513237226,0.66,0.000178270206689868,0.000605047182281295,0.0135292662917568,0.0139560993008565,0.944,0.00270900074651676,0.00561377598204757,0.0537152673767989,298.758
"M4",300,"SRS [wald]",0.02,5.49424089117293e-05,9.95745443733855e-05,0.00222655450047459,0.00225905953594899,0.734,-0.000421160025034742,0.000515716849630874,0.0115317793291667,0.0111356901630862,0.908,0.00222723227614021,0.00484331645552275,0.0424163433566073,299.476
"M3",600,"SRS [wald]",0.02,3.27144729786615e-05,6.13549684290362e-05,0.00137193880164678,0.00134084100305796,0.544,0.000449163989478904,0.000406107401271835,0.00908083755409607,0.00869942516580449,0.926,0.0013723287915825,0.00367388966623271,0.0338686900608221,598.522
"M4",600,"SRS [wald]",0.02,0.000109003014412115,5.55870297311634e-05,0.00124296377146183,0.00125812027251401,0.68,0.000339245797358029,0.000327142356769743,0.00731512548056634,0.0072265004134707,0.94,0.00124773418415845,0.00350197251036675,0.0280819112886079,596.904
"M3",1200,"SRS [wald]",0.02,-7.24387232948133e-05,4.39508208945606e-05,0.000982770231871556,0.000974040841658522,0.682,-0.000233631418068328,0.000264785386737773,0.00592078124194233,0.00590916205490105,0.95,0.00098543629793379,0.00327824413483956,0.0231085193586953,1195.99
"M4",1200,"SRS [wald]",0.02,6.41089990306734e-05,3.63563373844872e-05,0.000812952418046304,0.000820572901964727,0.72,5.08199156841888e-05,0.000229310025155077,0.00512752804168939,0.0050064234456112,0.94,0.000815476301166409,0.00274737248941336,0.0195627363306605,1195.816
"M3",300,"Balanced",0.04,0.000549982142803464,0.000319231713879693,0.00713823812808757,0.00703766577235258,0.952,-0.00101992898292354,0.000828117363483853,0.018517267180978,0.017091936274481,0.834,0.00715939410360164,0.0339889130792041,0.071267080387563,298.352
"M4",300,"Balanced",0.04,0.000224418171718189,0.000305187612071771,0.00682420246483315,0.00678798929332702,0.926,-0.000548635878104692,0.000649134541824002,0.0145150896206165,0.0147894825182039,0.932,0.00682789153376298,0.0333059337126721,0.0636601769854051,298.628
"M3",600,"Balanced",0.04,0.000191014494611091,0.000217878749967856,0.00487191695780805,0.00469231809455347,0.942,0.000404165475257151,0.000505574299543495,0.011304985014561,0.0112703523801391,0.932,0.00487566009694372,0.0245008690691038,0.0460561499601399,596.444
"M4",600,"Balanced",0.04,6.10486279741989e-05,0.000204387460500321,0.0045702425542727,0.00430910678288797,0.938,0.000362227451382563,0.000454239607921557,0.0101571064138545,0.00976212581824583,0.882,0.00457065027538343,0.0235493208426208,0.0411049249519504,597.224
"M3",1200,"Balanced",0.04,-0.000113278448091838,0.000147302086392438,0.00329377478401038,0.00337174760560687,0.962,-7.24550169245441e-06,0.000353709699570762,0.00790918932541253,0.00767738372801535,0.942,0.00329572212642157,0.0158873165738392,0.0306947765762772,1193.964
"M4",1200,"Balanced",0.04,7.28343054394796e-05,0.000121337649944722,0.00271319233506471,0.00287902580217511,0.978,0.000259763593197126,0.000292009123811739,0.00652952250893201,0.0067282903510907,0.944,0.00271416975944814,0.0147721311277126,0.0274512895697432,1191.572
"M3",300,"Equal-rate correction",0.04,0.00303293637120117,9.24970309017015e-05,0.00206829648813103,NA,NA,0.00491601360312073,0.00065165076716403,0.0145713541296866,NA,NA,0.00367104254872783,NA,NA,299.046
"M4",300,"Equal-rate correction",0.04,0.0022632281727787,5.96381161888677e-05,0.00133354881848339,NA,NA,0.00367889634628643,0.000467221538376658,0.0104473912036223,NA,NA,0.00262689059790043,NA,NA,299.444
"M3",600,"Equal-rate correction",0.04,0.00334845203242857,6.30114838725293e-05,0.00140897961302107,NA,NA,0.00389619130254223,0.000425762439950339,0.0095203375799513,NA,NA,0.00363281634044222,NA,NA,598.268
"M4",600,"Equal-rate correction",0.04,0.00225542290272964,4.29251884478047e-05,0.0009598363931628,NA,NA,0.00362899545325472,0.000339388796381507,0.00758896419510883,NA,NA,0.00245116673684129,NA,NA,598.344
"M3",1200,"Equal-rate correction",0.04,0.00336214366481784,5.17445544382286e-05,0.00115704341189318,NA,NA,0.00330136463665484,0.000318382647002931,0.00711925241554874,NA,NA,0.00355566582792593,NA,NA,1195.786
"M4",1200,"Equal-rate correction",0.04,0.00232520327318032,3.70359314707657e-05,0.000828148603786559,NA,NA,0.00236092838003005,0.000241201392613003,0.00539342710150291,NA,NA,0.00246827882775874,NA,NA,1193.344
"M3",300,"Optimal (both)",0.04,-0.000125734404828292,0.000263870142462474,0.00590031575778646,0.00561040985856188,0.928,-0.000420236050085357,0.000618365271192462,0.0138270678131144,0.0128997941141257,0.95,0.00590165529170764,0.0258181490831027,0.0572251818092432,298.8
"M4",300,"Optimal (both)",0.04,0.000208564280790689,0.000216357445075028,0.0048378995462594,0.00479760857519544,0.95,-0.000151136415016476,0.000496793120092988,0.0111086318728214,0.0106697183393365,0.936,0.00484239311486776,0.0234996804017598,0.0506484201939959,299.25
"M3",600,"Optimal (both)",0.04,0.000215707184219875,0.000156994954633725,0.00351051390685505,0.00339971595922649,0.952,-0.000359238990991426,0.000364463234330441,0.008149645672623,0.00825973914005977,0.952,0.00351713483954579,0.0157027452766062,0.0343430890910855,597.214
"M4",600,"Optimal (both)",0.04,-0.000118699971732378,0.000142281033806456,0.00318150063500181,0.0029811329337297,0.948,0.000314347840749268,0.000297679405378927,0.00665631385928998,0.00688455254060413,0.968,0.00318371417903778,0.0141139208722267,0.0299367248603555,597.936
"M3",1200,"Optimal (both)",0.04,6.73336793298798e-05,0.000105108177797956,0.00235029030547364,0.00235821397193456,0.956,-1.70626631795512e-05,0.000253709047073847,0.00567310675763817,0.00564809438348122,0.96,0.00235125463197321,0.00985525063883523,0.0229120870249719,1195.146
"M4",1200,"Optimal (both)",0.04,-7.8976088025603e-05,9.30181963284225e-05,0.00207995010134774,0.00203654749426474,0.954,0.000294563003275849,0.000209528463549621,0.0046851988771804,0.0048333735982309,0.96,0.00208144892961041,0.00900399049390816,0.0198407226605869,1192.168
"M3",300,"Optimal (both) [strata]",0.04,-0.000101184023722767,0.000239014729879488,0.00534453183634285,0.00519170441775511,0.93,-0.000769132137751177,0.000620743311150985,0.0138802424031191,0.0124650790494839,0.938,0.00534548957124968,0.0247853877194129,0.0555376593601421,298.8
"M4",300,"Optimal (both) [strata]",0.04,0.000305021871893734,0.000199867372654963,0.00446917031740779,0.00431608106210315,0.954,-0.000400440483221173,0.000496300047305195,0.0110976064301078,0.0103178574051214,0.936,0.00447956712957094,0.0223561472806332,0.0491663119584895,299.25
"M3",600,"Optimal (both) [strata]",0.04,0.000197161139159966,0.00015519798524838,0.00347033244986387,0.00325716885173785,0.958,-0.000543590014982415,0.00036381711596912,0.00813519802684877,0.00812210711107498,0.958,0.00347592862806085,0.0149901124852078,0.0339353309249383,597.214
"M4",600,"Optimal (both) [strata]",0.04,-7.96576739176837e-05,0.000135135992524454,0.00302173265491583,0.0028112821304702,0.95,0.000205042701733923,0.000306447519317169,0.00685237484729369,0.0067766162465123,0.966,0.00302278242399261,0.0139129905322778,0.0295950246322898,597.936
"M3",1200,"Optimal (both) [strata]",0.04,-1.05898430700691e-05,0.000104686964804058,0.00234087169660002,0.00231893644231557,0.956,-5.90668728307625e-05,0.000255666649427229,0.00571688007698891,0.005621678206104,0.956,0.00234089565011328,0.00973051644487073,0.0228419493193585,1195.146
"M4",1200,"Optimal (both) [strata]",0.04,-9.39588992633642e-05,9.37209921571672e-05,0.00209566509382151,0.0019773576008304,0.946,0.000288748846638515,0.000209949060442677,0.00469460370962039,0.00480344524075459,0.956,0.00209777035449848,0.0087472150855649,0.0198176810809595,1192.168
"M3",300,"Optimal (both) [wald]",0.04,-0.000125734404828292,0.000263870142462474,0.00590031575778646,0.00561040985856188,0.658,-0.000420236050085357,0.000618365271192462,0.0138270678131144,0.0128997941141257,0.916,0.00590165529170764,0.0171291371856132,0.0494064642351577,298.8
"M4",300,"Optimal (both) [wald]",0.04,0.000208564280790689,0.000216357445075028,0.0048378995462594,0.00479760857519544,0.626,-0.000151136415016476,0.000496793120092988,0.0111086318728214,0.0106697183393365,0.894,0.00484239311486776,0.0144201136017778,0.0402141284171644,299.25
"M3",600,"Optimal (both) [wald]",0.04,0.000215707184219875,0.000156994954633725,0.00351051390685505,0.00339971595922649,0.81,-0.000359238990991426,0.000364463234330441,0.008149645672623,0.00825973914005977,0.93,0.00351713483954579,0.0120910538686374,0.0320678646965224,597.214
"M4",600,"Optimal (both) [wald]",0.04,-0.000118699971732378,0.000142281033806456,0.00318150063500181,0.0029811329337297,0.81,0.000314347840749268,0.000297679405378927,0.00665631385928998,0.00688455254060413,0.94,0.00318371417903778,0.0105201130729884,0.0266028956817238,597.936
"M3",1200,"Optimal (both) [wald]",0.04,6.73336793298798e-05,0.000105108177797956,0.00235029030547364,0.00235821397193456,0.898,-1.70626631795512e-05,0.000253709047073847,0.00567310675763817,0.00564809438348122,0.948,0.00235125463197321,0.00885930109976033,0.0220503818075762,1195.146
"M4",1200,"Optimal (both) [wald]",0.04,-7.8976088025603e-05,9.30181963284225e-05,0.00207995010134774,0.00203654749426474,0.906,0.000294563003275849,0.000209528463549621,0.0046851988771804,0.0048333735982309,0.966,0.00208144892961041,0.00760694603095005,0.018865023980258,1192.168
"M3",300,"Optimal (treat-all)",0.04,-5.32453288002829e-05,0.000226950616888972,0.00507477006899253,0.00528280865023531,0.948,-0.00116224522879865,0.000597451275923256,0.0133594166620838,0.0131835675992311,0.956,0.0050750493907135,0.0236515255709263,0.059118058418123,298.154
"M4",300,"Optimal (treat-all)",0.04,0.000653143055440566,0.000188320852497979,0.00421098227766192,0.00415441121523636,0.952,-3.91509186651318e-05,0.00046445084600664,0.0103854366387813,0.0109448926654898,0.956,0.00426133401573416,0.0214182413688218,0.0519389162735803,298.704
"M3",600,"Optimal (treat-all)",0.04,0.000187418369542817,0.000150284671883099,0.00336046742306861,0.00327075764809724,0.954,-6.09096484985583e-05,0.000389571290203542,0.00871107886977417,0.00855280071714182,0.948,0.00336568966881194,0.0143728266181367,0.0357598172835309,598.054
"M4",600,"Optimal (treat-all)",0.04,-4.03408144388291e-05,0.000133332131837287,0.00298139710373137,0.00284204432395074,0.954,0.00053997223874809,0.000305257181769436,0.00682575809056469,0.007081380777825,0.966,0.00298167001384248,0.0132057275661859,0.0308155799992789,597.702
"M3",1200,"Optimal (treat-all)",0.04,-0.000114030706123907,9.89018031522506e-05,0.00221151154945735,0.002222498778182,0.956,-0.000206038978749004,0.000273488047380715,0.00611537864976963,0.00595187515170887,0.95,0.00221444944293664,0.00913966027862379,0.0242469693878126,1194.352
"M4",1200,"Optimal (treat-all)",0.04,-1.8889209521809e-05,8.87069679929494e-05,0.00198354810510133,0.00190640059415508,0.956,6.02907756767634e-05,0.00021065254153843,0.00471033402513028,0.00493521344413961,0.962,0.00198363804346646,0.00826002387211776,0.0205207805881133,1192.836
"M3",300,"Recorded",0.04,0.00166222083333333,2.22674605556897e-05,0.000497915554888175,NA,NA,-0.0189147583333333,8.94338428821274e-05,0.00199980152173473,NA,NA,0.00173519393687477,NA,NA,0
"M4",300,"Recorded",0.04,0.001877825,2.04510383176472e-05,0.00045729911888712,NA,NA,-0.0134424875,9.18226220624754e-05,0.00205321624803967,NA,NA,0.00193270515463687,NA,NA,0
"M3",600,"Recorded",0.04,0.00170231666666667,2.02456739964032e-05,0.000452707033062574,NA,NA,-0.0187777875,8.95246671794705e-05,0.0020018324147634,NA,NA,0.00176148394582393,NA,NA,0
"M4",600,"Recorded",0.04,0.0018659625,2.11217768050859e-05,0.000472297287417503,NA,NA,-0.0133644541666667,9.65604539245107e-05,0.00215915738913442,NA,NA,0.0019248066861657,NA,NA,0
"M3",1200,"Recorded",0.04,0.0017107625,2.13494233868821e-05,0.000477387619734922,NA,NA,-0.0187469458333333,8.98642203693666e-05,0.00200942505490925,NA,NA,0.001776121412202,NA,NA,0
"M4",1200,"Recorded",0.04,0.00185409583333333,2.16430401883022e-05,0.000483953091008035,NA,NA,-0.0134753833333333,9.40567793588994e-05,0.00210317352391198,NA,NA,0.00191621552897378,NA,NA,0
"M3",300,"SRS",0.04,-6.71586642745476e-05,0.000254643896907629,0.00569401063540907,0.00542254426930799,0.912,0.000258937937688303,0.000580633281531591,0.0129833548750341,0.0134342995385936,0.974,0.00569440667693647,0.0249742005746589,0.0607974625535993,298.758
"M4",300,"SRS",0.04,-8.65229422176953e-05,0.000220364523040289,0.00492750053347404,0.00483626745213813,0.936,-0.000572544176871401,0.000493502714658895,0.0110350561705797,0.0105419967984483,0.946,0.00492826011153195,0.023790566271906,0.0516872520346339,299.476
"M3",600,"SRS",0.04,-2.41399953894413e-05,0.000144019852412569,0.00322038180103992,0.00326092442314508,0.954,0.000400985552704555,0.000395388459791576,0.00884115473612906,0.00837172793372331,0.948,0.00322047227652196,0.0140348772562941,0.0355097175832449,598.522
"M4",600,"SRS",0.04,-2.97100427021526e-05,0.000135191602690481,0.00302297613603059,0.00300252348235789,0.96,0.000205329464888465,0.000300720286241633,0.00672431002249487,0.00685828649216272,0.96,0.00302312212880125,0.0137449117232123,0.0308114207345825,596.904
"M3",1200,"SRS",0.04,-0.000167129140754707,0.000101061411410679,0.00225980185816351,0.00223372610117315,0.958,-0.00033168001666932,0.000247300088127234,0.00552979807894185,0.00568925122241107,0.97,0.00226597365118147,0.00912064748698031,0.0231593421187478,1195.99
"M4",1200,"SRS",0.04,0.000135936489468452,8.80530420044023e-05,0.00196892587547488,0.00194465386178735,0.978,0.000122370550218909,0.000221073716257042,0.00494335857589246,0.004797768570617,0.944,0.00197361288815297,0.00884285755282522,0.0199781960960928,1195.816
"M3",300,"SRS [strata]",0.04,6.40352133929583e-06,0.000223276133427205,0.00499260612096543,0.00489899621551745,0.93,-0.000401156391147253,0.000581842568544427,0.0130103953546842,0.0127690620869964,0.966,0.00499261022754501,0.0230623242867921,0.0580334218724411,298.758
"M4",300,"SRS [strata]",0.04,0.000357560676642926,0.000198355311812048,0.00443535960909906,0.00423208632628294,0.948,-0.0011563735894083,0.000477630853507133,0.0106801505659319,0.0100570199149594,0.952,0.0044497488130802,0.0219692048490526,0.0498432448457308,299.476
"M3",600,"SRS [strata]",0.04,-6.12569133565484e-05,0.000141382573402572,0.00316141044962005,0.00316447402464431,0.956,0.000285223004534457,0.000398701321298189,0.00891523257141736,0.00825138420745716,0.942,0.00316200386470365,0.0138418014756926,0.0349396928093346,598.522
"M4",600,"SRS [strata]",0.04,1.03704107824033e-05,0.000127140787844239,0.00284295444332598,0.00280460423738294,0.97,7.73177533357761e-05,0.000298108935862407,0.00666591845288468,0.00672862634796531,0.962,0.00284297335763928,0.0131933909658193,0.0301197900374834,596.904
"M3",1200,"SRS [strata]",0.04,-0.000202198135146519,9.88013430929914e-05,0.00220926519424208,0.00221368999165355,0.96,-0.000397966955175869,0.00024716651886736,0.00552681137949402,0.00566780885500419,0.968,0.00221849876816424,0.00907733797336843,0.0231126183574321,1195.99
"M4",1200,"SRS [strata]",0.04,0.000120545245953736,8.72841240230609e-05,0.00195173234672087,0.00189339047657775,0.974,3.82682228913106e-05,0.000222326993806571,0.00497138271384667,0.00476616496217004,0.952,0.0019554514336998,0.00842036457785128,0.0199463417288592,1195.816
"M3",300,"SRS [wald]",0.04,-6.71586642745476e-05,0.000254643896907629,0.00569401063540907,0.00542254426930799,0.662,0.000258937937688303,0.000580633281531591,0.0129833548750341,0.0134342995385936,0.938,0.00569440667693647,0.0173359941292918,0.051562419440325,298.758
"M4",300,"SRS [wald]",0.04,-8.65229422176953e-05,0.000220364523040289,0.00492750053347404,0.00483626745213813,0.666,-0.000572544176871401,0.000493502714658895,0.0110350561705797,0.0105419967984483,0.91,0.00492826011153195,0.0150173066381106,0.039911327825892,299.476
"M3",600,"SRS [wald]",0.04,-2.41399953894413e-05,0.000144019852412569,0.00322038180103992,0.00326092442314508,0.886,0.000400985552704555,0.000395388459791576,0.00884115473612906,0.00837172793372331,0.934,0.00322047227652196,0.0119811301241487,0.0325695665805889,598.522
"M4",600,"SRS [wald]",0.04,-2.97100427021526e-05,0.000135191602690481,0.00302297613603059,0.00300252348235789,0.852,0.000205329464888465,0.000300720286241633,0.00672431002249487,0.00685828649216272,0.946,0.00302312212880125,0.0109601548788275,0.02661975242332,596.904
"M3",1200,"SRS [wald]",0.04,-0.000167129140754707,0.000101061411410679,0.00225980185816351,0.00223372610117315,0.916,-0.00033168001666932,0.000247300088127234,0.00552979807894185,0.00568925122241107,0.96,0.00226597365118147,0.00857883659867258,0.0222437548958097,1195.99
"M4",1200,"SRS [wald]",0.04,0.000135936489468452,8.80530420044023e-05,0.00196892587547488,0.00194465386178735,0.912,0.000122370550218909,0.000221073716257042,0.00494335857589246,0.004797768570617,0.938,0.00197361288815297,0.00741945594560695,0.018741170359067,1195.816
"M3",300,"Balanced",0.06,0.000190270839207382,0.000503706324838593,0.0112632158303568,0.0108283055671027,0.944,-0.0014130426508968,0.000731320412820855,0.0163528215640064,0.0154621147021629,0.838,0.0112648228496259,0.047782934679305,0.0646504547305772,298.352
"M4",300,"Balanced",0.06,0.000565141461384443,0.000459456944386059,0.0102737696038157,0.0102316048869559,0.952,-0.000224360546945294,0.000590260752337774,0.0131986316667743,0.0130947968343644,0.942,0.0102893015673399,0.0485409207333914,0.0567320920908451,298.628
"M3",600,"Balanced",0.06,4.38652196382092e-05,0.000320915946214345,0.00717589870798941,0.00699011514817154,0.95,0.000261551327532056,0.000454330517720039,0.0101591392187468,0.0103225725605654,0.938,0.00717603277757411,0.0319289928489661,0.0423309262545131,596.444
"M4",600,"Balanced",0.06,0.000213633923595961,0.000313367023429811,0.00700709966295827,0.00653624289374983,0.942,0.000521220807076846,0.000410770566254362,0.00918510909300834,0.00871828232939886,0.856,0.00701035556444471,0.0309411550352901,0.0370063067830786,597.224
"M3",1200,"Balanced",0.06,-1.69175440219785e-05,0.00020705573540053,0.00462990699486794,0.0048363787471662,0.95,9.13714225135517e-05,0.000322614494141713,0.00721387939427578,0.00706478378374663,0.932,0.00462993790286898,0.0209744142332786,0.0282792365341391,1193.964
"M4",1200,"Balanced",0.06,5.3892908471305e-05,0.000187347403198571,0.00418921528960066,0.00444929222278866,0.976,0.000244799415117417,0.000266230707871144,0.00595309960497767,0.00600280623051161,0.938,0.00418956193273323,0.0204237714220909,0.0247078029120679,1191.572
"M3",300,"Equal-rate correction",0.06,0.00576898258574057,0.000159804728165141,0.00357334235303131,NA,NA,0.00769212529067969,0.000615264786939167,0.013757738877579,NA,NA,0.00678601028930441,NA,NA,299.046
"M4",300,"Equal-rate correction",0.06,0.00531865051707332,0.00010252762516123,0.00229258739432128,NA,NA,0.0067644392900174,0.000446880743072473,0.00999255719345667,NA,NA,0.00579171824965313,NA,NA,299.444
"M3",600,"Equal-rate correction",0.06,0.00620300722664699,0.000105117948002581,0.00235050877389059,NA,NA,0.00676240052378434,0.000403455943451054,0.00902154915482868,NA,NA,0.00663341466742216,NA,NA,598.268
"M4",600,"Equal-rate correction",0.06,0.00528618461514912,7.24994261114527e-05,0.00162113645114931,NA,NA,0.00668898211355772,0.000325968448822824,0.00728887610087997,NA,NA,0.00552917997343948,NA,NA,598.344
"M3",1200,"Equal-rate correction",0.06,0.0062770417798003,8.60355978172597e-05,0.00192381445204225,NA,NA,0.0062149695808253,0.000300609177662959,0.00672182555914688,NA,NA,0.00656523537668263,NA,NA,1195.786
"M4",1200,"Equal-rate correction",0.06,0.00547371624728947,6.01190228591646e-05,0.00134430221853956,NA,NA,0.00551020146279558,0.000232398089503263,0.00519657925970377,NA,NA,0.00563637454491902,NA,NA,1193.344
"M3",300,"Optimal (both)",0.06,0.000266541802705692,0.000372341625853026,0.0083258118626016,0.00788561443386807,0.932,-3.42258350036553e-05,0.000589937233090367,0.013191397556482,0.0120072210946768,0.946,0.0083300772928003,0.0340781002824604,0.054667112372619,298.8
"M4",300,"Optimal (both)",0.06,0.000562139695023792,0.000319714430145426,0.00714903199192781,0.00697190909322687,0.964,0.000194785792922862,0.000436265163560384,0.00975518561936083,0.00970074553161217,0.958,0.00717109890172551,0.031831645426475,0.0474451412949032,299.25
"M3",600,"Optimal (both)",0.06,-2.56035412581363e-05,0.000215051725172936,0.00480870276165288,0.00494637587497904,0.946,-0.000612782613814374,0.000343678282915356,0.00768488002989141,0.00766262227509758,0.956,0.00480877092314169,0.0208237498947121,0.0322488260340295,597.214
"M4",600,"Optimal (both)",0.06,-0.000198500073114376,0.000199858518270053,0.00446897232734223,0.00445195378161949,0.95,0.000243761522611567,0.000261208712699199,0.00584080437910621,0.00623321780770194,0.966,0.0044733785824114,0.0194206068137942,0.0275255711808972,597.936
"M3",1200,"Optimal (both)",0.06,0.000143237506503916,0.000148482322891912,0.00332016567443387,0.00334604546577329,0.964,5.70454971325768e-05,0.000242054828667724,0.00541251051183095,0.00527678904404014,0.956,0.00332325399103926,0.0135347771729612,0.0215113509202249,1195.146
"M4",1200,"Optimal (both)",0.06,-0.000141172965707767,0.000135245634315894,0.00302418431990417,0.00301099300325262,0.962,0.000240313765834152,0.000197755167945367,0.00442193998427729,0.00442649507130207,0.948,0.0030274775981006,0.0126014438647063,0.0183871702362181,1192.168
"M3",300,"Optimal (both) [strata]",0.06,0.000444034354014172,0.00034589782483197,0.00773451049593599,0.00737765667090194,0.944,-0.000238125422014852,0.000594305943634917,0.0132890848939983,0.0116493636866287,0.944,0.00774724590543561,0.0333015651699878,0.0527078610363806,298.8
"M4",300,"Optimal (both) [strata]",0.06,0.000831611254683966,0.000307272105793866,0.00687081316144591,0.00650836352978271,0.968,0.000111139062226193,0.000432593049377069,0.0096730746500105,0.00938471321203455,0.958,0.00692095735996223,0.0320601533138843,0.0463286555208625,299.25
"M3",600,"Optimal (both) [strata]",0.06,9.60439404161587e-05,0.00021740150504578,0.00486124543693127,0.00479208010311694,0.948,-0.000660467876580334,0.000345488591643373,0.00772535976365248,0.00754163073125242,0.944,0.00486219411753334,0.0205808690216907,0.0318659151908632,597.214
"M4",600,"Optimal (both) [strata]",0.06,-7.18732098583773e-05,0.000198132204322597,0.00443037077397205,0.00428738041478377,0.952,0.000218884620594335,0.00026991820110789,0.00603555446041701,0.00614220620570654,0.964,0.00443095372952156,0.019177232718028,0.0273213962160189,597.936
"M3",1200,"Optimal (both) [strata]",0.06,9.46527047862404e-05,0.000149289980132203,0.00333822543935198,0.00330795577030246,0.962,4.51442488604153e-05,0.000243960677474094,0.00545512658668976,0.00525315406655905,0.952,0.00333956707051379,0.0134905584157695,0.0214505234827051,1195.146
"M4",1200,"Optimal (both) [strata]",0.06,-0.00011946759320723,0.000137649976527179,0.00307794704616023,0.0029656228932045,0.958,0.000271382870692567,0.000197437872218675,0.00441484503613875,0.00439501491928829,0.948,0.00308026468421031,0.0125079739277145,0.0182990094103931,1192.168
"M3",300,"Optimal (both) [wald]",0.06,0.000266541802705692,0.000372341625853026,0.0083258118626016,0.00788561443386807,0.778,-3.42258350036553e-05,0.000589937233090367,0.013191397556482,0.0120072210946768,0.9,0.0083300772928003,0.0276196544120138,0.0458114732850682,298.8
"M4",300,"Optimal (both) [wald]",0.06,0.000562139695023792,0.000319714430145426,0.00714903199192781,0.00697190909322687,0.71,0.000194785792922862,0.000436265163560384,0.00975518561936083,0.00970074553161217,0.892,0.00717109890172551,0.0236234782771072,0.0362893825106476,299.25
"M3",600,"Optimal (both) [wald]",0.06,-2.56035412581363e-05,0.000215051725172936,0.00480870276165288,0.00494637587497904,0.918,-0.000612782613814374,0.000343678282915356,0.00768488002989141,0.00766262227509758,0.93,0.00480877092314169,0.0186951802329082,0.0297080605743069,597.214
"M4",600,"Optimal (both) [wald]",0.06,-0.000198500073114376,0.000199858518270053,0.00446897232734223,0.00445195378161949,0.918,0.000243761522611567,0.000261208712699199,0.00584080437910621,0.00623321780770194,0.954,0.0044733785824114,0.0166930385180721,0.0240351119436408,597.936
"M3",1200,"Optimal (both) [wald]",0.06,0.000143237506503916,0.000148482322891912,0.00332016567443387,0.00334604546577329,0.928,5.70454971325768e-05,0.000242054828667724,0.00541251051183095,0.00527678904404014,0.946,0.00332325399103926,0.0128815401118389,0.0205886736518921,1195.146
"M4",1200,"Optimal (both) [wald]",0.06,-0.000141172965707767,0.000135245634315894,0.00302418431990417,0.00301099300325262,0.94,0.000240313765834152,0.000197755167945367,0.00442193998427729,0.00442649507130207,0.946,0.0030274775981006,0.0115719513300211,0.0172572815323221,1192.168
"M3",300,"Optimal (treat-all)",0.06,0.000347490868721446,0.000318147347824279,0.00711399096596357,0.0074125329248242,0.952,-0.000785104773830085,0.00056757512511237,0.0126913656208921,0.012466339221588,0.956,0.00712247270037984,0.0320523404030727,0.0572007189007019,298.154
"M4",300,"Optimal (treat-all)",0.06,0.000720954012600573,0.000282375995855293,0.00631411921946635,0.00639273986407151,0.962,1.39303794713524e-05,0.000428495469856255,0.00958144998649298,0.0101017404520512,0.96,0.00635514564789188,0.0297521787000508,0.0495374245824683,298.704
"M3",600,"Optimal (treat-all)",0.06,0.000102461127421388,0.000209130291027772,0.00467629546892412,0.00473301298637755,0.948,-0.000151150465471935,0.000364503953693827,0.00815055618526833,0.00806359879554773,0.956,0.00467741783415943,0.0194330933265303,0.0341359520115407,598.054
"M4",600,"Optimal (treat-all)",0.06,-0.000306546299869689,0.00020282173653611,0.00453523190209296,0.00425666493662197,0.956,0.000286113839555256,0.000280627431946876,0.00627502014184412,0.0065251099760821,0.974,0.00454558016536124,0.0183626011623833,0.0289296965948383,597.702
"M3",1200,"Optimal (treat-all)",0.06,-0.000182669270429587,0.000142512327287714,0.00318667251447027,0.00318452756287757,0.964,-0.000276635165876504,0.000255506252348437,0.00571329348927319,0.00565041748164464,0.954,0.00319190378564886,0.0128051277373355,0.0231373400129355,1194.352
"M4",1200,"Optimal (treat-all)",0.06,7.48910719355102e-05,0.000128379247067586,0.00287064723343363,0.00282284870338077,0.972,0.000155755737670231,0.000198720401401765,0.00444352326050392,0.00460359249888968,0.97,0.00287162396763153,0.0117592771684924,0.0194306504032637,1192.836
"M3",300,"Recorded",0.06,0.00438660212765957,3.39163761261725e-05,0.000758393225685726,NA,NA,-0.016628185106383,8.72275774009681e-05,0.00195046792581189,NA,NA,0.00445167816796694,NA,NA,0
"M4",300,"Recorded",0.06,0.00513197234042553,2.96748103954078e-05,0.000663548932635492,NA,NA,-0.0105143042553191,9.0369864560514e-05,0.00202073160274758,NA,NA,0.00517469199942319,NA,NA,0
"M3",600,"Recorded",0.06,0.00436843191489362,3.19985835055452e-05,0.000715510079021026,NA,NA,-0.0165474191489362,8.67367218715346e-05,0.00193949206250244,NA,NA,0.00442664117229325,NA,NA,0
"M4",600,"Recorded",0.06,0.00509778085106383,3.18717091210328e-05,0.000712673081537295,NA,NA,-0.0104566872340425,9.64358592687525e-05,0.00215637136793534,NA,NA,0.00514735587720734,NA,NA,0
"M3",1200,"Recorded",0.06,0.00440545319148936,3.27898703318667e-05,0.000733203790354574,NA,NA,-0.0164875255319149,8.80380998901718e-05,0.00196859175964341,NA,NA,0.00446605033789299,NA,NA,0
"M4",1200,"Recorded",0.06,0.00510913191489362,3.12172231838538e-05,0.000698038331078796,NA,NA,-0.0105465063829787,9.26402285872923e-05,0.00207149848572305,NA,NA,0.00515659640028573,NA,NA,0
"M3",300,"SRS",0.06,-0.000395570017189721,0.000354937722739339,0.00793664875824134,0.00792421221275985,0.94,-6.25351896532053e-05,0.000549005569821168,0.0122761377414614,0.012493484879698,0.968,0.00794650043416555,0.0339953508019975,0.0574047822027048,298.758
"M4",300,"SRS",0.06,0.000221859355000617,0.000332474992373427,0.00743436683765708,0.00706111773733028,0.938,-0.000274502756986136,0.000442271165974558,0.00988948391607203,0.00950868236260635,0.95,0.00743767650884714,0.0311989327368229,0.0484755747773946,299.476
"M3",600,"SRS",0.06,-3.07546404387515e-05,0.000209840380907279,0.00469217356133125,0.00475340599735348,0.96,0.000403416132082772,0.000369839366037085,0.00826985963214349,0.00784624582853469,0.95,0.0046922743502021,0.0196293166411188,0.033742196165017,598.522
"M4",600,"SRS",0.06,-0.000141501513913379,0.000196085817911224,0.00438461218273142,0.00447888731233466,0.962,9.85388342642779e-05,0.000272666583263749,0.00609701015370349,0.00619433338294599,0.964,0.00438689487808821,0.0191517258473333,0.0284547947058417,596.904
"M3",1200,"SRS",0.06,-0.000226579824437216,0.000146924607883778,0.0032853341079563,0.00323600905051587,0.958,-0.000394631782818108,0.000227740319100648,0.00509242834726542,0.00533479466520516,0.962,0.00329313811094266,0.0130406181259096,0.0218807794691805,1195.99
"M4",1200,"SRS",0.06,0.000116095950573278,0.000131404904653375,0.00293830299381824,0.00293439073251809,0.974,0.000102241374318433,0.000200166605387753,0.00447586136472392,0.00439435246921068,0.95,0.00294059564599092,0.0123959818238041,0.0185263335963151,1195.816
"M3",300,"SRS [strata]",0.06,-0.000101546124016645,0.000316698845859563,0.00708160147737711,0.007281696940979,0.96,-0.000517777524002914,0.000554705574721696,0.012403593725758,0.011918015672241,0.97,0.00708232949669051,0.0324541019714101,0.0563441977946313,298.758
"M4",300,"SRS [strata]",0.06,0.000999691709952425,0.000310805872651959,0.00694983059055924,0.0064247757241077,0.962,-0.000546453923461587,0.000433946518268638,0.00970333913448029,0.00910281462164064,0.958,0.00702136231456692,0.029988040530501,0.0471861701512638,299.476
"M3",600,"SRS [strata]",0.06,-3.4312419131809e-05,0.000209088805032826,0.004675367813876,0.00463136000348054,0.96,0.000319539411905795,0.000376493616397561,0.00841865319359675,0.00774441369076103,0.946,0.00467549372121644,0.0194291048396743,0.0332716185219942,598.522
"M4",600,"SRS [strata]",0.06,3.48368712361127e-05,0.000196367619561165,0.00439091345918582,0.0042647247884095,0.964,0.000103208625333182,0.000268443036594713,0.00600256877912242,0.00609961240503854,0.966,0.00439105165235581,0.0188426730363562,0.0279845031228546,596.904
"M3",1200,"SRS [strata]",0.06,-0.000223500906791746,0.00014723199374058,0.00329220746466761,0.00321418731447258,0.956,-0.000423435020864282,0.000227024015974249,0.00507641132243419,0.00531542096261548,0.962,0.00329978524236803,0.0129914794441796,0.0218207518844531,1195.99
"M4",1200,"SRS [strata]",0.06,0.000118080972560145,0.000132106680517754,0.00295399517919545,0.00289095861162815,0.968,3.40533745389407e-05,0.000200604385977226,0.00448565043629684,0.00436381125792899,0.946,0.00295635428100063,0.01222658212939,0.0184829668112766,1195.816
"M3",300,"SRS [wald]",0.06,-0.000395570017189721,0.000354937722739339,0.00793664875824134,0.00792421221275985,0.862,-6.25351896532053e-05,0.000549005569821168,0.0122761377414614,0.012493484879698,0.93,0.00794650043416555,0.0287112885185787,0.0477275442863553,298.758
"M4",300,"SRS [wald]",0.06,0.000221859355000617,0.000332474992373427,0.00743436683765708,0.00706111773733028,0.776,-0.000274502756986136,0.000442271165974558,0.00988948391607203,0.00950868236260635,0.892,0.00743767650884714,0.0247815917360732,0.035592131454837,299.476
"M3",600,"SRS [wald]",0.06,-3.07546404387515e-05,0.000209840380907279,0.00469217356133125,0.00475340599735348,0.924,0.000403416132082772,0.000369839366037085,0.00826985963214349,0.00784624582853469,0.926,0.0046922743502021,0.0181840631146414,0.0304836832343717,598.522
"M4",600,"SRS [wald]",0.06,-0.000141501513913379,0.000196085817911224,0.00438461218273142,0.00447888731233466,0.928,9.85388342642779e-05,0.000272666583263749,0.00609701015370349,0.00619433338294599,0.936,0.00438689487808821,0.0170795190986242,0.0239719403310411,596.904
"M3",1200,"SRS [wald]",0.06,-0.000226579824437216,0.000146924607883778,0.0032853341079563,0.00323600905051587,0.94,-0.000394631782818108,0.000227740319100648,0.00509242834726542,0.00533479466520516,0.956,0.00329313811094266,0.0125587260369032,0.0208516219350048,1195.99
"M4",1200,"SRS [wald]",0.06,0.000116095950573278,0.000131404904653375,0.00293830299381824,0.00293439073251809,0.93,0.000102241374318433,0.000200166605387753,0.00447586136472392,0.00439435246921068,0.932,0.00294059564599092,0.0113623001813427,0.0171525228576719,1195.816
"M3",300,"Balanced",0.08,0.000245372540283392,0.000637231540501798,0.0142489304196893,0.0135984752760489,0.942,-0.00139279559091002,0.000639357456272078,0.0142964673414572,0.0136762552760619,0.892,0.0142510429719608,0.059853700944845,0.0574248263658755,298.352
"M4",300,"Balanced",0.08,0.000789851829461341,0.000608751639922308,0.0136121004828076,0.0134112379718389,0.958,-1.68132660060064e-05,0.000468056615163889,0.0104660640882492,0.010411630818976,0.952,0.0136349970834817,0.0594394149271229,0.0463347356944377,298.628
"M3",600,"Balanced",0.08,8.03238851161195e-05,0.000393810360335492,0.00880586735953847,0.00871908762157008,0.956,0.000302742299703306,0.000415532761695306,0.00929159502028926,0.00928394969409402,0.908,0.00880623369439541,0.0384478103079946,0.0381003125597328,596.444
"M4",600,"Balanced",0.08,0.000250675738760607,0.000393835396093235,0.00880642717610029,0.00862231009693146,0.958,0.000564949293621497,0.000323746329805503,0.0072391880091117,0.00704074815376472,0.928,0.00880999420737386,0.0385220941123073,0.0306807254286134,597.224
"M3",1200,"Balanced",0.08,8.92680972561927e-07,0.000255384040906207,0.00571056075834866,0.00602968021951834,0.962,0.000111535755476254,0.000295106352206688,0.00659877864126149,0.00633506092189855,0.936,0.00571056082812109,0.0252988762672751,0.0253970742825591,1193.964
"M4",1200,"Balanced",0.08,4.70303877056315e-05,0.000253017642425462,0.00565764647970068,0.00585294941809357,0.956,0.000242087035800559,0.000218738732485454,0.00489114675149616,0.00489832574111172,0.932,0.00565784195136602,0.0246495254267673,0.0205294505074541,1191.572
"M3",300,"Equal-rate correction",0.08,0.0079232329407731,0.000225132610223375,0.00503411820411431,NA,NA,0.00988818309581958,0.000574732471631136,0.0128514087544369,NA,NA,0.00938722356859295,NA,NA,299.046
"M4",300,"Equal-rate correction",0.08,0.00909828821493982,0.000142609065171868,0.00318883563931995,NA,NA,0.0105755071786001,0.000425254571312213,0.00950898129196639,NA,NA,0.00964092947680409,NA,NA,299.444
"M3",600,"Equal-rate correction",0.08,0.00847917953459799,0.000150234623479011,0.00335934830673154,NA,NA,0.00905073355558614,0.00037620059092519,0.00841210094484316,NA,NA,0.0091204005737624,NA,NA,598.268
"M4",600,"Equal-rate correction",0.08,0.00905244793812528,0.000100713247590606,0.00225201667847361,NA,NA,0.0104857410343254,0.000310489433287722,0.00694275479126732,NA,NA,0.0093283649581581,NA,NA,598.344
"M3",1200,"Equal-rate correction",0.08,0.0086342332478974,0.000117632579170653,0.00263034443394206,NA,NA,0.0085708116532925,0.000282657262547313,0.00632040853389797,NA,NA,0.0090260010868749,NA,NA,1195.786
"M4",1200,"Equal-rate correction",0.08,0.00931101227619752,8.12703011668399e-05,0.00181725917960934,NA,NA,0.00934829064856245,0.000223581361792315,0.00499943123469591,NA,NA,0.00948669492148743,NA,NA,1193.344
"M3",300,"Optimal (both)",0.08,0.000466480896848337,0.000451351648299659,0.0100925296735461,0.00967473726769613,0.95,0.00015917483223226,0.000539815217094033,0.0120706352071107,0.0110359166616007,0.94,0.0101033043920558,0.0417604312568731,0.05162011478039,298.8
"M4",300,"Optimal (both)",0.08,0.00042226589622256,0.000414396179523174,0.00926618027030023,0.00900804306402804,0.946,4.69260397281263e-05,0.000360335911491681,0.00805735592829746,0.00823457659926323,0.978,0.00927579674684681,0.0396773946072194,0.0434760245640714,299.25
"M3",600,"Optimal (both)",0.08,-5.15413915352543e-05,0.000272448048070188,0.00609212355822071,0.00609662077577734,0.96,-0.000651485226538365,0.000308286565074244,0.00689349716055923,0.00704536810766032,0.968,0.00609234158297688,0.0252646349083818,0.0301941396253364,597.214
"M4",600,"Optimal (both)",0.08,-8.28788126189806e-05,0.000256645646412895,0.00573877111508608,0.00569552621081076,0.952,0.000368997165622741,0.00023010356311997,0.00514527209001166,0.00536454001764132,0.966,0.00573936954803639,0.0241568789131233,0.0248858126358425,597.936
"M3",1200,"Optimal (both)",0.08,-6.07172364627991e-05,0.000185396005677307,0.00414558071451394,0.00413954951422255,0.97,-0.000148782985168301,0.000221375524083306,0.00495010720404915,0.00485684021226931,0.96,0.00414602533076604,0.0167253015580304,0.0199682026954817,1195.146
"M4",1200,"Optimal (both)",0.08,-0.000195634842142623,0.000179224456648514,0.00400758068296542,0.00388331224899218,0.954,0.000194145079215419,0.000166380427164718,0.00372037945265761,0.0038479205751998,0.974,0.00401235291592574,0.0159416440912255,0.0163769517978614,1192.168
"M3",300,"Optimal (both) [strata]",0.08,0.000643829696014408,0.000432122416310414,0.00966255097471549,0.0091429683444367,0.948,-5.31596403630721e-05,0.000549005399240834,0.0122761339271692,0.010717590771597,0.938,0.00968397686988385,0.0407764200655208,0.0500577989348389,298.8
"M4",300,"Optimal (both) [strata]",0.08,0.000757825009077367,0.000407711605866328,0.00911670865932711,0.00856919688813959,0.94,2.16903776531149e-05,0.0003543649576014,0.00792384134040562,0.00791844465658339,0.98,0.00914815148122467,0.0391027365907053,0.0424026261136775,299.25
"M3",600,"Optimal (both) [strata]",0.08,6.85536269836168e-05,0.000268719215489585,0.00600874432695126,0.00592170608974485,0.956,-0.000704404099078015,0.00031157953873591,0.00696713029011524,0.00694626181518779,0.972,0.00600913537760979,0.0249719870478712,0.029959391028551,597.214
"M4",600,"Optimal (both) [strata]",0.08,6.14854514727516e-05,0.000256764734650838,0.00574143400903969,0.00552989703194572,0.956,0.000358564104326602,0.000236105079433506,0.00527947007446308,0.00528775425957914,0.96,0.00574176322577833,0.0238051652559339,0.0251115174714772,597.936
"M3",1200,"Optimal (both) [strata]",0.08,-0.000103714248443843,0.000186405964081287,0.00416816407097142,0.00409979465904184,0.96,-0.000154298975150666,0.000223029670913504,0.00498709505162003,0.00483652198499899,0.958,0.00416945420503299,0.0166554375625345,0.0199627716008443,1195.146
"M4",1200,"Optimal (both) [strata]",0.08,-0.000197068891608292,0.000180210135933047,0.0040296211418077,0.0038382571993697,0.952,0.00020227832150671,0.000166384563521686,0.00372047194441122,0.00381857825853606,0.968,0.00403443709760647,0.0158163766992032,0.0163305592698845,1192.168
"M3",300,"Optimal (both) [wald]",0.08,0.000466480896848337,0.000451351648299659,0.0100925296735461,0.00967473726769613,0.868,0.00015917483223226,0.000539815217094033,0.0120706352071107,0.0110359166616007,0.896,0.0101033043920558,0.0354828748052299,0.041815987314892,298.8
"M4",300,"Optimal (both) [wald]",0.08,0.00042226589622256,0.000414396179523174,0.00926618027030023,0.00900804306402804,0.842,4.69260397281263e-05,0.000360335911491681,0.00805735592829746,0.00823457659926323,0.828,0.00927579674684681,0.0325020773365253,0.030066701581089,299.25
"M3",600,"Optimal (both) [wald]",0.08,-5.15413915352543e-05,0.000272448048070188,0.00609212355822071,0.00609662077577734,0.924,-0.000651485226538365,0.000308286565074244,0.00689349716055923,0.00704536810766032,0.938,0.00609234158297688,0.0233078427121195,0.0272636592548483,597.214
"M4",600,"Optimal (both) [wald]",0.08,-8.28788126189806e-05,0.000256645646412895,0.00573877111508608,0.00569552621081076,0.908,0.000368997165622741,0.00023010356311997,0.00514527209001166,0.00536454001764132,0.938,0.00573936954803639,0.0217190650572613,0.0205343002695348,597.936
"M3",1200,"Optimal (both) [wald]",0.08,-6.07172364627991e-05,0.000185396005677307,0.00414558071451394,0.00413954951422255,0.94,-0.000148782985168301,0.000221375524083306,0.00495010720404915,0.00485684021226931,0.946,0.00414602533076604,0.0160438610681618,0.0189287774899958,1195.146
"M4",1200,"Optimal (both) [wald]",0.08,-0.000195634842142623,0.000179224456648514,0.00400758068296542,0.00388331224899218,0.946,0.000194145079215419,0.000166380427164718,0.00372037945265761,0.0038479205751998,0.962,0.00401235291592574,0.0150447512626919,0.0149710496220877,1192.168
"M3",300,"Optimal (treat-all)",0.08,0.000471634495012994,0.000386338096710433,0.00863878246542417,0.00905317029708974,0.964,-0.000685582791941836,0.000537384565894241,0.0120162841939874,0.0117306450346633,0.936,0.00865164733341612,0.0390602201731074,0.0543662209660867,298.154
"M4",300,"Optimal (treat-all)",0.08,0.000653964429790058,0.000357374862665108,0.00799114486368832,0.00852300874557167,0.962,-6.84292823202384e-05,0.000379353542802026,0.00848260309210707,0.00874759483112611,0.972,0.00801785917236533,0.0379947188891177,0.0452525463240922,298.704
"M3",600,"Optimal (treat-all)",0.08,0.00022362717894733,0.000256430060942909,0.00573395047742759,0.0058194473562461,0.964,-3.54977094436798e-05,0.000342029209724047,0.007648005632335,0.00757401738466703,0.938,0.00573830961109245,0.0237113114977126,0.0327107201454125,598.054
"M4",600,"Optimal (treat-all)",0.08,-0.000309304397701427,0.000255993775745811,0.0057241948438447,0.00550233995358173,0.952,0.000296239657797966,0.000245959566876209,0.00549982311251609,0.00574931149555729,0.952,0.00573254531780916,0.0230872320901133,0.026994578242527,597.702
"M3",1200,"Optimal (treat-all)",0.08,-0.000215920254519344,0.000170615429128021,0.00381507697540552,0.00394716079274096,0.974,-0.000311928886823812,0.000243460581588708,0.00544394410273985,0.00532018850963887,0.946,0.00382118226267487,0.0158533657188391,0.022029455276128,1194.352
"M4",1200,"Optimal (treat-all)",0.08,9.87874173567875e-05,0.000165512751991775,0.00370097764596672,0.00367105936301601,0.956,0.000181410010607473,0.000172350396238469,0.00385387201938241,0.00411502943109143,0.968,0.00370229584039058,0.0149944251087124,0.0178896585747379,1192.836
"M3",300,"Recorded",0.08,0.00739168260869565,4.31344118608329e-05,0.000964514770902956,NA,NA,-0.014079947826087,8.53914339117349e-05,0.0019094105092282,NA,NA,0.0074543450772676,NA,NA,0
"M4",300,"Recorded",0.08,0.00941314347826087,3.77929821395189e-05,0.000845076771363997,NA,NA,-0.00657326956521739,8.86449600701087e-05,0.00198216156579518,NA,NA,0.00945100126398384,NA,NA,0
"M3",600,"Recorded",0.08,0.00733113043478261,4.23697170030568e-05,0.000947415674062638,NA,NA,-0.0140394130434783,8.52510297892642e-05,0.00190627097760654,NA,NA,0.00739209509619941,NA,NA,0
"M4",600,"Recorded",0.08,0.00936071739130435,4.09498406125001e-05,0.000915666272773319,NA,NA,-0.00653189130434782,9.20998768626456e-05,0.00205941585384236,NA,NA,0.0094053960471084,NA,NA,0
"M3",1200,"Recorded",0.08,0.00739834347826087,4.41844828264488e-05,0.000987995071506115,NA,NA,-0.0139488304347826,8.57601562480377e-05,0.00191765539131616,NA,NA,0.00746402173654696,NA,NA,0
"M4",1200,"Recorded",0.08,0.0093548695652174,3.92299897612746e-05,0.000877209238628308,NA,NA,-0.00664110869565217,9.12492820491216e-05,0.00204039597559887,NA,NA,0.00939590765336514,NA,NA,0
"M3",300,"SRS",0.08,-0.000780190442783404,0.000426303270360688,0.00953243091556971,0.00987505284574171,0.934,-0.000439915727691746,0.000511595182715823,0.0114396160551401,0.0114434530460167,0.954,0.00956430532172199,0.0409409232095148,0.0540529346886695,298.758
"M4",300,"SRS",0.08,0.000403882965137593,0.000415386572913927,0.00928832613976215,0.00906843186070715,0.93,-0.000103269627544533,0.00036787803592351,0.00822600295754077,0.00801061309593653,0.968,0.00929710298577558,0.0400396981427206,0.0444771510327354,299.476
"M3",600,"SRS",0.08,-0.000350602021274033,0.000268125674360591,0.00599547234383253,0.00601193354736303,0.968,9.30072463023041e-05,0.0003313956049981,0.00741023100220421,0.00718906676973082,0.946,0.00600571481199217,0.0246730700224347,0.0313677164686165,598.522
"M4",600,"SRS",0.08,-0.000304466714931662,0.000262883764631647,0.00587825967897418,0.00572824377529318,0.956,-5.92080983153678e-05,0.000234483725633629,0.00524321550134205,0.00530596296506483,0.97,0.00588613938281748,0.0242682721619726,0.0256963880404036,596.904
"M3",1200,"SRS",0.08,-9.83998873334384e-05,0.000182650169984908,0.00408418196188146,0.00403133874676858,0.958,-0.000270105149157401,0.000203540857129199,0.00455131192739463,0.00493531024894186,0.974,0.00408536716043799,0.0163012772466308,0.0205787320668892,1195.99
"M4",1200,"SRS",0.08,5.71842582684501e-05,0.000174625197706539,0.00390473812656162,0.00380365773567493,0.952,4.30284955732774e-05,0.000182783958459228,0.00408717356311332,0.00382724219885384,0.96,0.00390515683121916,0.0157858644992248,0.0166026623245824,1195.816
"M3",300,"SRS [strata]",0.08,-0.000489303437593545,0.000390950085221491,0.0087419096636459,0.00915083871627888,0.948,-0.000914583346275165,0.000514659919576921,0.0115081456546857,0.0109484023952857,0.956,0.00875559263678858,0.0398883400532441,0.0521767168303128,298.758
"M4",300,"SRS [strata]",0.08,0.00133921390294969,0.000382127614716786,0.00854463322586584,0.0084036816702371,0.936,-0.000240543592060279,0.000369676927122545,0.00826622738759247,0.00767724952997661,0.972,0.0086489450710722,0.0381088186944323,0.0437263643078649,299.476
"M3",600,"SRS [strata]",0.08,-0.00038181325062699,0.000264634066115251,0.00591739760995875,0.00586916556097304,0.958,-2.02689884798712e-05,0.000339310595007903,0.00758721555923573,0.00710816819334821,0.944,0.00592970284522756,0.0243751091682411,0.0312014393281843,598.522
"M4",600,"SRS [strata]",0.08,-0.000143958439042035,0.000260846175961023,0.00583269781119718,0.00552387123186382,0.952,-7.41003424645989e-05,0.000233597745989898,0.0052234043942414,0.00522327705092876,0.97,0.00583447407989065,0.0238019224008908,0.0255371451535981,596.904
"M3",1200,"SRS [strata]",0.08,-9.85094965503391e-05,0.000183120238887695,0.00409469302208886,0.00400532922612766,0.958,-0.000302790004407062,0.000202745370932945,0.00453352431529475,0.00491975596757831,0.976,0.00409587781385795,0.0162473165024564,0.0204861918948402,1195.99
"M4",1200,"SRS [strata]",0.08,6.57124978631525e-05,0.000175176391296361,0.00391706318991766,0.00375831049312122,0.94,-2.0141787071562e-05,0.000181677646643754,0.0040624356788762,0.00380096543437574,0.956,0.00391761434628057,0.0156177577668396,0.0167398743739221,1195.816
"M3",300,"SRS [wald]",0.08,-0.000780190442783404,0.000426303270360688,0.00953243091556971,0.00987505284574171,0.928,-0.000439915727691746,0.000511595182715823,0.0114396160551401,0.0114434530460167,0.926,0.00956430532172199,0.0370085774360006,0.0433869898868142,298.758
"M4",300,"SRS [wald]",0.08,0.000403882965137593,0.000415386572913927,0.00928832613976215,0.00906843186070715,0.876,-0.000103269627544533,0.00036787803592351,0.00822600295754077,0.00801061309593653,0.824,0.00929710298577558,0.033370931213352,0.0293335527636476,299.476
"M3",600,"SRS [wald]",0.08,-0.000350602021274033,0.000268125674360591,0.00599547234383253,0.00601193354736303,0.944,9.30072463023041e-05,0.0003313956049981,0.00741023100220421,0.00718906676973082,0.918,0.00600571481199217,0.0232030203854083,0.0278624481251483,598.522
"M4",600,"SRS [wald]",0.08,-0.000304466714931662,0.000262883764631647,0.00587825967897418,0.00572824377529318,0.934,-5.92080983153678e-05,0.000234483725633629,0.00524321550134205,0.00530596296506483,0.94,0.00588613938281748,0.0220637751226528,0.0204071338967571,596.904
"M3",1200,"SRS [wald]",0.08,-9.83998873334384e-05,0.000182650169984908,0.00408418196188146,0.00403133874676858,0.938,-0.000270105149157401,0.000203540857129199,0.00455131192739463,0.00493531024894186,0.968,0.00408536716043799,0.0157039343624178,0.0192789454333329,1195.99
"M4",1200,"SRS [wald]",0.08,5.71842582684501e-05,0.000174625197706539,0.00390473812656162,0.00380365773567493,0.934,4.30284955732774e-05,0.000182783958459228,0.00408717356311332,0.00382724219885384,0.93,0.00390515683121916,0.014795893684897,0.0149092238474074,1195.816
"M3",300,"Balanced",0.1,0.000528289663683609,0.000738611912085259,0.0165158644441374,0.0157434185897493,0.944,-0.00114628220375855,0.000540620546965559,0.0120886429304811,0.0118655562482617,0.922,0.0165243114321256,0.0686619135617495,0.0498360835831155,298.352
"M4",300,"Balanced",0.1,0.00115849652175575,0.000715085893201922,0.0159898066695065,0.0162035681685403,0.966,0.000333905535278019,0.000276212944595734,0.00617630920381444,0.00621556527486604,0.962,0.0160317195434275,0.0706195042227743,0.0331857108844763,298.628
"M3",600,"Balanced",0.1,-2.13282036362339e-05,0.000463411312541062,0.0103621919638422,0.010199920393358,0.92,0.000206032842386225,0.000367801483361332,0.00822429119021197,0.00808938957918639,0.892,0.010362213913435,0.0443776214866253,0.0333389650738199,596.444
"M4",600,"Balanced",0.1,0.000264964497861266,0.000480659315872498,0.0107478690430945,0.0104681480806943,0.902,0.000586221909496851,0.00020917233861089,0.00467723568146554,0.00445809180886021,0.948,0.0107511345983871,0.0452684076535441,0.0217469389752504,597.224
"M3",1200,"Balanced",0.1,-6.97182469278773e-06,0.000302135632648043,0.0067559581302593,0.00699842405452419,0.954,0.000106129984799877,0.000249911533913123,0.00558819178190988,0.00556075339920537,0.95,0.00675596172755266,0.028885296374212,0.0223977789534978,1193.964
"M4",1200,"Balanced",0.1,-4.03666746367146e-05,0.00030592399939805,0.00684066858602644,0.0071140471891059,0.948,0.000159024565638106,0.000147090801842435,0.00328905031784636,0.00319865046394487,0.938,0.00684078768653655,0.0292625070087381,0.0141789310464837,1191.572
"M3",300,"Equal-rate correction",0.1,0.00937287510741067,0.000292043505595876,0.00653029130899719,NA,NA,0.0113814908214582,0.000529106153895334,0.0118311732742343,NA,NA,0.0114234623630265,NA,NA,299.046
"M4",300,"Equal-rate correction",0.1,0.0131471224485564,0.000181801374139893,0.00406520230979674,NA,NA,0.014657168500298,0.000405411902192063,0.00906528572188949,NA,NA,0.013761275322328,NA,NA,299.444
"M3",600,"Equal-rate correction",0.1,0.0100209557829615,0.000191905943570072,0.00429114735108919,NA,NA,0.010605211004416,0.00034704936880673,0.00776025980200244,NA,NA,0.0109010779463698,NA,NA,598.268
"M4",600,"Equal-rate correction",0.1,0.0131056828238256,0.00012489600759287,0.00279275963095986,NA,NA,0.014570826877719,0.000297785049379153,0.00665867613094918,NA,NA,0.0133999413668507,NA,NA,598.344
"M3",1200,"Equal-rate correction",0.1,0.0102675297898507,0.000148409180964338,0.00331853017121328,NA,NA,0.0102026988264768,0.000265103556235158,0.00592789572818752,NA,NA,0.0107904963038187,NA,NA,1195.786
"M4",1200,"Equal-rate correction",0.1,0.0134238934743024,0.000101893619186687,0.00227841058974909,NA,NA,0.0134620002549421,0.000213141119615814,0.00476598032261374,NA,NA,0.0136158756907111,NA,NA,1193.344
"M3",300,"Optimal (both)",0.1,0.000642887594000829,0.00052223657679773,0.0116775648605651,0.0110591812715723,0.926,0.000328752505726622,0.000490941886846904,0.0109777943199169,0.0101359592578998,0.928,0.0116952479893,0.0473933062232449,0.0484575980180797,298.8
"M4",300,"Optimal (both)",0.1,0.000392948794317928,0.000514183372885196,0.0114974897467142,0.0107601421235667,0.928,9.26805212362464e-06,0.00027284939333634,0.00610109791119634,0.00631178435656094,0.982,0.0115042026768809,0.0464357158076035,0.0375317084038932,299.25
"M3",600,"Optimal (both)",0.1,0.000313600215022372,0.000312410435358261,0.00698570970341375,0.00694663151182901,0.952,-0.000299675705203027,0.00028810342921455,0.00644218852274532,0.00651320181586994,0.966,0.00699274518020148,0.0287667141272132,0.0283993809223423,597.214
"M4",600,"Optimal (both)",0.1,-0.000162936216470962,0.000312164994101185,0.00698022147006071,0.00685061774189568,0.95,0.000298981450176129,0.000177034886531533,0.0039586204067347,0.00412426891910498,0.972,0.00698212288503535,0.0285669989115267,0.021649409543737,597.936
"M3",1200,"Optimal (both)",0.1,-7.74916062164094e-05,0.00021807943589878,0.0048764044316448,0.00476828130084551,0.95,-0.000167514371559811,0.000199257330680071,0.00445552936415794,0.0044487174568621,0.958,0.0048770201076066,0.0192612535017762,0.0185043712822167,1195.146
"M4",1200,"Optimal (both)",0.1,-0.000256754738481718,0.000213193682340425,0.00476715566086686,0.00466373586419182,0.958,0.000141686958906505,0.000137709668964236,0.00307928180963025,0.00307432360062109,0.966,0.00477406494411919,0.0189482610317221,0.0140127030769774,1192.168
"M3",300,"Optimal (both) [strata]",0.1,0.000904581361318768,0.000507912552400076,0.0113572699379199,0.0105190298930176,0.93,0.000192103373021793,0.000506760571545079,0.0113315108629144,0.00983365224812166,0.92,0.0113932369360961,0.0462104839559788,0.0463617314047601,298.8
"M4",300,"Optimal (both) [strata]",0.1,0.000821884116586291,0.000511637136520468,0.0114405541707311,0.0103310356380433,0.924,6.93909377970647e-05,0.000268651599656812,0.00600723239096691,0.00595754319101501,0.976,0.0114700380659581,0.0455609713238368,0.0357408591422894,299.25
"M3",600,"Optimal (both) [strata]",0.1,0.000412210778340395,0.000308807067339988,0.00690513594504568,0.00678081180641578,0.952,-0.000377923786078156,0.000294838191374489,0.0065927823827645,0.00640725144951057,0.966,0.00691742872354619,0.0284138882019417,0.0280385024570784,597.214
"M4",600,"Optimal (both) [strata]",0.1,-2.51958356854987e-05,0.000313805597462927,0.0070169064764704,0.00668605637280317,0.942,0.000278484565009555,0.000184159965761945,0.00411794202177743,0.00405461273440142,0.964,0.00701695171208041,0.0280820527434243,0.0210797984408453,597.936
"M3",1200,"Optimal (both) [strata]",0.1,-9.40737101997463e-05,0.000220241095543808,0.0049247406107498,0.00472900585827811,0.938,-0.000145782541944493,0.000200124342324908,0.00447491633390933,0.00442897549063963,0.952,0.00492563903936525,0.019175113807525,0.0184644036300718,1195.146
"M4",1200,"Optimal (both) [strata]",0.1,-0.00025296795443492,0.000213843397192106,0.00478168372661037,0.00461265905780771,0.948,0.000155253641193752,0.000137791053175444,0.00308110161591582,0.00305395326020418,0.96,0.00478837050021209,0.0188053321069948,0.0137654950625596,1192.168
"M3",300,"Optimal (both) [wald]",0.1,0.000642887594000829,0.00052223657679773,0.0116775648605651,0.0110591812715723,0.882,0.000328752505726622,0.000490941886846904,0.0109777943199169,0.0101359592578998,0.894,0.0116952479893,0.0412782947624268,0.0380355063885362,298.8
"M4",300,"Optimal (both) [wald]",0.1,0.000392948794317928,0.000514183372885196,0.0114974897467142,0.0107601421235667,0.872,9.26805212362464e-06,0.00027284939333634,0.00610109791119634,0.00631178435656094,0.912,0.0115042026768809,0.0398313118831021,0.0218961900390598,299.25
"M3",600,"Optimal (both) [wald]",0.1,0.000313600215022372,0.000312410435358261,0.00698570970341375,0.00694663151182901,0.93,-0.000299675705203027,0.00028810342921455,0.00644218852274532,0.00651320181586994,0.93,0.00699274518020148,0.0267240931533908,0.025098754212806,597.214
"M4",600,"Optimal (both) [wald]",0.1,-0.000162936216470962,0.000312164994101185,0.00698022147006071,0.00685061774189568,0.904,0.000298981450176129,0.000177034886531533,0.0039586204067347,0.00412426891910498,0.932,0.00698212288503535,0.0263595677447921,0.0155334924770412,597.936
"M3",1200,"Optimal (both) [wald]",0.1,-7.74916062164094e-05,0.00021807943589878,0.0048764044316448,0.00476828130084551,0.948,-0.000167514371559811,0.000199257330680071,0.00445552936415794,0.0044487174568621,0.944,0.0048770201076066,0.0185298694398426,0.0173268334904902,1195.146
"M4",1200,"Optimal (both) [wald]",0.1,-0.000256754738481718,0.000213193682340425,0.00476715566086686,0.00466373586419182,0.938,0.000141686958906505,0.000137709668964236,0.00307928180963025,0.00307432360062109,0.948,0.00477406494411919,0.0181399209572461,0.0119274995281777,1192.168
"M3",300,"Optimal (treat-all)",0.1,0.000569284805721881,0.000452710362809111,0.0101229114535976,0.0104460016538312,0.942,-0.000613648420943053,0.000521631671388915,0.0116640387644245,0.0109676262891536,0.946,0.0101389063260001,0.0446423780465502,0.0519842691128004,298.154
"M4",300,"Optimal (treat-all)",0.1,0.000527394963540824,0.000437406528314683,0.00978070731113817,0.0103320125183187,0.964,-0.000211051942171921,0.000309225145405488,0.00691448445478928,0.00700634133422908,0.984,0.00979491607691051,0.044713512291049,0.0408946652473215,298.704
"M3",600,"Optimal (treat-all)",0.1,0.000209499516892649,0.000303739749127541,0.00679182726517915,0.00667440579941386,0.944,-5.53837023514886e-05,0.000313261548249387,0.0070047411662246,0.00712437724016987,0.958,0.00679505758971984,0.0273300256908976,0.0314907889747362,598.054
"M4",600,"Optimal (treat-all)",0.1,-0.000308328232446455,0.000289632738088084,0.00647638490874348,0.00659972963363228,0.956,0.000310672357619599,0.00021202374431607,0.00474099505134767,0.00475305563094091,0.966,0.00648372021181697,0.0273778347789661,0.0256960848902634,597.702
"M3",1200,"Optimal (treat-all)",0.1,-0.000121124613325814,0.000199143204598519,0.00445297742739437,0.00455231347188571,0.96,-0.000219266770792606,0.000226745609182884,0.00507018595732528,0.00501049042154028,0.942,0.00445462446687003,0.0182812976243506,0.021024478122659,1194.352
"M4",1200,"Optimal (treat-all)",0.1,6.74101632008386e-05,0.000204584637322776,0.00457465156205868,0.00443496189075913,0.944,0.000151868814079324,0.000147823610657503,0.00330543642109639,0.00347565396743827,0.97,0.00457514819916784,0.017943286683374,0.0166967791515744,1192.836
"M3",300,"Recorded",0.1,0.0103351222222222,5.3380270991319e-05,0.00119361914593949,NA,NA,-0.0116136555555555,8.2784567812209e-05,0.0018511192111604,NA,NA,0.0104038203566683,NA,NA,0
"M4",300,"Recorded",0.1,0.0141546444444444,4.65278249094966e-05,0.00104039379342843,NA,NA,-0.00218702222222222,8.71718184101737e-05,0.00194922111687416,NA,NA,0.0141928284212149,NA,NA,0
"M3",600,"Recorded",0.1,0.0102194222222222,5.07731544528489e-05,0.00113532224788666,NA,NA,-0.0116260222222222,8.22896483362933e-05,0.00184005247524504,NA,NA,0.0102822928942233,NA,NA,0
"M4",600,"Recorded",0.1,0.0140991888888889,4.76864440355297e-05,0.00106630130468684,NA,NA,-0.00214658888888888,8.92489708059736e-05,0.00199566765644051,NA,NA,0.0141394528110866,NA,NA,0
"M3",1200,"Recorded",0.1,0.0103128666666667,5.40212613816427e-05,0.00120795212679637,NA,NA,-0.0115086888888889,8.25954643823424e-05,0.0018468907299208,NA,NA,0.0103833697432518,NA,NA,0
"M4",1200,"Recorded",0.1,0.0140747555555556,4.81857515846821e-05,0.00107746616090267,NA,NA,-0.00227668888888889,8.98166024340019e-05,0.00200836028550501,NA,NA,0.0141159369960528,NA,NA,0
"M3",300,"SRS",0.1,-0.00061939480059945,0.000487017347308351,0.010890038948031,0.011343289487242,0.942,-0.000271558425172416,0.000474475521213595,0.0106095951909324,0.0104898612195781,0.954,0.0109076394425486,0.0477099885362614,0.0512720576459436,298.758
"M4",300,"SRS",0.1,0.000514048578649694,0.000496612530604066,0.0111045937690889,0.0108130917751384,0.936,-4.37407164758513e-06,0.000281232639069362,0.00628855298450756,0.00600290298172541,0.986,0.0111164854480946,0.0468928202586247,0.0383317200462272,299.476
"M3",600,"SRS",0.1,-0.000428126139437233,0.000308315136584746,0.00689413603895624,0.00697824852722757,0.966,2.5341111863017e-05,0.000302385922366062,0.00676155477849489,0.00656120654804625,0.954,0.00690741657314112,0.0287519325941314,0.0295134165573246,598.522
"M4",600,"SRS",0.1,-0.000223378161039983,0.00029853021622884,0.00667533856825398,0.00681639514040116,0.954,2.7330647056685e-05,0.000191661395727175,0.00428567909508451,0.00414898663777678,0.98,0.00667907499610902,0.0287758233987602,0.0229108877199385,596.904
"M3",1200,"SRS",0.1,-4.68316607042246e-05,0.000208849767884733,0.00467002278075315,0.00467730284145281,0.96,-0.000222352595013166,0.000188628319579653,0.00421785745061659,0.00453089855391049,0.966,0.00467025759216745,0.0189433774822254,0.0190612203021469,1195.99
"M4",1200,"SRS",0.1,0.000123824831333774,0.00021063389374124,0.00470991704770881,0.00455486470362428,0.956,0.000109354496134265,0.000148151776475962,0.00331277443187604,0.00310629723030961,0.962,0.00471154445857756,0.0187546935194081,0.0144723349435533,1195.816
"M3",300,"SRS [strata]",0.1,-0.000213199302188188,0.000452833612814679,0.0101256674075044,0.0105814329703174,0.952,-0.000647929875507172,0.000477387793384913,0.0106747155763729,0.0100379121229714,0.946,0.0101279116499825,0.046044019530829,0.0486764296737541,298.758
"M4",300,"SRS [strata]",0.1,0.00163312099305902,0.000464357589910585,0.0103833513690804,0.0101497446133753,0.938,1.82577759377175e-05,0.000287668970425707,0.00643247372889258,0.00568675253306373,0.972,0.0105109975659665,0.0448986139078759,0.036644026634717,299.476
"M3",600,"SRS [strata]",0.1,-0.000396444205643304,0.000309163932847612,0.00691311570038442,0.00683359678698892,0.958,-2.68656265595829e-05,0.000307482732571298,0.0068755229193681,0.00648583313419575,0.952,0.00692447374860283,0.0283724264330153,0.028999716841027,598.522
"M4",600,"SRS [strata]",0.1,-4.32705997456193e-05,0.000295133891016715,0.00659939442777389,0.00661416440692044,0.964,2.81398989779857e-05,0.000194290890010988,0.00434447637473505,0.00407645756071012,0.978,0.00659953628356837,0.0280545866909276,0.0219714214469536,596.904
"M3",1200,"SRS [strata]",0.1,-2.32925876532467e-05,0.000209633857704966,0.00468755556213821,0.00465301421185662,0.96,-0.000232112662351229,0.000189255516170307,0.00423188199273617,0.00451408757985473,0.956,0.00468761343252326,0.018882061580323,0.018983757137322,1195.99
"M4",1200,"SRS [strata]",0.1,0.000186091103265319,0.000212193695399519,0.00474479527310209,0.00450623076552446,0.96,9.83289453320643e-05,0.000148004868438712,0.00330948946829874,0.00308572192699086,0.958,0.00474844312194707,0.0185066963956818,0.0142004073651929,1195.816
"M3",300,"SRS [wald]",0.1,-0.00061939480059945,0.000487017347308351,0.010890038948031,0.011343289487242,0.936,-0.000271558425172416,0.000474475521213595,0.0106095951909324,0.0104898612195781,0.914,0.0109076394425486,0.0430591425604181,0.0394586291558334,298.758
"M4",300,"SRS [wald]",0.1,0.000514048578649694,0.000496612530604066,0.0111045937690889,0.0108130917751384,0.908,-4.37407164758513e-06,0.000281232639069362,0.00628855298450756,0.00600290298172541,0.908,0.0111164854480946,0.0407277382472685,0.0208244736320895,299.476
"M3",600,"SRS [wald]",0.1,-0.000428126139437233,0.000308315136584746,0.00689413603895624,0.00697824852722757,0.954,2.5341111863017e-05,0.000302385922366062,0.00676155477849489,0.00656120654804625,0.91,0.00690741657314112,0.0270295734128321,0.0253737892307853,598.522
"M4",600,"SRS [wald]",0.1,-0.000223378161039983,0.00029853021622884,0.00667533856825398,0.00681639514040116,0.944,2.7330647056685e-05,0.000191661395727175,0.00428567909508451,0.00414898663777678,0.936,0.00667907499610902,0.0263874212394524,0.015805897645156,596.904
"M3",1200,"SRS [wald]",0.1,-4.68316607042246e-05,0.000208849767884733,0.00467002278075315,0.00467730284145281,0.94,-0.000222352595013166,0.000188628319579653,0.00421785745061659,0.00453089855391049,0.948,0.00467025759216745,0.0182456222318923,0.0176869196140387,1195.99
"M4",1200,"SRS [wald]",0.1,0.000123824831333774,0.00021063389374124,0.00470991704770881,0.00455486470362428,0.94,0.000109354496134265,0.000148151776475962,0.00331277443187604,0.00310629723030961,0.938,0.00471154445857756,0.0177565093844895,0.0120772855232618,1195.816
"M3",300,"Balanced",0.12,0.000468075788649568,0.00081341658294237,0.0181885477348474,0.0173189942920064,0.94,-0.00124455453032537,0.000466758749932903,0.010437042939428,0.010322254588019,0.944,0.0181945696197173,0.075845399118412,0.0436377984825951,298.352
"M4",300,"Balanced",0.12,0.00135811063691473,0.000737873028511666,0.0164993425051573,0.0168018406854792,0.968,0.000514778946198859,0.000263403827928541,0.00588988864781875,0.00571957140215427,0.972,0.0165551432372115,0.074436820848679,0.0299379700164587,298.628
"M3",600,"Balanced",0.12,7.17845665659106e-06,0.000521116987256573,0.0116525300773559,0.0112197804035809,0.904,0.000239706799179548,0.000320975616141071,0.00717723296811313,0.00716687836348969,0.916,0.0116525322884738,0.0478009484288911,0.0299588338823608,596.444
"M4",600,"Balanced",0.12,0.000261771780259101,0.000504340671589964,0.0112774002549306,0.0108872202918009,0.902,0.00059033049670457,0.000189660941265971,0.00424094757347305,0.00410575045630458,0.948,0.0112804379779709,0.0472679162761664,0.019302622068399,597.224
"M3",1200,"Balanced",0.12,-0.000195313180703406,0.000342871010662107,0.00766682887354527,0.00773896440567764,0.95,-7.96408755404515e-05,0.000211783781884597,0.00473562932825947,0.00486451342213339,0.936,0.00766931628078957,0.0315962836363774,0.0196755121695655,1193.964
"M4",1200,"Balanced",0.12,4.26566940141121e-05,0.000315007923174179,0.00704379129668495,0.0073982261491892,0.95,0.00024657955338608,0.000139146969749582,0.00311142083223172,0.00298073273090255,0.932,0.00704392045843782,0.0304521450803793,0.0131719822819959,1191.572
"M3",300,"Equal-rate correction",0.12,0.0100140135640137,0.000353651490224939,0.00790788772487066,NA,NA,0.0120682796351986,0.000481729908386074,0.0107718082194601,NA,NA,0.0127599042288494,NA,NA,299.046
"M4",300,"Equal-rate correction",0.12,0.0116951416183342,0.000227905485967613,0.00509612159068707,NA,NA,0.0132395068985245,0.000365493544593507,0.00817268411048433,NA,NA,0.0127572251191221,NA,NA,299.444
"M3",600,"Equal-rate correction",0.12,0.0108168971567343,0.000232867993938416,0.00520708664230308,NA,NA,0.0114144309059492,0.00031667381301205,0.00708104172589001,NA,NA,0.0120049579507726,NA,NA,598.268
"M4",600,"Equal-rate correction",0.12,0.0117084890913279,0.000162188635895792,0.00362664815040954,NA,NA,0.0132069318737189,0.000267562899624544,0.00598288831817434,NA,NA,0.0122572955258741,NA,NA,598.344
"M3",1200,"Equal-rate correction",0.12,0.0111521907027899,0.000174158842556197,0.00389431010838339,NA,NA,0.0110858863084302,0.000246406316857832,0.00550981274579465,NA,NA,0.0118125784099683,NA,NA,1195.786
"M4",1200,"Equal-rate correction",0.12,0.012150229259062,0.000125396918168404,0.0028039603319353,NA,NA,0.0121892021028981,0.000193146572109758,0.00431888864858484,NA,NA,0.012469573552886,NA,NA,1193.344
"M3",300,"Optimal (both)",0.12,0.00100333837456933,0.000564805144429161,0.0126294269698519,0.0121703588767242,0.942,0.000682063852470695,0.000452177857244805,0.0101110042671958,0.00934073531031875,0.932,0.0126692191346076,0.0521835228327595,0.046179038544512,298.8
"M4",300,"Optimal (both)",0.12,0.0005921478798043,0.000532663863388526,0.0119107260769441,0.0112496442525608,0.928,0.000199747120741934,0.000264687854722233,0.00591860035977502,0.00601655970175855,0.986,0.0119254364612601,0.0497495381099248,0.0363773842039646,299.25
"M3",600,"Optimal (both)",0.12,0.00034857836675161,0.000341556091571473,0.00763742638882956,0.00769925940317079,0.944,-0.00027863564256983,0.000266870751363099,0.00596741141254333,0.00596227474526798,0.974,0.00764537695097876,0.0318511813622835,0.026668243066009,597.214
"M4",600,"Optimal (both)",0.12,-0.000137700618731189,0.000325296517644657,0.00727385126297413,0.00719532071823097,0.946,0.000334715176703335,0.000172754459869791,0.00386290715685111,0.00388431902627553,0.972,0.00727515454518111,0.0304667417437243,0.0213466984565881,597.936
"M3",1200,"Optimal (both)",0.12,7.25385079408808e-05,0.000241897103336961,0.00540898366621736,0.00527404131842406,0.942,-1.95302293421531e-05,0.000185817298218913,0.00415500110212841,0.00408005260258718,0.96,0.00540947004211508,0.0213043564636236,0.0172421711625101,1195.146
"M4",1200,"Optimal (both)",0.12,-0.000231432065105189,0.000225475070051582,0.00504177583866865,0.00491818470486469,0.944,0.000176065125405484,0.000130074190219299,0.00290854731448592,0.0029031889574713,0.98,0.00504708474350707,0.0200716659386244,0.013546318803231,1192.168
"M3",300,"Optimal (both) [strata]",0.12,0.00126934360540604,0.00054684208827027,0.0122277608233027,0.0116234819889046,0.946,0.000540672935556846,0.000462540961874088,0.010342730331286,0.00904193060738423,0.926,0.0122934685073205,0.0509966734270701,0.0440000441974021,298.8
"M4",300,"Optimal (both) [strata]",0.12,0.001032029525282,0.000528619202297277,0.0118202847054842,0.0108047481664626,0.924,0.000262434228793001,0.000258130307220654,0.00577196913998286,0.00565673711048694,0.978,0.0118652524397822,0.0488768406579958,0.0350169407703485,299.25
"M3",600,"Optimal (both) [strata]",0.12,0.000431433342553161,0.000335705185697957,0.00750659615619822,0.00752595849561138,0.958,-0.000376658825602182,0.000273789253572926,0.00612211382497989,0.00586300425739235,0.972,0.00751898401257221,0.0314579974600963,0.0264545424316957,597.214
"M4",600,"Optimal (both) [strata]",0.12,-2.16057047516122e-06,0.000326170569112124,0.00729339564794503,0.00702004587499595,0.942,0.000308421657508402,0.000181305170405215,0.00405410685698243,0.00382802794693216,0.97,0.00729339596796501,0.0298301770161097,0.0206382888231755,597.936
"M3",1200,"Optimal (both) [strata]",0.12,4.27030481450069e-05,0.000244234417528726,0.00546124760039299,0.00523533685628002,0.942,-1.01809843212203e-05,0.000186258875690731,0.00416487507457158,0.0040595736283845,0.954,0.00546141455148014,0.0212323646107997,0.0172145613803308,1195.146
"M4",1200,"Optimal (both) [strata]",0.12,-0.000231876730570048,0.000225630069919365,0.00504524174107731,0.0048636284495381,0.948,0.000185622628595634,0.000130973137146709,0.00292864837886444,0.00288721658682954,0.966,0.00505056739823247,0.0198957945051303,0.0133213650408722,1192.168
"M3",300,"Optimal (both) [wald]",0.12,0.00100333837456933,0.000564805144429161,0.0126294269698519,0.0121703588767242,0.886,0.000682063852470695,0.000452177857244805,0.0101110042671958,0.00934073531031875,0.87,0.0126692191346076,0.045832013483389,0.0346667334191314,298.8
"M4",300,"Optimal (both) [wald]",0.12,0.0005921478798043,0.000532663863388526,0.0119107260769441,0.0112496442525608,0.88,0.000199747120741934,0.000264687854722233,0.00591860035977502,0.00601655970175855,0.9,0.0119254364612601,0.041878519243656,0.0204320898895378,299.25
"M3",600,"Optimal (both) [wald]",0.12,0.00034857836675161,0.000341556091571473,0.00763742638882956,0.00769925940317079,0.934,-0.00027863564256983,0.000266870751363099,0.00596741141254333,0.00596227474526798,0.922,0.00764537695097876,0.0297320780843661,0.0228842566139063,597.214
"M4",600,"Optimal (both) [wald]",0.12,-0.000137700618731189,0.000325296517644657,0.00727385126297413,0.00719532071823097,0.922,0.000334715176703335,0.000172754459869791,0.00386290715685111,0.00388431902627553,0.92,0.00727515454518111,0.0277159616734025,0.0145350476252958,597.936
"M3",1200,"Optimal (both) [wald]",0.12,7.25385079408808e-05,0.000241897103336961,0.00540898366621736,0.00527404131842406,0.94,-1.95302293421531e-05,0.000185817298218913,0.00415500110212841,0.00408005260258718,0.934,0.00540947004211508,0.0205281361197567,0.0158640327459947,1195.146
"M4",1200,"Optimal (both) [wald]",0.12,-0.000231432065105189,0.000225475070051582,0.00504177583866865,0.00491818470486469,0.938,0.000176065125405484,0.000130074190219299,0.00290854731448592,0.0029031889574713,0.946,0.00504708474350707,0.0191372870220194,0.0112540809885437,1192.168
"M3",300,"Optimal (treat-all)",0.12,0.000779687610244474,0.00051674143107414,0.011554689666723,0.0115049422157141,0.948,-0.000430130462481037,0.000492312152882096,0.0110084343999364,0.0103716184071786,0.956,0.0115809656792447,0.049228109030866,0.0515006805879246,298.154
"M4",300,"Optimal (treat-all)",0.12,0.000662827836904863,0.000457423428470594,0.0102282988056126,0.0108227375928515,0.97,-9.2401953028641e-05,0.000300044648445293,0.00670920230208702,0.00677148079617132,0.978,0.0102497530310868,0.0480723097743363,0.0408833655101175,298.704
"M3",600,"Optimal (treat-all)",0.12,0.000350321519990912,0.000336442238199082,0.00752307715115325,0.00738445524908106,0.946,7.94182275821315e-05,0.000296047939465906,0.00661983317244509,0.0067182890678651,0.966,0.00753122931463203,0.0302646936922315,0.0307206072930854,598.054
"M4",600,"Optimal (treat-all)",0.12,-0.000157128235019954,0.000302815841273444,0.00677116805751207,0.00692367199046758,0.956,0.000475940550274858,0.000205524547568702,0.00459566859408508,0.0046077227464751,0.976,0.00677299093054998,0.0291042442197747,0.0259232629112858,597.702
"M3",1200,"Optimal (treat-all)",0.12,-6.1200669343453e-07,0.000225523170633622,0.00504285140038062,0.0050770035698548,0.964,-0.000100984667739022,0.000212275357316056,0.00474662128906758,0.00470525244453248,0.956,0.00504285143751757,0.0203674845683141,0.0203067821347512,1194.352
"M4",1200,"Optimal (treat-all)",0.12,2.48524547050918e-05,0.000214231950171515,0.00479037203535855,0.00468260313176492,0.944,0.000111230620376251,0.00014577943781476,0.00325972732675506,0.00335610402424974,0.97,0.00479043650220416,0.0190496310085631,0.0163510840336954,1192.836
"M3",300,"Recorded",0.12,0.0129320636363636,6.18837653442463e-05,0.0013837630601338,NA,NA,-0.00951555,7.80612009945647e-05,0.00174550151829121,NA,NA,0.0130058859791077,NA,NA,0
"M4",300,"Recorded",0.12,0.0146122863636364,5.82322339934032e-05,0.00130211233690924,NA,NA,-0.00210078181818182,8.32866858332754e-05,0.00186234691143872,NA,NA,0.0146701877735373,NA,NA,0
"M3",600,"Recorded",0.12,0.0128190863636364,6.11859768389649e-05,0.00136816003481653,NA,NA,-0.00952284545454546,7.91020832059654e-05,0.00176877635210383,NA,NA,0.0128918903609687,NA,NA,0
"M4",600,"Recorded",0.12,0.0145975409090909,5.90664168796397e-05,0.00132076523330215,NA,NA,-0.00201745909090909,8.61319976060581e-05,0.00192597001684995,NA,NA,0.0146571696242516,NA,NA,0
"M3",1200,"Recorded",0.12,0.0129350318181818,6.13593355293967e-05,0.00137203645297949,NA,NA,-0.00938246818181819,7.74192689585841e-05,0.00173114748159733,NA,NA,0.0130075951722707,NA,NA,0
"M4",1200,"Recorded",0.12,0.0145595909090909,5.74333803831207e-05,0.00128424942714261,NA,NA,-0.00216347727272728,8.53848110033745e-05,0.00190926241649517,NA,NA,0.0146161206902242,NA,NA,0
"M3",300,"SRS",0.12,-0.00069072729512832,0.000537723173935236,0.0120238556999613,0.0126008213542881,0.958,-0.000334985547532501,0.000430199020272891,0.00961954253183995,0.00953318487232466,0.966,0.0120436792588365,0.0529739050368514,0.0484115801217326,298.758
"M4",300,"SRS",0.12,0.000427400803155148,0.000520380912147013,0.0116360709375407,0.0112891199157763,0.94,-0.000102804180103448,0.000268969517254583,0.0060143412445655,0.00570331198660575,0.992,0.0116439176530074,0.0499225659990209,0.0380112171389405,299.476
"M3",600,"SRS",0.12,-0.000610065216574945,0.000342392915792513,0.0076561383472642,0.00777105706064653,0.966,-0.000146291891381503,0.00027468080961393,0.00614204962411426,0.00596284250930259,0.978,0.00768040584610761,0.0321189156554285,0.0274665117836677,598.522
"M4",600,"SRS",0.12,-0.000187516760030419,0.000314685019886882,0.00703657095967941,0.0071666933339927,0.962,6.88899755229774e-05,0.000178701698527807,0.00399589145602851,0.0039018017281494,0.984,0.00703906907239131,0.0310057119447669,0.0220479455925481,596.904
"M3",1200,"SRS",0.12,5.21140070913403e-05,0.000240181325478317,0.0053706177069552,0.00521425737637244,0.95,-0.000127396039360989,0.000172229361309737,0.00385116559609944,0.00414093479168026,0.97,0.00537087054619601,0.0211270052435142,0.0178181160322595,1195.99
"M4",1200,"SRS",0.12,0.000150095652672197,0.000219190797024622,0.00490125522189414,0.00481267616565427,0.956,0.000135296446218142,0.000139476406866929,0.00311878727011872,0.0029347230223792,0.96,0.00490355294201007,0.0199613178349856,0.0138731063724926,1195.816
"M3",300,"SRS [strata]",0.12,-0.000277552982594291,0.000510408453182472,0.0114130799760653,0.0118287620607962,0.97,-0.000722163796215994,0.000424239603407906,0.00948628591967629,0.00908670683053247,0.962,0.0114164543619378,0.0514810338060326,0.0460893053730573,298.758
"M4",300,"SRS [strata]",0.12,0.0015959820886879,0.000491828959931167,0.0109976298770911,0.0106060640476198,0.944,-5.55825651861706e-05,0.000276061646275434,0.00617292607052371,0.00539199042198362,0.984,0.0111128314007232,0.0485544784515764,0.0358269562874268,299.476
"M3",600,"SRS [strata]",0.12,-0.000573284780148509,0.000343936523747857,0.0076906544704518,0.00762086872527313,0.96,-0.000195306687903796,0.000277703312808695,0.00620963485017129,0.00589481463698592,0.97,0.00771199206580441,0.0316947552485675,0.0274276312648133,598.522
"M4",600,"SRS [strata]",0.12,-1.7231545089591e-05,0.000310332123008986,0.0069392372264992,0.00695595476885309,0.97,5.58019195140876e-05,0.000182426372935013,0.00407917770771418,0.00383869332572454,0.986,0.00693925862119135,0.0300108533753701,0.0213559698570259,596.904
"M3",1200,"SRS [strata]",0.12,6.48590504704616e-05,0.000240470245363749,0.00537707815199396,0.00518886060450181,0.954,-0.000148706935016119,0.000173029331454062,0.00386905347232625,0.00412499071836484,0.966,0.00537746930712568,0.0210608754480353,0.0177566646517608,1195.99
"M4",1200,"SRS [strata]",0.12,0.000224240204736353,0.000221782628207565,0.00495921032900677,0.00476072773116503,0.956,0.000134483452304598,0.000139289976300741,0.00311461855592791,0.00291816768818323,0.958,0.00496427746572929,0.0196976772656067,0.0137554358997406,1195.816
"M3",300,"SRS [wald]",0.12,-0.00069072729512832,0.000537723173935236,0.0120238556999613,0.0126008213542881,0.934,-0.000334985547532501,0.000430199020272891,0.00961954253183995,0.00953318487232466,0.884,0.0120436792588365,0.0480377382159624,0.035428058347874,298.758
"M4",300,"SRS [wald]",0.12,0.000427400803155148,0.000520380912147013,0.0116360709375407,0.0112891199157763,0.902,-0.000102804180103448,0.000268969517254583,0.0060143412445655,0.00570331198660575,0.898,0.0116439176530074,0.0426102331581032,0.0194165139037917,299.476
"M3",600,"SRS [wald]",0.12,-0.000610065216574945,0.000342392915792513,0.0076561383472642,0.00777105706064653,0.942,-0.000146291891381503,0.00027468080961393,0.00614204962411426,0.00596284250930259,0.926,0.00768040584610761,0.0301580941503866,0.0229677834643453,598.522
"M4",600,"SRS [wald]",0.12,-0.000187516760030419,0.000314685019886882,0.00703657095967941,0.0071666933339927,0.94,6.88899755229774e-05,0.000178701698527807,0.00399589145602851,0.0039018017281494,0.932,0.00703906907239131,0.0277561162080662,0.0147682379428318,596.904
"M3",1200,"SRS [wald]",0.12,5.21140070913403e-05,0.000240181325478317,0.0053706177069552,0.00521425737637244,0.938,-0.000127396039360989,0.000172229361309737,0.00385116559609944,0.00414093479168026,0.946,0.00537087054619601,0.0203534963508898,0.016148203969669,1195.99
"M4",1200,"SRS [wald]",0.12,0.000150095652672197,0.000219190797024622,0.00490125522189414,0.00481267616565427,0.944,0.000135296446218142,0.000139476406866929,0.00311878727011872,0.0029347230223792,0.938,0.00490355294201007,0.0187708867364464,0.011395078345242,1195.816
"M3",300,"Balanced",0.14,0.000579319422110744,0.000892167897311777,0.0199494806573219,0.0186886175008843,0.9,-0.00117313950893336,0.000387857718701809,0.00867276224615236,0.00873781883726894,0.964,0.0199578904067963,0.0814974451643719,0.0375932054647565,298.352
"M4",300,"Balanced",0.14,0.00111686867913693,0.000765762929443343,0.0171229796488469,0.0174633686982761,0.964,0.000253924623520699,0.000219699026620948,0.00491261958114976,0.004986022158964,0.98,0.0171593655972842,0.07767357886948,0.0259614331789614,298.628
"M3",600,"Balanced",0.14,3.07507442409705e-05,0.00054589735164112,0.0122066358700665,0.0121156439998982,0.926,0.000268686722636562,0.000287551766628401,0.0064298529723126,0.00622802290942031,0.918,0.0122066746033744,0.0511675701153711,0.0255769512892869,596.444
"M4",600,"Balanced",0.14,5.67818297344813e-05,0.00052850117983659,0.0118176456430346,0.0113309631871011,0.904,0.000392981446562409,0.000172994989354988,0.00386828555964605,0.00365495151107267,0.958,0.0118177820558903,0.0490300324609925,0.0171502193678421,597.224
"M3",1200,"Balanced",0.14,-7.54090001686553e-05,0.000371646872804459,0.00831027671215989,0.00833435852322873,0.952,4.29533586027431e-05,0.000197843134427516,0.00442390697461555,0.00424423899555829,0.934,0.00831061884278021,0.0338603360310838,0.0171978572012408,1193.964
"M4",1200,"Balanced",0.14,4.85768883834448e-05,0.000324235284831858,0.00725012137588042,0.00769029553187921,0.962,0.00025724213983384,0.000127814923623844,0.00285802857761858,0.00273133960204701,0.934,0.00725028411023204,0.0316519562072689,0.0119789679817563,1191.572
"M3",300,"Equal-rate correction",0.14,0.010170719644865,0.000414373406592187,0.00926567105208289,NA,NA,0.0122727593456124,0.00043519389078128,0.00973123123179561,NA,NA,0.0137584954896911,NA,NA,299.046
"M4",300,"Equal-rate correction",0.14,0.0101925946988342,0.000275535879999934,0.00616116957920077,NA,NA,0.0117728754506567,0.000325823349371982,0.00728563157852415,NA,NA,0.0119100376690576,NA,NA,299.444
"M3",600,"Equal-rate correction",0.14,0.0111034500120603,0.000273104672769235,0.00610680613284846,NA,NA,0.0117148798949778,0.000286661011210263,0.00640993507564978,NA,NA,0.0126720039186593,NA,NA,598.268
"M4",600,"Equal-rate correction",0.14,0.0102281968277922,0.000196549023555262,0.00439496977580773,NA,NA,0.0117614871167504,0.000239160677714186,0.00534779532913839,NA,NA,0.0111324646722243,NA,NA,598.344
"M3",1200,"Equal-rate correction",0.14,0.0114873410177281,0.000206343177484222,0.00461397371548025,NA,NA,0.0114194946607089,0.000224337637354083,0.00501634207035425,NA,NA,0.0123793278131214,NA,NA,1195.786
"M4",1200,"Equal-rate correction",0.14,0.0108528001009639,0.000149952440695886,0.00335303850788008,NA,NA,0.0108926792900055,0.000175484346232762,0.00392394927163564,NA,NA,0.0113589672623355,NA,NA,1193.344
"M3",300,"Optimal (both)",0.14,0.000787625635750716,0.000608079820756461,0.0135970781495733,0.0132402586381821,0.956,0.000458879613138164,0.00041989396607354,0.00938911451482426,0.008433785182893,0.948,0.0136198710841071,0.0567595801281441,0.0437832769219108,298.8
"M4",300,"Optimal (both)",0.14,0.000586709145060468,0.000552555073744466,0.0123555070620503,0.0117163182757603,0.932,0.000185182786950146,0.00024711206093659,0.00552559366314286,0.00575577480023646,0.986,0.0123694293474385,0.0526435917215129,0.0357816622364445,299.25
"M3",600,"Optimal (both)",0.14,0.000450793495327867,0.00035966822498027,0.00804242600402572,0.00834358713599258,0.956,-0.000191006886303365,0.000247028210623425,0.00552371871314114,0.00544643151917375,0.972,0.00805505001881795,0.0344684569748636,0.0252594872634254,597.214
"M4",600,"Optimal (both)",0.14,-0.000213490998053081,0.000336108503479256,0.00751561461595342,0.00752573481750614,0.962,0.000269911211228758,0.000160415671194151,0.00358700345446377,0.00365502708577882,0.976,0.00751864625193807,0.0320816107056166,0.0206958978395607,597.936
"M3",1200,"Optimal (both)",0.14,0.000156860366035461,0.000255788228499748,0.00571959866769686,0.00570795685112255,0.95,6.26504953272385e-05,0.000172178016879399,0.00385001749973443,0.00373669535376847,0.954,0.00572174921627577,0.0230684428640045,0.0161182691127459,1195.146
"M4",1200,"Optimal (both)",0.14,-0.000239758249430913,0.000233395436387993,0.00521888061401781,0.00516334849574214,0.948,0.000177215619928842,0.000123779131854934,0.00276778553023541,0.00273504985658642,0.966,0.00522438502424362,0.0210956165403866,0.0129824448869996,1192.168
"M3",300,"Optimal (both) [strata]",0.14,0.00103228149429116,0.000587371523290234,0.0131340265412456,0.0126808772200886,0.956,0.000286664994910604,0.000428771289542741,0.00958761750217813,0.00813962502457574,0.948,0.0131745306660086,0.055500292890662,0.0419202934655048,298.8
"M4",300,"Optimal (both) [strata]",0.14,0.00102133331898906,0.000546769665791384,0.0122261414074438,0.0112618939043083,0.928,0.000233840457465443,0.000239624108261095,0.00535815795119577,0.00537584049012877,0.986,0.0122687267254303,0.0515937836332153,0.0342872734026404,299.25
"M3",600,"Optimal (both) [strata]",0.14,0.000516399266426187,0.00035568253359288,0.00795330323523032,0.00816406573068618,0.966,-0.000310485742849049,0.000253065254587797,0.00565871112001604,0.00535122560913139,0.972,0.007970050222796,0.033987251317947,0.0252079342928161,597.214
"M4",600,"Optimal (both) [strata]",0.14,-7.81777873643807e-05,0.000337915939439568,0.00755603011267575,0.00734532327865128,0.956,0.000239627283130435,0.000168660488087146,0.00377136316481151,0.00360262476294551,0.976,0.007556434531583,0.0313239975874264,0.0206285828485221,597.936
"M3",1200,"Optimal (both) [strata]",0.14,0.000126583454204826,0.000257760366860723,0.00576369702205862,0.00566798439494011,0.948,7.24695605184532e-05,0.00017308725711962,0.00387034872958455,0.00371714026259124,0.948,0.0057650868799148,0.0229851894761789,0.0161532504914362,1195.146
"M4",1200,"Optimal (both) [strata]",0.14,-0.00023707596948605,0.000233612501175191,0.00522373433021477,0.00510638522874913,0.946,0.000190132677102082,0.000124155190969324,0.00277619446766876,0.00272210347159291,0.968,0.00522911133635268,0.0208893253854868,0.0129379474936353,1192.168
"M3",300,"Optimal (both) [wald]",0.14,0.000787625635750716,0.000608079820756461,0.0135970781495733,0.0132402586381821,0.894,0.000458879613138164,0.00041989396607354,0.00938911451482426,0.008433785182893,0.842,0.0136198710841071,0.0502134347346225,0.0308729458948535,298.8
"M4",300,"Optimal (both) [wald]",0.14,0.000586709145060468,0.000552555073744466,0.0123555070620503,0.0117163182757603,0.886,0.000185182786950146,0.00024711206093659,0.00552559366314286,0.00575577480023646,0.888,0.0123694293474385,0.0437645418854281,0.0191869983837351,299.25
"M3",600,"Optimal (both) [wald]",0.14,0.000450793495327867,0.00035966822498027,0.00804242600402572,0.00834358713599258,0.94,-0.000191006886303365,0.000247028210623425,0.00552371871314114,0.00544643151917375,0.928,0.00805505001881795,0.032300337034104,0.0208137439190963,597.214
"M4",600,"Optimal (both) [wald]",0.14,-0.000213490998053081,0.000336108503479256,0.00751561461595342,0.00752573481750614,0.922,0.000269911211228758,0.000160415671194151,0.00358700345446377,0.00365502708577882,0.914,0.00751864625193807,0.029025443950431,0.0135695827221283,597.936
"M3",1200,"Optimal (both) [wald]",0.14,0.000156860366035461,0.000255788228499748,0.00571959866769686,0.00570795685112255,0.94,6.26504953272385e-05,0.000172178016879399,0.00385001749973443,0.00373669535376847,0.936,0.00572174921627577,0.0222413520117815,0.0145008900713479,1195.146
"M4",1200,"Optimal (both) [wald]",0.14,-0.000239758249430913,0.000233395436387993,0.00521888061401781,0.00516334849574214,0.944,0.000177215619928842,0.000123779131854934,0.00276778553023541,0.00273504985658642,0.944,0.00522438502424362,0.0201008782019689,0.0105823353207507,1192.168
"M3",300,"Optimal (treat-all)",0.14,0.000664541555456394,0.000560968674482194,0.0125436408939014,0.0125205565953855,0.954,-0.000573411821285987,0.000456882633626181,0.0102162062652727,0.00971863807673647,0.962,0.012561231721216,0.0536658630217883,0.0492525421444237,298.154
"M4",300,"Optimal (treat-all)",0.14,0.000566450478591204,0.000477825379826183,0.01068450030666,0.0113011727716424,0.97,-0.000206342794829124,0.000291700204652853,0.0065226148665438,0.00655193447893994,0.984,0.0106995052664931,0.0509003804318513,0.0407202690868295,298.704
"M3",600,"Optimal (treat-all)",0.14,0.000115790860989076,0.000366061487478077,0.00818538369945667,0.00805798633415178,0.952,-0.00016141250798735,0.000279022903193747,0.00623914178820562,0.00627822604395409,0.958,0.00818620265024142,0.0330436525925443,0.0297608166472371,598.054
"M4",600,"Optimal (treat-all)",0.14,-0.000286943457021654,0.0003204106825352,0.00716460066865811,0.00724543379578435,0.962,0.000360847858163735,0.000199632880793663,0.00446392691998743,0.00446273969767938,0.98,0.00717034443307041,0.0306969008215809,0.0256618841711386,597.702
"M3",1200,"Optimal (treat-all)",0.14,7.9010572305041e-05,0.000245431926912606,0.00548802472425347,0.00552035775747368,0.95,-2.36963366718364e-05,0.000199567324918027,0.00446246104604497,0.00443676462329144,0.96,0.00548859344864906,0.0221548442347356,0.0196540008874327,1194.352
"M4",1200,"Optimal (treat-all)",0.14,-3.1379644673396e-05,0.000224037740016902,0.00500963616203217,0.00492434206655229,0.938,5.70073155482659e-05,0.0001422603710673,0.00318103860210828,0.00323919591365168,0.97,0.00500973443987206,0.0201317354446789,0.0164128668767047,1192.836
"M3",300,"Recorded",0.14,0.015291611627907,6.8765992418665e-05,0.0015376543358837,NA,NA,-0.00767803953488372,7.41254214300734e-05,0.00165749481178464,NA,NA,0.0153687269165472,NA,NA,0
"M4",300,"Recorded",0.14,0.0150532511627907,6.71470616863799e-05,0.00150145394420117,NA,NA,-0.00204849302325582,7.89467580056226e-05,0.00176530317503798,NA,NA,0.0151279454823389,NA,NA,0
"M3",600,"Recorded",0.14,0.0151692372093023,6.95185446867552e-05,0.00155448191616441,NA,NA,-0.00769227441860465,7.37799658482332e-05,0.00164977019014262,NA,NA,0.0152486776980748,NA,NA,0
"M4",600,"Recorded",0.14,0.0150408302325581,6.93971303807784e-05,0.00155176700974836,NA,NA,-0.00196056511627907,8.10316301270959e-05,0.00181192233291806,NA,NA,0.0151206664845561,NA,NA,0
"M3",1200,"Recorded",0.14,0.0152771720930233,7.1026099297558e-05,0.0015881918620599,NA,NA,-0.00755933953488372,7.38162701748957e-05,0.00165058197956557,NA,NA,0.0153595032650982,NA,NA,0
"M4",1200,"Recorded",0.14,0.0150428976744186,6.73435023516993e-05,0.00150584649101317,NA,NA,-0.00206907906976744,8.06768245740112e-05,0.00180398863956314,NA,NA,0.0151180800400555,NA,NA,0
"M3",300,"SRS",0.14,-0.000693249323022033,0.000588950113014415,0.0131693248805642,0.0136591170713312,0.958,-0.000329234511528637,0.000395431655632356,0.00884212062449235,0.00865030226743186,0.974,0.0131875590020942,0.0577815295968484,0.0451728931860651,298.758
"M4",300,"SRS",0.14,0.000495489973056068,0.000538322472547743,0.0120372564243252,0.011746709758741,0.938,-4.70453586503931e-05,0.000252779893339282,0.0056523302485178,0.00543168748027228,0.992,0.0120474500429907,0.0531439006057961,0.0365838182936359,299.476
"M3",600,"SRS",0.14,-0.000396198063990064,0.000380401883854194,0.00850604471066957,0.00839867889917484,0.958,7.83606873706703e-05,0.000255050441033911,0.00570310123843127,0.00546890209595519,0.96,0.00851526684994776,0.0348016875716245,0.0263249194576598,598.522
"M4",600,"SRS",0.14,-0.000263748788315421,0.000336232320543275,0.00751838324967261,0.00750805832855393,0.968,-1.37910542356845e-06,0.000171473295847699,0.00383425945841388,0.00365201317907976,0.984,0.0075230080494637,0.0328705993517084,0.0214057262423424,596.904
"M3",1200,"SRS",0.14,0.000163066742500981,0.000262835147815533,0.00587717257391738,0.00565718308373709,0.952,-2.06179561944193e-05,0.000159545443688165,0.00356754457587101,0.00379568932223458,0.98,0.0058794343457612,0.022929376639844,0.0165792729731587,1195.99
"M4",1200,"SRS",0.14,0.000182015258763005,0.000233628275899316,0.00522408706376946,0.00506058314838046,0.956,0.000166871884717004,0.000129954220663869,0.00290586471367419,0.00276566634877779,0.966,0.00522725694836843,0.0210579489957606,0.0134513729366222,1195.816
"M3",300,"SRS [strata]",0.14,-0.000315165631114472,0.000567927048583432,0.0126992348689338,0.0128779447056233,0.96,-0.000770116231099457,0.000386610443707297,0.00864487232940871,0.00819181854611383,0.972,0.0127031451078613,0.0561076580826488,0.0436078847105184,298.758
"M4",300,"SRS [strata]",0.14,0.00168056243188622,0.000508560104345485,0.0113717496396089,0.0110478668066885,0.95,-9.41070231049584e-06,0.000261740159924261,0.00585268790032313,0.00511446951040071,0.982,0.0114952590207186,0.0515907860456645,0.0350290553139758,299.476
"M3",600,"SRS [strata]",0.14,-0.000341431093096742,0.000380071705444258,0.00849866169697638,0.00824457146819685,0.958,4.53371873397022e-05,0.000257582341356541,0.00575971625076781,0.00540450105995397,0.96,0.0085055173758559,0.0343146235600793,0.0260060905590253,598.522
"M4",600,"SRS [strata]",0.14,-9.83035566971407e-05,0.00033129115653521,0.00740789546357253,0.00729210953938263,0.97,-2.35716394282638e-05,0.000174880112977103,0.00391043820529645,0.00359246678934603,0.984,0.00740854768416035,0.0316934595872582,0.0210364577980907,596.904
"M3",1200,"SRS [strata]",0.14,0.000181275606168499,0.000262849851208625,0.00587750135178192,0.00563020201954055,0.958,-3.72570301433485e-05,0.000159623355807123,0.00356928674381362,0.00378115904930638,0.98,0.00588029616478541,0.0228566225905997,0.0166674324879663,1195.99
"M4",1200,"SRS [strata]",0.14,0.00025198088349869,0.000236711792791424,0.00529303659757469,0.00500645235146303,0.954,0.000160136764731318,0.000130119296012763,0.00290955591068956,0.00275168390629019,0.966,0.00529903111794165,0.0207596236272817,0.0133496482019626,1195.816
"M3",300,"SRS [wald]",0.14,-0.000693249323022033,0.000588950113014415,0.0131693248805642,0.0136591170713312,0.938,-0.000329234511528637,0.000395431655632356,0.00884212062449235,0.00865030226743186,0.838,0.0131875590020942,0.0522099391586348,0.0315618052170893,298.758
"M4",300,"SRS [wald]",0.14,0.000495489973056068,0.000538322472547743,0.0120372564243252,0.011746709758741,0.904,-4.70453586503931e-05,0.000252779893339282,0.0056523302485178,0.00543168748027228,0.884,0.0120474500429907,0.0443915889428696,0.0181534300191192,299.476
"M3",600,"SRS [wald]",0.14,-0.000396198063990064,0.000380401883854194,0.00850604471066957,0.00839867889917484,0.95,7.83606873706703e-05,0.000255050441033911,0.00570310123843127,0.00546890209595519,0.912,0.00851526684994776,0.0326285143201673,0.0209628060742613,598.522
"M4",600,"SRS [wald]",0.14,-0.000263748788315421,0.000336232320543275,0.00751838324967261,0.00750805832855393,0.942,-1.37910542356845e-06,0.000171473295847699,0.00383425945841388,0.00365201317907976,0.926,0.0075230080494637,0.0291029452478306,0.0137347492722562,596.904
"M3",1200,"SRS [wald]",0.14,0.000163066742500981,0.000262835147815533,0.00587717257391738,0.00565718308373709,0.942,-2.06179561944193e-05,0.000159545443688165,0.00356754457587101,0.00379568932223458,0.95,0.0058794343457612,0.0220954494354313,0.0147887923506363,1195.99
"M4",1200,"SRS [wald]",0.14,0.000182015258763005,0.000233628275899316,0.00522408706376946,0.00506058314838046,0.94,0.000166871884717004,0.000129954220663869,0.00290586471367419,0.00276566634877779,0.944,0.00522725694836843,0.0197462845140278,0.0107206836908818,1195.816
"M3",300,"Balanced",0.16,0.00110774301687534,0.000948178456561054,0.0212019148367135,0.0197564816232201,0.854,-0.000686441126812685,0.000329148991237261,0.00735999519131998,0.00746986967055111,0.956,0.0212308334112132,0.0856618937901205,0.0328297987822062,298.352
"M4",300,"Balanced",0.16,0.00104154569999289,0.000789835979152982,0.0176612694046117,0.01805898540231,0.962,0.000158055357338163,0.000196253572348461,0.00438836328598332,0.00442656560302707,0.976,0.0176919545112305,0.0802640074337059,0.0234789062475217,298.628
"M3",600,"Balanced",0.16,-0.000196474773671088,0.000593085742554623,0.0132618003683808,0.0129579562612751,0.926,4.7126347067248e-05,0.000231327631831086,0.00517264309848353,0.00515856819471551,0.94,0.0132632556843135,0.0542849818336921,0.0213294234408864,596.444
"M4",600,"Balanced",0.16,7.42851342664663e-05,0.000551031222465449,0.0123214327115755,0.0117144022110051,0.9,0.000418489503876015,0.000160549321835741,0.00358999197366208,0.00336879746629623,0.95,0.012321656639716,0.0507246996482893,0.0155826154769127,597.224
"M3",1200,"Balanced",0.16,-0.000108903429575313,0.000401396838488712,0.00897550616814264,0.00888474346331126,0.952,1.2277080595393e-05,0.00016020226580229,0.00358223156483411,0.00357071972550664,0.916,0.00897616682840398,0.0359635045576325,0.0145085303565255,1193.964
"M4",1200,"Balanced",0.16,-8.43664875833094e-05,0.000340852206670318,0.00762168704395639,0.0079941278168971,0.956,0.0001292669841397,0.000111457055077597,0.00249225551725444,0.00242945729279266,0.95,0.00762215396723524,0.032884295284915,0.0105732592496444,1191.572
"M3",300,"Equal-rate correction",0.16,0.00992415047327076,0.000471349421905447,0.0105396934853581,NA,NA,0.0120762387383217,0.000393107001894768,0.00879013978667839,NA,NA,0.0144766674818972,NA,NA,299.046
"M4",300,"Equal-rate correction",0.16,0.00878885241294439,0.000322438401439325,0.00720994184174696,NA,NA,0.0104067588969532,0.000290257996993415,0.00649036612290205,NA,NA,0.0113678136903229,NA,NA,299.444
"M3",600,"Equal-rate correction",0.16,0.0109718393206084,0.000309707738814961,0.00692527557148002,NA,NA,0.0115978270578811,0.000258154731965113,0.00577251529387232,NA,NA,0.012974617521075,NA,NA,598.268
"M4",600,"Equal-rate correction",0.16,0.00875094001709671,0.00022881627005745,0.00511648734206409,NA,NA,0.0103207372176968,0.000212954149188515,0.00476179953676151,NA,NA,0.0101369321741998,NA,NA,598.344
"M3",1200,"Equal-rate correction",0.16,0.0114576146203166,0.000238484551948152,0.00533267669739647,NA,NA,0.0113881528738445,0.000200395113324014,0.00448097095751269,NA,NA,0.0126378152204662,NA,NA,1195.786
"M4",1200,"Equal-rate correction",0.16,0.00955335503012593,0.000171333730535712,0.00383113868316484,NA,NA,0.00959418372366848,0.000156783318135773,0.00350578157089565,NA,NA,0.0102929206710862,NA,NA,1193.344
"M3",300,"Optimal (both)",0.16,0.000797107821635501,0.000654103424296595,0.0146261972104257,0.0141134379939605,0.954,0.000460534512770273,0.000387021470306421,0.00865406316357074,0.00768872894585772,0.952,0.0146479017513628,0.0603189648388772,0.0412645927902793,298.8
"M4",300,"Optimal (both)",0.16,0.000549962570059154,0.000576586325549048,0.012892862188245,0.0122013133319581,0.934,0.000138876060565247,0.000238158713411494,0.00532539072621992,0.00545322209241751,0.986,0.0129045865580243,0.0557955374958564,0.0343702200828376,299.25
"M3",600,"Optimal (both)",0.16,0.000442486755492924,0.000380111888067783,0.00849956020775355,0.00893323173317885,0.962,-0.00021459458760572,0.000218578119393006,0.00488755533356826,0.00492540739996498,0.976,0.00851107033539344,0.0368260140556052,0.0239417582754,597.214
"M4",600,"Optimal (both)",0.16,-0.000411012576021566,0.000349933378397661,0.00782474821693326,0.0078378326437451,0.956,8.38992096717367e-05,0.000155676924085435,0.00348104184783108,0.00345482343649887,0.984,0.00783553546326274,0.0334724102818026,0.0200038840888322,597.936
"M3",1200,"Optimal (both)",0.16,0.000203902063614952,0.00027238541410623,0.0060907230202096,0.00609581504846692,0.956,0.000107449100747017,0.000156906409087842,0.00350853396825806,0.00340959364117977,0.962,0.00609413512817508,0.0246246939930034,0.0150799046318289,1195.146
"M4",1200,"Optimal (both)",0.16,-0.000349566002025029,0.000240917077749637,0.00538706962788789,0.0054017004141363,0.954,7.73358166051945e-05,0.000115260243544126,0.00257729739667846,0.00257009779208429,0.972,0.00539839935216764,0.0220773015982539,0.0127704408211073,1192.168
"M3",300,"Optimal (both) [strata]",0.16,0.00102754695265116,0.000635099706334082,0.0142012611585316,0.0135435206943419,0.958,0.000264177679475813,0.000393838992454347,0.00880650759317946,0.00738720513453821,0.946,0.0142383872412827,0.0592984169177036,0.0397015662067273,298.8
"M4",300,"Optimal (both) [strata]",0.16,0.00100131948750569,0.00057030784597428,0.0127524711169997,0.011734670908012,0.932,0.000195076795945791,0.000231393415621155,0.00517411406874765,0.00505264179937849,0.986,0.0127917223354,0.0540759074516307,0.0335070744220492,299.25
"M3",600,"Optimal (both) [strata]",0.16,0.000490632238923386,0.000376837012737057,0.00842633176918014,0.00875043617724441,0.966,-0.000355940508667926,0.000227713344051309,0.00509182516682524,0.00482791258472887,0.974,0.00844060347831631,0.0362763731319064,0.0237306359048691,597.214
"M4",600,"Optimal (both) [strata]",0.16,-0.000265407624766428,0.000349846642298559,0.00782280873879631,0.00765356548133035,0.954,5.99642331211153e-05,0.000163984727200619,0.00366680997292342,0.00340288780811375,0.98,0.00782730974033045,0.0326772829774719,0.0198186446719517,597.936
"M3",1200,"Optimal (both) [strata]",0.16,0.000171748780381717,0.000274495034859358,0.006137895574317,0.00605418544523103,0.948,0.000116346460655191,0.000157717673868529,0.00352667440023174,0.00339141310887662,0.96,0.00614029801595841,0.0245329210319289,0.0151494812791711,1195.146
"M4",1200,"Optimal (both) [strata]",0.16,-0.000334817446122029,0.000240923445055666,0.00538721200517905,0.00534323327217816,0.958,0.000102562834908674,0.000115964525964189,0.00259304563034466,0.00255856312381784,0.968,0.0053976064983447,0.0218617748472959,0.0125555437579502,1192.168
"M3",300,"Optimal (both) [wald]",0.16,0.000797107821635501,0.000654103424296595,0.0146261972104257,0.0141134379939605,0.906,0.000460534512770273,0.000387021470306421,0.00865406316357074,0.00768872894585772,0.8,0.0146479017513628,0.0536738234188048,0.0275504210073899,298.8
"M4",300,"Optimal (both) [wald]",0.16,0.000549962570059154,0.000576586325549048,0.012892862188245,0.0122013133319581,0.896,0.000138876060565247,0.000238158713411494,0.00532539072621992,0.00545322209241751,0.878,0.0129045865580243,0.0456956753848134,0.0176876312919225,299.25
"M3",600,"Optimal (both) [wald]",0.16,0.000442486755492924,0.000380111888067783,0.00849956020775355,0.00893323173317885,0.952,-0.00021459458760572,0.000218578119393006,0.00488755533356826,0.00492540739996498,0.92,0.00851107033539344,0.0346266319633163,0.0187161292885816,597.214
"M4",600,"Optimal (both) [wald]",0.16,-0.000411012576021566,0.000349933378397661,0.00782474821693326,0.0078378326437451,0.918,8.38992096717367e-05,0.000155676924085435,0.00348104184783108,0.00345482343649887,0.918,0.00783553546326274,0.030238698605466,0.012680999125858,597.936
"M3",1200,"Optimal (both) [wald]",0.16,0.000203902063614952,0.00027238541410623,0.0060907230202096,0.00609581504846692,0.938,0.000107449100747017,0.000156906409087842,0.00350853396825806,0.00340959364117977,0.934,0.00609413512817508,0.023770026159737,0.0132061006291286,1195.146
"M4",1200,"Optimal (both) [wald]",0.16,-0.000349566002025029,0.000240917077749637,0.00538706962788789,0.0054017004141363,0.948,7.73358166051945e-05,0.000115260243544126,0.00257729739667846,0.00257009779208429,0.946,0.00539839935216764,0.0210372677497085,0.00991851222945006,1192.168
"M3",300,"Optimal (treat-all)",0.16,0.000810392229591769,0.000604958787471318,0.0135272897237172,0.0133642783427223,0.966,-0.000457036227549241,0.000440946365389186,0.00985986047441681,0.00920410506566291,0.97,0.0135515424522512,0.0573868199780962,0.047954658435983,298.154
"M4",300,"Optimal (treat-all)",0.16,0.00067283066878826,0.000492855173185066,0.0110205767030424,0.011734337151855,0.972,-0.000118362444475408,0.000281456759254211,0.00629356446419209,0.00641634766209094,0.984,0.011041096502454,0.0534159323208836,0.0399734138329146,298.704
"M3",600,"Optimal (treat-all)",0.16,0.000197234154117182,0.000391610047794085,0.00875666687539516,0.00864945430800124,0.954,-8.65692950729677e-05,0.000262632610570824,0.00587264370344592,0.00587878829142484,0.97,0.00875888783340632,0.0354305494673854,0.0296129768120148,598.054
"M4",600,"Optimal (treat-all)",0.16,-0.000523611851968322,0.000338270446347705,0.00756395712812664,0.00758768128645322,0.95,0.000139603065959577,0.000188219715762126,0.00420872079149802,0.00428107586898934,0.986,0.00758205887656245,0.0322321905599471,0.0257195526225886,597.702
"M3",1200,"Optimal (treat-all)",0.16,0.000230487539689836,0.000260746998261821,0.00583048013042451,0.00591103855978801,0.966,0.000125335228118272,0.000193226908851536,0.0043206850327419,0.00419912518089709,0.964,0.00583503410934566,0.023732627812447,0.0193218993934949,1194.352
"M4",1200,"Optimal (treat-all)",0.16,1.6684285430002e-05,0.000232919428020749,0.00520823674334763,0.00515370793356742,0.938,0.000107175697085515,0.00013862801685547,0.00309981669274818,0.00313872019710895,0.972,0.00520826346685118,0.0210968109917693,0.0166120197185534,1192.836
"M3",300,"Recorded",0.16,0.0173766333333333,7.6404343400819e-05,0.00170845305620469,NA,NA,-0.00613991428571429,7.09634608605065e-05,0.00158679122402738,NA,NA,0.0174604180318332,NA,NA,0
"M4",300,"Recorded",0.16,0.0155588333333333,7.49329535802021e-05,0.00167555177960168,NA,NA,-0.00195009523809524,7.39359086519994e-05,0.00165325717724086,NA,NA,0.0156487944730759,NA,NA,0
"M3",600,"Recorded",0.16,0.0172539857142857,7.72450486514146e-05,0.00172725179709842,NA,NA,-0.00615184761904762,6.99123077096851e-05,0.00156328672502738,NA,NA,0.0173402255406138,NA,NA,0
"M4",600,"Recorded",0.16,0.0154749904761905,7.93003119987126e-05,0.00177320888266064,NA,NA,-0.0019312,7.49926308371783e-05,0.00167688620363478,NA,NA,0.0155762511529486,NA,NA,0
"M3",1200,"Recorded",0.16,0.0173981190476191,7.97629595368469e-05,0.00178355399610955,NA,NA,-0.00598211904761905,7.03427157496559e-05,0.00157291094138176,NA,NA,0.0174892999074338,NA,NA,0
"M4",1200,"Recorded",0.16,0.0155239428571429,7.43306890395685e-05,0.00166208473506874,NA,NA,-0.0019954619047619,7.48944636759964e-05,0.00167469111917917,NA,NA,0.0156126656115599,NA,NA,0
"M3",300,"SRS",0.16,-0.000729865643583766,0.000628569409859707,0.0140552392902323,0.0145615737424988,0.956,-0.000357183812769092,0.000359056936486222,0.00802875717776017,0.00787111579707348,0.976,0.014074176898255,0.0620040179776498,0.0427614242566716,298.758
"M4",300,"SRS",0.16,0.000428806982096797,0.00055642089217976,0.0124419493901502,0.012235303630274,0.944,-0.000126645857507438,0.000237835011020927,0.00531815252072206,0.00508477766299468,0.996,0.0124493365307134,0.0561623280954976,0.0349316029684252,299.476
"M3",600,"SRS",0.16,-0.000360254009952876,0.000412959585274461,0.00923405704633816,0.00898065704346123,0.958,0.000125603759297391,0.000233505956259707,0.00522135191347796,0.00496306228615963,0.968,0.00924108178119394,0.0372418541136776,0.024552930050467,598.522
"M4",600,"SRS",0.16,-0.000383502356063659,0.000354028319648235,0.00791631388693477,0.00782958299052462,0.964,-0.0001148857759601,0.000160854085169367,0.00359680668897246,0.00342973040337353,0.982,0.00792559774487595,0.0346683651708735,0.0209290928291728,596.904
"M3",1200,"SRS",0.16,0.000279213459681932,0.000277096532051745,0.00619606681997151,0.00604798573808027,0.956,9.11553157794884e-05,0.000151387144661368,0.00338511946382413,0.00347368207638601,0.974,0.00620235472974736,0.0245159515352119,0.0155493790101077,1195.99
"M4",1200,"SRS",0.16,0.000104926091660615,0.00024327617855348,0.00543982072551958,0.00530134974603563,0.956,8.94221610896993e-05,0.000119683760732695,0.00267621024801127,0.0025989797440687,0.972,0.00544083256593176,0.0220842967592965,0.0129594332250983,1195.816
"M3",300,"SRS [strata]",0.16,-0.000304709627305319,0.000611750460855004,0.0136791561573861,0.0137700897346125,0.962,-0.00077049238443282,0.000351678160106687,0.00786376272200606,0.00738621507460047,0.974,0.0136825495115175,0.0600693292210838,0.0416686725263248,298.758
"M4",300,"SRS [strata]",0.16,0.00164062737616029,0.000527944818550441,0.0118052050264758,0.0115217465743948,0.956,-8.9583213612552e-05,0.000249589651084704,0.00558099426305853,0.00475431017793457,0.984,0.0119186628404589,0.0543709586388341,0.0337082003918292,299.476
"M3",600,"SRS [strata]",0.16,-0.00029821514458736,0.000412981660323636,0.00923455065944377,0.00882308599704049,0.956,9.77619044309035e-05,0.000233152063674747,0.00521343863471095,0.00490050514900462,0.966,0.00923936459689164,0.0367097361165986,0.0244348829072976,598.522
"M4",600,"SRS [strata]",0.16,-0.000212135590939591,0.000349579852522316,0.0078168431380425,0.00760848950184582,0.966,-0.000135624342307173,0.000164421290817085,0.00367657183215265,0.00337256238271486,0.978,0.00781972110459864,0.0332121716752205,0.020406664060343,596.904
"M3",1200,"SRS [strata]",0.16,0.000295456898006932,0.000276849672986108,0.00619054688345526,0.00602009278955087,0.958,7.1721103687656e-05,0.000151755926523675,0.00339336567695401,0.00345955718646678,0.972,0.00619759352449299,0.0244433998813791,0.015587041642371,1195.99
"M4",1200,"SRS [strata]",0.16,0.000175480421051241,0.000246782820938511,0.00551823163297669,0.00524544014952668,0.95,8.14495375513098e-05,0.000119925753315987,0.00268162136667418,0.00258696132596189,0.966,0.00552102107706146,0.0217553293321235,0.0129278259513648,1195.816
"M3",300,"SRS [wald]",0.16,-0.000729865643583766,0.000628569409859707,0.0140552392902323,0.0145615737424988,0.944,-0.000357183812769092,0.000359056936486222,0.00802875717776017,0.00787111579707348,0.79,0.014074176898255,0.0557929925060537,0.0280535152642469,298.758
"M4",300,"SRS [wald]",0.16,0.000428806982096797,0.00055642089217976,0.0124419493901502,0.012235303630274,0.904,-0.000126645857507438,0.000237835011020927,0.00531815252072206,0.00508477766299468,0.878,0.0124493365307134,0.0463253389930351,0.0164698300226823,299.476
"M3",600,"SRS [wald]",0.16,-0.000360254009952876,0.000412959585274461,0.00923405704633816,0.00898065704346123,0.93,0.000125603759297391,0.000233505956259707,0.00522135191347796,0.00496306228615963,0.916,0.00924108178119394,0.0349146024097962,0.0189419356900133,598.522
"M4",600,"SRS [wald]",0.16,-0.000383502356063659,0.000354028319648235,0.00791631388693477,0.00782958299052462,0.94,-0.0001148857759601,0.000160854085169367,0.00359680668897246,0.00342973040337353,0.932,0.00792559774487595,0.0303719104792974,0.012792294195091,596.904
"M3",1200,"SRS [wald]",0.16,0.000279213459681932,0.000277096532051745,0.00619606681997151,0.00604798573808027,0.942,9.11553157794884e-05,0.000151387144661368,0.00338511946382413,0.00347368207638601,0.946,0.00620235472974736,0.0236310516911757,0.0135039632803259,1195.99
"M4",1200,"SRS [wald]",0.16,0.000104926091660615,0.00024327617855348,0.00543982072551958,0.00530134974603563,0.946,8.94221610896993e-05,0.000119683760732695,0.00267621024801127,0.0025989797440687,0.942,0.00544083256593176,0.020694666496181,0.0100543225132996,1195.816
"M3",300,"Balanced",0.18,0.00122083986610344,0.000986142380279292,0.0220508139779794,0.0208494620423843,0.834,-0.000617104866455033,0.000249541884929657,0.00557992617936144,0.00578364016777527,0.984,0.0220845839234096,0.0913511802478718,0.0261716740200799,298.352
"M4",300,"Balanced",0.18,0.000989434432956571,0.000817852313438307,0.0182877336840352,0.0186591774316403,0.962,8.43955453590436e-05,0.000165351350500729,0.00369736859891024,0.00382510828582894,0.978,0.0183144801672151,0.0832250369864084,0.0209723897578705,298.628
"M3",600,"Balanced",0.18,-0.000250954767785361,0.000631013801012154,0.014109897538037,0.0136729863385684,0.932,-1.41215629730768e-06,0.000193286972677179,0.00432202810071316,0.00414462834064981,0.944,0.0141121290679109,0.0570495260665445,0.0174069582708282,596.444
"M4",600,"Balanced",0.18,7.94230808713187e-05,0.000571780411052281,0.0127853986731567,0.0121285527874196,0.898,0.000432022679007917,0.000138423328944092,0.00309523973190804,0.00296867587008732,0.96,0.0127856453594386,0.052537938481535,0.013540479087269,597.224
"M3",1200,"Balanced",0.18,-0.00020295862052104,0.000420273158137215,0.00939759350713332,0.00937294257428255,0.954,-7.88224881510466e-05,0.000136162764992173,0.00304469198526828,0.00289297239158145,0.926,0.00939978488727046,0.0378623238275678,0.0117163180526326,1193.964
"M4",1200,"Balanced",0.18,-0.000242717815240615,0.000352984791193127,0.007892979881314,0.00829477270212479,0.96,-2.38737710365616e-05,9.97910377439315e-05,0.00223139543940678,0.00211122295569156,0.932,0.0078967109194058,0.0341086618096399,0.00911718822440521,1191.572
"M3",300,"Equal-rate correction",0.18,0.00934429235610273,0.000527886340170403,0.011803897410146,NA,NA,0.0115488705788378,0.000353290149270602,0.00789980789550115,NA,NA,0.0150548262595611,NA,NA,299.046
"M4",300,"Equal-rate correction",0.18,0.0073926489250104,0.000364758454774926,0.00815624700244517,NA,NA,0.00905001654277555,0.000257900427177823,0.00576682886595846,NA,NA,0.0110079799824197,NA,NA,299.444
"M3",600,"Equal-rate correction",0.18,0.0104590861887037,0.000347547977818981,0.0077714090384583,NA,NA,0.0111003419195684,0.000233078441812178,0.00521179239981759,NA,NA,0.0130302449073593,NA,NA,598.268
"M4",600,"Equal-rate correction",0.18,0.00747503390464377,0.000260523710210579,0.0058254872578131,NA,NA,0.00908311884184385,0.000190204045327257,0.00425309174947197,NA,NA,0.00947694221078279,NA,NA,598.344
"M3",1200,"Equal-rate correction",0.18,0.0109942250705116,0.000266955812617084,0.00596931344000497,NA,NA,0.0109230691351012,0.000179535484192723,0.00401453547028268,NA,NA,0.0125102233331819,NA,NA,1195.786
"M4",1200,"Equal-rate correction",0.18,0.00832899943307672,0.000192783168260299,0.00431076269147809,NA,NA,0.00837082394841297,0.000142325752442548,0.00318250057410344,NA,NA,0.00937842772208816,NA,NA,1193.344
"M3",300,"Optimal (both)",0.18,0.000838409389450762,0.000694884062676585,0.0155380800062607,0.0148873665731334,0.956,0.000493626975491254,0.000366439656666924,0.00819383981958925,0.00703059124829211,0.954,0.0155606831657636,0.0636134074061537,0.0390636370153576,298.8
"M4",300,"Optimal (both)",0.18,0.000555307642766678,0.000601544165745575,0.0134509364607551,0.0126378073668879,0.942,0.00013419463304121,0.000232060876598417,0.00518903894992251,0.00526478790829239,0.988,0.0134623942242599,0.0576929436683125,0.0335670218559981,299.25
"M3",600,"Optimal (both)",0.18,0.000434194016048259,0.00040532044108784,0.0090632405894261,0.00942441986960706,0.96,-0.000238913701272308,0.000198222733421009,0.00443239506615195,0.00451507608299217,0.978,0.00907363512741133,0.0387998902809539,0.022819754768496,597.214
"M4",600,"Optimal (both)",0.18,-0.000382420603705025,0.000363527987875237,0.00812873292612749,0.00813433065043803,0.956,0.000124562201151524,0.000145757266556273,0.00325923156234384,0.00329021416768217,0.986,0.00813772354546696,0.0348444809529354,0.0200405765189363,597.936
"M3",1200,"Optimal (both)",0.18,0.000124797889508435,0.000287897336921319,0.0064375801589723,0.0064421180743872,0.95,2.59924153510407e-05,0.00013883111313801,0.00310435806368555,0.00311407963885224,0.976,0.0064387897012109,0.026009664688518,0.0142879916471985,1195.146
"M4",1200,"Optimal (both)",0.18,-0.000503922749450714,0.000251112744116744,0.0056150516586155,0.00563324392144557,0.954,-6.66086913417054e-05,0.00010811993623437,0.00241763527142993,0.002412960529938,0.976,0.00563761858113287,0.0230268055985818,0.0122064564393173,1192.168
"M3",300,"Optimal (both) [strata]",0.18,0.00109394318697109,0.000680192313249231,0.0152095625019811,0.0143144945454506,0.95,0.000311955151035374,0.000371170007892858,0.00829961368857564,0.00669684060373145,0.958,0.0152488525206978,0.0622284885774812,0.0376247147326527,298.8
"M4",300,"Optimal (both) [strata]",0.18,0.000996668649680538,0.000590748817010268,0.0132095451246254,0.0121628549315652,0.936,0.000170761502228927,0.000225198917901487,0.00503560088887119,0.00483325783091201,0.986,0.0132470914089385,0.0563428784291928,0.0327484640792882,299.25
"M3",600,"Optimal (both) [strata]",0.18,0.000493674148334997,0.000401450782714843,0.00897671239770888,0.00923960523588439,0.964,-0.000373546715051229,0.00021004089068155,0.00469665709618548,0.00440971183020521,0.968,0.00899027694990063,0.0382203579557624,0.0226277238062073,597.214
"M4",600,"Optimal (both) [strata]",0.18,-0.000220446956466142,0.000363182664128086,0.00812101125239874,0.00794592109905038,0.95,0.000112860800394264,0.000155311143261268,0.00347286273995403,0.00323819600170584,0.986,0.00812400274631922,0.0339326956063163,0.0195474247678066,597.936
"M3",1200,"Optimal (both) [strata]",0.18,8.28448055035097e-05,0.000289415471134938,0.0064715266719785,0.0063996958039735,0.95,2.60912096860903e-05,0.000139484559472786,0.00311896956792762,0.00309545643515977,0.972,0.00647205691630783,0.0259043680025411,0.0143530135087466,1195.146
"M4",1200,"Optimal (both) [strata]",0.18,-0.000489995326185461,0.000251234085268584,0.00561776492925532,0.00557365230652475,0.95,-4.19472334223028e-05,0.000108844297852567,0.00243383248961574,0.0024018483974161,0.968,0.00563909374102388,0.0227902701381921,0.0121885073527067,1192.168
"M3",300,"Optimal (both) [wald]",0.18,0.000838409389450762,0.000694884062676585,0.0155380800062607,0.0148873665731334,0.9,0.000493626975491254,0.000366439656666924,0.00819383981958925,0.00703059124829211,0.768,0.0155606831657636,0.0567201986843454,0.024550699718372,298.8
"M4",300,"Optimal (both) [wald]",0.18,0.000555307642766678,0.000601544165745575,0.0134509364607551,0.0126378073668879,0.89,0.00013419463304121,0.000232060876598417,0.00518903894992251,0.00526478790829239,0.868,0.0134623942242599,0.0474004279373516,0.0166489399931389,299.25
"M3",600,"Optimal (both) [wald]",0.18,0.000434194016048259,0.00040532044108784,0.0090632405894261,0.00942441986960706,0.946,-0.000238913701272308,0.000198222733421009,0.00443239506615195,0.00451507608299217,0.922,0.00907363512741133,0.0365542669530488,0.0170164003387054,597.214
"M4",600,"Optimal (both) [wald]",0.18,-0.000382420603705025,0.000363527987875237,0.00812873292612749,0.00813433065043803,0.92,0.000124562201151524,0.000145757266556273,0.00325923156234384,0.00329021416768217,0.906,0.00813772354546696,0.0314042377623637,0.0119318337877653,597.936
"M3",1200,"Optimal (both) [wald]",0.18,0.000124797889508435,0.000287897336921319,0.0064375801589723,0.0064421180743872,0.934,2.59924153510407e-05,0.00013883111313801,0.00310435806368555,0.00311407963885224,0.948,0.0064387897012109,0.0251311795900379,0.0120312738690847,1195.146
"M4",1200,"Optimal (both) [wald]",0.18,-0.000503922749450714,0.000251112744116744,0.0056150516586155,0.00563324392144557,0.952,-6.66086913417054e-05,0.00010811993623437,0.00241763527142993,0.002412960529938,0.94,0.00563761858113287,0.0219461727880264,0.00927906986161244,1192.168
"M3",300,"Optimal (treat-all)",0.18,0.00104387523585817,0.000647795756755778,0.0144851534764184,0.0141333568037225,0.966,-0.0002544661104814,0.00043957372479171,0.00982916729757047,0.00875051852326266,0.964,0.0145227182973241,0.0607321612197167,0.0459948553664259,298.154
"M4",300,"Optimal (treat-all)",0.18,0.000576885123042187,0.000514467026037363,0.011503832424017,0.0122241985219133,0.968,-0.000233605383227919,0.000269935352941642,0.0060359379870791,0.00618629944120327,0.986,0.0115182879320258,0.0559527274396251,0.0399139403865134,298.704
"M3",600,"Optimal (treat-all)",0.18,9.46416743008299e-05,0.000422138231645726,0.00943929781861397,0.00917931321542885,0.942,-0.000196083810235431,0.000245205433055638,0.00548296016764681,0.00552445811036995,0.984,0.00943977226181887,0.0376128403575345,0.0296262365301559,598.054
"M4",600,"Optimal (treat-all)",0.18,-0.000588633313600817,0.000347797091087863,0.00777697938049147,0.00790288408329441,0.96,9.07575779350821e-05,0.000180517927473358,0.00403650356987806,0.00414686410193006,0.992,0.00779922415772686,0.0336530939419879,0.0261756834906961,597.702
"M3",1200,"Optimal (treat-all)",0.18,0.000193297731275077,0.000278690407443326,0.0062317069572039,0.00626943646058408,0.964,8.55807291773765e-05,0.00018205629236726,0.00407090245464769,0.00398343666800376,0.968,0.00623470413198409,0.0251814019310426,0.0192073174279706,1194.352
"M4",1200,"Optimal (treat-all)",0.18,-0.000143143819669095,0.000245142809521968,0.00548155986286403,0.00538558852277956,0.942,-5.04453004122399e-05,0.000135689827750113,0.00303411678704491,0.00303496810483969,0.97,0.00548342855185251,0.0220660634789401,0.0165328736019155,1192.836
"M3",300,"Recorded",0.18,0.0191614536585366,8.45955738239837e-05,0.00189161453666029,NA,NA,-0.00492866829268293,6.67266003758416e-05,0.00149205214347845,NA,NA,0.0192545971618092,NA,NA,0
"M4",300,"Recorded",0.18,0.0160265097560976,8.33506908934653e-05,0.00186377810809361,NA,NA,-0.00190946585365854,6.98820942469117e-05,0.00156261113146142,NA,NA,0.0161345183937575,NA,NA,0
"M3",600,"Recorded",0.18,0.0190074853658537,8.22159105018517e-05,0.00183840364714179,NA,NA,-0.00496922195121951,6.66614979352644e-05,0.00149059640865213,NA,NA,0.0190961835952361,NA,NA,0
"M4",600,"Recorded",0.18,0.0160249048780488,8.76228332200321e-05,0.00195930611461119,NA,NA,-0.0018058268292683,6.91868428875678e-05,0.00154706483845199,NA,NA,0.0161442391211622,NA,NA,0
"M3",1200,"Recorded",0.18,0.0191471292682927,8.8582946820978e-05,0.00198077490738956,NA,NA,-0.00480335853658537,6.56588324901765e-05,0.00146817612771307,NA,NA,0.0192493124150047,NA,NA,0
"M4",1200,"Recorded",0.18,0.0160185048780488,8.37623315879091e-05,0.00187298267384443,NA,NA,-0.00192820243902439,6.99966393336202e-05,0.0015651724374651,NA,NA,0.0161276335097433,NA,NA,0
"M3",300,"SRS",0.18,-0.000380352602863621,0.000665694530761431,0.0148853822303238,0.015344179562696,0.958,1.41902870262958e-06,0.000325052222518305,0.00726838865788319,0.00721656449452227,0.984,0.0148902408390646,0.0656936731633227,0.0400833710341275,298.758
"M4",300,"SRS",0.18,0.000422476713905856,0.000578713863418371,0.0129404353812501,0.0127003863747162,0.942,-0.000146523755932638,0.000226867871344769,0.0050729198223758,0.00478856116144226,0.992,0.0129473300116318,0.0590009447183095,0.0339900379650653,299.476
"M3",600,"SRS",0.18,-0.000562746334733563,0.000435349505013244,0.009734710871805,0.00949618095133806,0.948,-6.50383759893923e-05,0.000209387103568963,0.00468203797191991,0.00450684296818573,0.974,0.00975096298807941,0.0394266722230748,0.0235402507816727,598.522
"M4",600,"SRS",0.18,-0.000419778180418884,0.000367026729123331,0.00820696715879169,0.00814308972430888,0.972,-0.000144609976410363,0.000147232544882071,0.00329221978856601,0.00321982953736087,0.992,0.00821769576379176,0.0362602197493194,0.0205835371225946,596.904
"M3",1200,"SRS",0.18,0.000268303352608301,0.000294839293891974,0.00659280703580493,0.00640103130625715,0.954,7.56584247082331e-05,0.000132941902038069,0.00297267130015241,0.00317455302845782,0.986,0.0065982642642122,0.0259635467330082,0.0148241568410743,1195.99
"M4",1200,"SRS",0.18,2.19422783813705e-05,0.000254182909205273,0.00568370263701647,0.00553112749776373,0.946,6.06020316237799e-06,0.00011475695491112,0.00256604352072143,0.00244773944724519,0.97,0.0056837449916062,0.0230349384252481,0.0125637534347385,1195.816
"M3",300,"SRS [strata]",0.18,0.000113513996084794,0.00064975507909695,0.0145289652558653,0.0145454509423667,0.972,-0.000363629316094589,0.000318738254228973,0.00712720403485593,0.00668266062098605,0.984,0.014529408688362,0.0634594003623147,0.0392968293519326,298.758
"M4",300,"SRS [strata]",0.18,0.00165830372440058,0.000547106056999885,0.0122336633435362,0.0119715937580058,0.956,-0.000114107123659394,0.00023895715825906,0.00534324449577433,0.00443966958108278,0.982,0.0123455453522856,0.0569656603801355,0.0331937616472962,299.476
"M3",600,"SRS [strata]",0.18,-0.000474326074242026,0.000435287453238558,0.00973332335194176,0.00933721924443124,0.95,-6.86910484184386e-05,0.000210034218315437,0.0046965078975435,0.00444002904159505,0.978,0.00974487397035799,0.0388651609518895,0.0232860881383744,598.522
"M4",600,"SRS [strata]",0.18,-0.000234607954885391,0.000363406541307938,0.00812601729832635,0.00791714808514691,0.968,-0.000156230578237548,0.000150148625221894,0.00335742532724295,0.00316324725321948,0.994,0.0081294033006854,0.0346409297188525,0.0197809295796724,596.904
"M3",1200,"SRS [strata]",0.18,0.000294970047041779,0.000294241008978684,0.00657942897844464,0.00637253562701051,0.954,6.57772821293541e-05,0.000133499707924831,0.00298514421896289,0.0031600177367005,0.984,0.00658603773228251,0.0258888446058311,0.0146671907784779,1195.99
"M4",1200,"SRS [strata]",0.18,9.20007534749995e-05,0.000257672425454024,0.00576173059242444,0.0054737539120087,0.944,-4.32356620785543e-06,0.000114760557195654,0.00256612407025234,0.00243694964487845,0.968,0.00576246505918427,0.0226974850686566,0.0124903782357325,1195.816
"M3",300,"SRS [wald]",0.18,-0.000380352602863621,0.000665694530761431,0.0148853822303238,0.015344179562696,0.942,1.41902870262958e-06,0.000325052222518305,0.00726838865788319,0.00721656449452227,0.74,0.0148902408390646,0.0588862169702273,0.02499513054866,298.758
"M4",300,"SRS [wald]",0.18,0.000422476713905856,0.000578713863418371,0.0129404353812501,0.0127003863747162,0.904,-0.000146523755932638,0.000226867871344769,0.0050729198223758,0.00478856116144226,0.848,0.0129473300116318,0.0481997779875928,0.0150773807942484,299.476
"M3",600,"SRS [wald]",0.18,-0.000562746334733563,0.000435349505013244,0.009734710871805,0.00949618095133806,0.934,-6.50383759893923e-05,0.000209387103568963,0.00468203797191991,0.00450684296818573,0.908,0.00975096298807941,0.0369355178342377,0.0170818393289242,598.522
"M4",600,"SRS [wald]",0.18,-0.000419778180418884,0.000367026729123331,0.00820696715879169,0.00814308972430888,0.934,-0.000144609976410363,0.000147232544882071,0.00329221978856601,0.00321982953736087,0.916,0.00821769576379176,0.0315959318615353,0.0119241175274126,596.904
"M3",1200,"SRS [wald]",0.18,0.000268303352608301,0.000294839293891974,0.00659280703580493,0.00640103130625715,0.944,7.56584247082331e-05,0.000132941902038069,0.00297267130015241,0.00317455302845782,0.956,0.0065982642642122,0.0250156996726618,0.0123139464335033,1195.99
"M4",1200,"SRS [wald]",0.18,2.19422783813705e-05,0.000254182909205273,0.00568370263701647,0.00553112749776373,0.936,6.06020316237799e-06,0.00011475695491112,0.00256604352072143,0.00244773944724519,0.93,0.0056837449916062,0.0215953566578029,0.00944236168636509,1195.816
"M3",300,"Balanced",0.2,0.00141981328764418,0.00104029732323717,0.0232617553156938,0.0217493789102689,0.816,-0.000464080063228234,0.000186056995910999,0.00416036090546394,0.00433863220342315,0.982,0.0233050451649204,0.0943450762733342,0.021343022325853,298.352
"M4",300,"Balanced",0.2,0.00117325151018072,0.000839221806328886,0.0187655700715155,0.0192444609131045,0.96,0.000245586650393273,0.000142754376347026,0.00319208489597539,0.00328962660091285,0.976,0.0188022110193217,0.0861682556482523,0.0191883398999714,298.628
"M3",600,"Balanced",0.2,-0.000190959249686012,0.000652244974742033,0.0145846410150582,0.014322524300743,0.944,6.48219270892574e-05,0.000140796436691438,0.00314830403431802,0.00305564140001317,0.946,0.0145858910928732,0.0596352751458494,0.0133482272741746,596.444
"M4",600,"Balanced",0.2,-0.000114343969715103,0.000593185176797325,0.0132640237856405,0.0125923340540804,0.902,0.000247070618374935,0.000104753582893409,0.00234236132236322,0.00229196278444344,0.96,0.0132645166338411,0.0544621389662623,0.0111274018691881,597.224
"M3",1200,"Balanced",0.2,-6.37214954210819e-05,0.000440810489669353,0.00985682220095642,0.00980210575846219,0.954,6.35180402581755e-05,0.000105849789465151,0.00236687324648118,0.00224034282729115,0.936,0.00985702816929352,0.0395425051355015,0.00918051174674797,1193.964
"M4",1200,"Balanced",0.2,-0.000192313908118275,0.000365951783759826,0.00818293064974275,0.00858200992297464,0.952,3.20012371909078e-05,8.77739655382115e-05,0.00196268553598165,0.0018241585777466,0.94,0.0081851902029064,0.0352793079225943,0.00784960310897675,1191.572
"M3",300,"Equal-rate correction",0.2,0.00857465471696972,0.000584248058382248,0.0130641837426497,NA,NA,0.0108343473952732,0.000314112518632149,0.00702376944245155,NA,NA,0.015626823105704,NA,NA,299.046
"M4",300,"Equal-rate correction",0.2,0.00629763112102547,0.000406010971860812,0.00907868132691529,NA,NA,0.00799643292923477,0.000227141894926624,0.00507904717594045,NA,NA,0.011049100070693,NA,NA,299.444
"M3",600,"Equal-rate correction",0.2,0.00982675693677262,0.000384573972335574,0.00859933544519466,NA,NA,0.010484044060909,0.000207782653190914,0.00464616137080148,NA,NA,0.0130580902889125,NA,NA,598.268
"M4",600,"Equal-rate correction",0.2,0.00635928093728969,0.000288302988792879,0.00644665081057238,NA,NA,0.0080075679979198,0.000170934039665691,0.0038222013236113,NA,NA,0.00905537192570407,NA,NA,598.344
"M3",1200,"Equal-rate correction",0.2,0.0103886834500488,0.000290037883620414,0.00648544423825418,NA,NA,0.0103157486162532,0.000164943860021913,0.00368825683480207,NA,NA,0.0122468661621176,NA,NA,1195.786
"M4",1200,"Equal-rate correction",0.2,0.00733859995674427,0.000211272995683459,0.00472420780158234,NA,NA,0.00738147008496394,0.00013076907167482,0.00292408533619439,NA,NA,0.00872772528655998,NA,NA,1193.344
"M3",300,"Optimal (both)",0.2,0.000694819726261758,0.000732317360911116,0.016375114001005,0.0156173942819631,0.946,0.000341417751953272,0.000329591301651317,0.00736988555284983,0.00639485065155427,0.974,0.0163898484739156,0.0668451362360956,0.0356044519383549,298.8
"M4",300,"Optimal (both)",0.2,0.000591356695066214,0.000620559515090597,0.0138761325982688,0.013115914485089,0.938,0.000159715860097633,0.000225844695639973,0.00505004091808731,0.00499032083061873,0.986,0.0138887277540291,0.0600474962992832,0.0322884724501454,299.25
"M3",600,"Optimal (both)",0.2,0.000502760541514741,0.00042890486239274,0.00959060428190359,0.00987517813442626,0.966,-0.000187174868738852,0.000184151223246309,0.00411774653318487,0.00415025542321474,0.974,0.00960377314674663,0.0407018888817963,0.0218351118314487,597.214
"M4",600,"Optimal (both)",0.2,-0.000414951057884805,0.000377719968280522,0.00844607525534312,0.00844067804629781,0.958,0.000104706317093179,0.000136426377981393,0.00305058655090474,0.0031073234749352,0.988,0.00845626227120227,0.0362594030107729,0.0192306419619046,597.936
"M3",1200,"Optimal (both)",0.2,0.000111424930488047,0.000306962939330374,0.0068638999891586,0.00676093304236345,0.95,1.01493194767221e-05,0.00012791378601018,0.00286023920778124,0.0028443112606584,0.972,0.00686480433634533,0.0272964122791459,0.0136313936027613,1195.146
"M4",1200,"Optimal (both)",0.2,-0.000493865561793455,0.000263305029149872,0.00588767943996678,0.00586067972927443,0.958,-4.56186522316895e-05,0.000101798034839199,0.00227627325876341,0.00226254268271392,0.978,0.00590835614878903,0.0239571026621893,0.0118658758809441,1192.168
"M3",300,"Optimal (both) [strata]",0.2,0.000971588241607757,0.000718986965354084,0.0160770372946802,0.0150386127680587,0.944,0.000170050504773655,0.000334535028881247,0.00748043065433325,0.00602065129007346,0.974,0.0161063686747128,0.0653521552577312,0.0344129864232916,298.8
"M4",300,"Optimal (both) [strata]",0.2,0.0010783808729789,0.000609506192974154,0.0136289728019731,0.0126309974250052,0.942,0.000231826046841011,0.000218301640904927,0.00488137308663166,0.00452043894770039,0.986,0.0136715692202516,0.0586283594348365,0.0311894495877316,299.25
"M3",600,"Optimal (both) [strata]",0.2,0.000597043629220528,0.000424827547797811,0.00949943275590447,0.00968704812751973,0.962,-0.000291857755750358,0.000196912616830511,0.00440309996860393,0.00403643052351783,0.964,0.00951817649443126,0.0400507201390445,0.0213271412123374,597.214
"M4",600,"Optimal (both) [strata]",0.2,-0.000244664170284903,0.000376785148610452,0.00842517205205332,0.00824874906226588,0.95,9.69762804970461e-05,0.000145605077366396,0.00325582850860378,0.00305268521464835,0.984,0.00842872378613284,0.0352577944620604,0.0189053469395468,597.936
"M3",1200,"Optimal (both) [strata]",0.2,7.48184476426494e-05,0.000309962244784492,0.00693096649796553,0.00671729125584868,0.942,1.66460119297926e-05,0.000128301619016609,0.00286891141744418,0.00282566014422377,0.962,0.00693137031156381,0.0271843953936044,0.013356034198087,1195.146
"M4",1200,"Optimal (both) [strata]",0.2,-0.000483025462194281,0.00026337756918716,0.00588930148451144,0.00579987942690799,0.952,-2.37761671120218e-05,0.000102286150950944,0.00228718786683115,0.00225171662742926,0.974,0.00590907654144001,0.0237121530885377,0.0117104792307726,1192.168
"M3",300,"Optimal (both) [wald]",0.2,0.000694819726261758,0.000732317360911116,0.016375114001005,0.0156173942819631,0.904,0.000341417751953272,0.000329591301651317,0.00736988555284983,0.00639485065155427,0.756,0.0163898484739156,0.0596334009608494,0.0217446628116693,298.8
"M4",300,"Optimal (both) [wald]",0.2,0.000591356695066214,0.000620559515090597,0.0138761325982688,0.013115914485089,0.894,0.000159715860097633,0.000225844695639973,0.00505004091808731,0.00499032083061873,0.854,0.0138887277540291,0.0493091938734112,0.0152465008549879,299.25
"M3",600,"Optimal (both) [wald]",0.2,0.000502760541514741,0.00042890486239274,0.00959060428190359,0.00987517813442626,0.928,-0.000187174868738852,0.000184151223246309,0.00411774653318487,0.00415025542321474,0.904,0.00960377314674663,0.0383224159682453,0.0154548975495992,597.214
"M4",600,"Optimal (both) [wald]",0.2,-0.000414951057884805,0.000377719968280522,0.00844607525534312,0.00844067804629781,0.926,0.000104706317093179,0.000136426377981393,0.00305058655090474,0.0031073234749352,0.912,0.00845626227120227,0.0326060894954451,0.0111044143091727,597.936
"M3",1200,"Optimal (both) [wald]",0.2,0.000111424930488047,0.000306962939330374,0.0068638999891586,0.00676093304236345,0.938,1.01493194767221e-05,0.00012791378601018,0.00286023920778124,0.0028443112606584,0.938,0.00686480433634533,0.0263779733599134,0.0109424310014716,1195.146
"M4",1200,"Optimal (both) [wald]",0.2,-0.000493865561793455,0.000263305029149872,0.00588767943996678,0.00586067972927443,0.946,-4.56186522316895e-05,0.000101798034839199,0.00227627325876341,0.00226254268271392,0.93,0.00590835614878903,0.0228375203620125,0.00866920067958022,1192.168
"M3",300,"Optimal (treat-all)",0.2,0.000975453779020724,0.000685960591112414,0.015338545116133,0.0149241853649762,0.954,-0.000355346100977321,0.000421194341252484,0.00941819178778799,0.00822150179795621,0.962,0.0153695307786104,0.0641748752349133,0.0433312168141192,298.154
"M4",300,"Optimal (treat-all)",0.2,0.000716960630786273,0.000538810104190608,0.0120481601993394,0.0126715097375636,0.964,-0.000113792138140568,0.000265443243864149,0.00593549137448291,0.0060535313897723,0.986,0.0120694737555141,0.058280855836114,0.0390193882789828,298.704
"M3",600,"Optimal (treat-all)",0.2,0.000195895469733004,0.0004480307183006,0.010018271421282,0.00967118947840379,0.952,-0.000102098151916653,0.000236030507583365,0.00527780259720184,0.00520259506472785,0.98,0.0100201864905568,0.0396311708869144,0.0295679486824426,598.054
"M4",600,"Optimal (treat-all)",0.2,-0.000642389397345261,0.000358745678328367,0.00802179723376502,0.00822432083821739,0.966,5.39862664790617e-05,0.000178886615933583,0.00400002633492388,0.00400688675014328,0.992,0.00804747755495234,0.0350822632330344,0.0266172403737273,597.702
"M3",1200,"Optimal (treat-all)",0.2,0.000161176338780072,0.000293908331069216,0.00657199007424281,0.00660593189468081,0.962,5.07664116299478e-05,0.000171899972110636,0.00384380022969701,0.00378665316293949,0.972,0.00657396618093891,0.0265456919539353,0.0191296110549539,1194.352
"M4",1200,"Optimal (treat-all)",0.2,-0.000155387352748781,0.000254299875188929,0.00568631807592157,0.00561627302232639,0.954,-6.03713705104904e-05,0.000130911818601493,0.00292727725451059,0.00293562986392809,0.984,0.00568844077845122,0.0230980084093432,0.0168476978502262,1192.836
"M3",300,"Recorded",0.2,0.020746325,9.19090032300944e-05,0.00205514778966739,NA,NA,-0.00394605,6.37887546844928e-05,0.00142635991674584,NA,NA,0.0208478687985846,NA,NA,0
"M4",300,"Recorded",0.2,0.016696225,9.10266510831571e-05,0.00203541779586094,NA,NA,-0.00168815,6.55270762772985e-05,0.00146522996922853,NA,NA,0.0168198351613306,NA,NA,0
"M3",600,"Recorded",0.2,0.020621075,8.80939797519505e-05,0.00196984127133851,NA,NA,-0.00395505,6.17175240048447e-05,0.00138004579077808,NA,NA,0.0207149465070488,NA,NA,0
"M4",600,"Recorded",0.2,0.01665895,9.52888077242286e-05,0.00213072251566282,NA,NA,-0.00161755,6.47835522125373e-05,0.0014486042657114,NA,NA,0.0167946596732786,NA,NA,0
"M3",1200,"Recorded",0.2,0.02073215,9.2683558994926e-05,0.00207246738309267,NA,NA,-0.0038171,6.2248253903045e-05,0.00139191327207875,NA,NA,0.0208354785084596,NA,NA,0
"M4",1200,"Recorded",0.2,0.0166735,9.02691399593904e-05,0.0020184793321964,NA,NA,-0.001721875,6.54264976668008e-05,0.00146298096312698,NA,NA,0.0167952332840155,NA,NA,0
"M3",300,"SRS",0.2,-0.000417669518089692,0.000701369114245144,0.0156830901677096,0.016081732663761,0.96,-2.63535957342881e-05,0.000301257157328469,0.00673631482494807,0.00659290762687226,0.992,0.0156886508353921,0.0691316411424122,0.03697519227799,298.758
"M4",300,"SRS",0.2,0.000444680632637112,0.000599001259167217,0.0133940753410587,0.0131659061862616,0.94,-0.000138544848947316,0.000216533366420288,0.00484183326712634,0.004497332484639,0.994,0.0134014549623165,0.0615415097580804,0.0326113790997004,299.476
"M3",600,"SRS",0.2,-0.000608317259259694,0.000454483188722549,0.0101625530461449,0.00996063113054571,0.956,-9.81666015469167e-05,0.000191138175693863,0.00427397953946776,0.00410837620956365,0.988,0.0101807433080115,0.0413677063817366,0.0224650221099698,598.522
"M4",600,"SRS",0.2,-0.00045864669576301,0.000384525923320475,0.00859826103655453,0.00846410064266585,0.966,-0.000176599286654271,0.000136053096583599,0.00304223972510271,0.00298806001382094,0.988,0.00861048486696691,0.0378059548728429,0.0197570007798577,596.904
"M3",1200,"SRS",0.2,0.000300909736715343,0.000302553284943378,0.00676529711949258,0.00671608053298925,0.962,0.000103448685617798,0.000126033397006533,0.00281819243141827,0.0029221912071752,0.986,0.00677198580806728,0.0272468556208142,0.0140970243024741,1195.99
"M4",1200,"SRS",0.2,2.96450126961723e-05,0.000261278968591497,0.0058423753486162,0.00576100369422392,0.956,1.33658855967379e-05,0.000108292292426989,0.00242148927306032,0.00229295853568854,0.984,0.00584245055955941,0.02394744021002,0.0123944006351679,1195.816
"M3",300,"SRS [strata]",0.2,0.000126990582817205,0.000686142623709665,0.0153426154887487,0.0152722016106334,0.972,-0.000362081312166652,0.000297360022587828,0.00664917224297256,0.00599750093587301,0.986,0.0153431410292585,0.0667591611415657,0.0354325755732859,298.758
"M4",300,"SRS [strata]",0.2,0.00171291557803116,0.000570386334827176,0.0127542261811052,0.0124222218471826,0.95,-0.000103805541230293,0.000230170234913664,0.00514676291664048,0.00412093761864852,0.98,0.0128687359618671,0.0593306058147735,0.0314812487931519,299.476
"M3",600,"SRS [strata]",0.2,-0.000485544487890038,0.000456087068796382,0.0101984168948733,0.00979876977611652,0.95,-6.97685864208455e-05,0.000191150633712534,0.00427425810923389,0.00403772880835917,0.98,0.0102099686880694,0.04080354363146,0.0218104192385472,598.522
"M4",600,"SRS [strata]",0.2,-0.000258464782912277,0.00038132432334004,0.00852667108462439,0.00823292164672625,0.964,-0.000178127971848224,0.000140298399702455,0.00313716758869125,0.00293200119198293,0.992,0.00853058754303451,0.0360250931595501,0.0190560967874127,596.904
"M3",1200,"SRS [strata]",0.2,0.000331527669126891,0.000302246521628318,0.0067584376832378,0.00668731717196063,0.956,9.6605085091659e-05,0.000126593584401524,0.00283071860237166,0.00290612983747197,0.976,0.00676656415868537,0.027171922092656,0.013783220329905,1195.99
"M4",1200,"SRS [strata]",0.2,0.000103032345382004,0.000264896920179357,0.00592327520551378,0.00570231603139004,0.95,4.29991770709535e-06,0.000108206451233477,0.0024195698056207,0.00228292213052405,0.976,0.00592417123524035,0.0236335567476548,0.0120009993389667,1195.816
"M3",300,"SRS [wald]",0.2,-0.000417669518089692,0.000701369114245144,0.0156830901677096,0.016081732663761,0.936,-2.63535957342881e-05,0.000301257157328469,0.00673631482494807,0.00659290762687226,0.746,0.0156886508353921,0.0617629609386081,0.0222852257829054,298.758
"M4",300,"SRS [wald]",0.2,0.000444680632637112,0.000599001259167217,0.0133940753410587,0.0131659061862616,0.904,-0.000138544848947316,0.000216533366420288,0.00484183326712634,0.004497332484639,0.856,0.0134014549623165,0.0500073749598266,0.0137366221351222,299.476
"M3",600,"SRS [wald]",0.2,-0.000608317259259694,0.000454483188722549,0.0101625530461449,0.00996063113054571,0.934,-9.81666015469167e-05,0.000191138175693863,0.00427397953946776,0.00410837620956365,0.882,0.0101807433080115,0.038754098875032,0.0154066531329436,598.522
"M4",600,"SRS [wald]",0.2,-0.00045864669576301,0.000384525923320475,0.00859826103655453,0.00846410064266585,0.934,-0.000176599286654271,0.000136053096583599,0.00304223972510271,0.00298806001382094,0.922,0.00861048486696691,0.0328472791601623,0.0109165054473491,596.904
"M3",1200,"SRS [wald]",0.2,0.000300909736715343,0.000302553284943378,0.00676529711949258,0.00671608053298925,0.954,0.000103448685617798,0.000126033397006533,0.00281819243141827,0.0029221912071752,0.954,0.00677198580806728,0.0262527748816655,0.0113027147509965,1195.99
"M4",1200,"SRS [wald]",0.2,2.96450126961723e-05,0.000261278968591497,0.0058423753486162,0.00576100369422392,0.946,1.33658855967379e-05,0.000108292292426989,0.00242148927306032,0.00229295853568854,0.938,0.00584245055955941,0.0224947719714654,0.00882135476276813,1195.816
"M3",300,"Balanced",0.22,0.00168159399365794,0.00107034463299088,0.0239336335871966,0.0224052174489857,0.806,-0.000250604314929148,0.000169681191242695,0.00379418678121807,0.00392731117369334,0.982,0.0239926358503123,0.0966863757248781,0.0195998999649456,298.352
"M4",300,"Balanced",0.22,0.00122172166616669,0.000862180713011662,0.0192789468318331,0.0197947209839485,0.956,0.000270270527923156,0.000131018952388577,0.00292967283881666,0.00302523699497396,0.978,0.0193176187656303,0.0885378569420892,0.0175016921301936,298.628
"M3",600,"Balanced",0.22,-0.000284147477303542,0.000669529066284454,0.01497112505124,0.0147743758779033,0.936,-2.18078088160909e-05,0.000126906410783391,0.00283771361292174,0.00271001181880993,0.962,0.0149738213255242,0.0611345094203795,0.012288597727217,596.444
"M4",600,"Balanced",0.22,-0.000134548550170727,0.000611228438694502,0.0136674833870197,0.0129572361934673,0.902,0.000236133078639556,9.24843678214619e-05,0.00206801333304883,0.00211025829213111,0.968,0.0136681456477026,0.0558222315722698,0.0107352470159417,597.224
"M3",1200,"Balanced",0.22,-8.90243688286552e-05,0.000452104425159517,0.0101093622758515,0.0101143044750069,0.956,4.14777190474933e-05,9.44317794616292e-05,0.00211155878112471,0.00201653756771593,0.948,0.0101097542483808,0.0407047747952386,0.00834475342521094,1193.964
"M4",1200,"Balanced",0.22,-0.000149480057940632,0.00037911228212394,0.00847720833934208,0.00883922432361358,0.952,8.05867577610957e-05,8.05731277299056e-05,0.00180166990763842,0.00169074125579593,0.932,0.00847852614057024,0.0362882890088386,0.00726518864756692,1191.572
"M3",300,"Equal-rate correction",0.22,0.00766913537349115,0.000634665264136318,0.0141915467356667,NA,NA,0.00998676888969981,0.000281712943620959,0.00629929292078031,NA,NA,0.0161312007032194,NA,NA,299.046
"M4",300,"Equal-rate correction",0.22,0.00527551032417814,0.000447899650782963,0.0100153406624912,NA,NA,0.00701787115311074,0.000197923899566226,0.00442571293801921,NA,NA,0.0113198082035987,NA,NA,299.444
"M3",600,"Equal-rate correction",0.22,0.00906760130739351,0.000418960363955621,0.00936823853682822,NA,NA,0.00974174194753338,0.000185488348030173,0.00414764555229606,NA,NA,0.0130378405709212,NA,NA,598.268
"M4",600,"Equal-rate correction",0.22,0.00536200745157678,0.000316875969412279,0.00708556208042001,NA,NA,0.00705255828299226,0.000152431149686395,0.00340846412587226,NA,NA,0.00888573654269869,NA,NA,598.344
"M3",1200,"Equal-rate correction",0.22,0.00962316191891879,0.000315990922993142,0.00706577184085567,NA,NA,0.00954835696117969,0.000145407130087887,0.00325140227289671,NA,NA,0.0119386086720672,NA,NA,1195.786
"M4",1200,"Equal-rate correction",0.22,0.00645023160524547,0.000233499569794313,0.00522120910777041,NA,NA,0.00649420096752206,0.000117360283695841,0.00262425572202561,NA,NA,0.00829858495819451,NA,NA,1193.344
"M3",300,"Optimal (both)",0.22,0.000608110376814214,0.000764525929754721,0.0170953194949278,0.0162825814116239,0.94,0.000245646813420885,0.000294748168150427,0.00659076940227893,0.00587213602958339,0.974,0.0171061318498382,0.0697574835150392,0.0337544826552851,298.8
"M4",300,"Optimal (both)",0.22,0.000470226618913883,0.000642541946284953,0.0143676747028817,0.0136123397696484,0.94,2.75180702281348e-05,0.000213176730803368,0.00476677661297503,0.00467761871173131,0.986,0.0143753674541197,0.0625151870260405,0.0312853403855168,299.25
"M3",600,"Optimal (both)",0.22,0.000552657267430201,0.000447686012557384,0.0100105635665413,0.0103116995135902,0.956,-0.000154968794368326,0.000162992876357215,0.0036446315138295,0.00379290350750816,0.984,0.0100258073477904,0.0425341786285221,0.0212946191680621,597.214
"M4",600,"Optimal (both)",0.22,-0.000399029937170753,0.000390658095187742,0.00873538056800375,0.008747661863069,0.954,0.000133951985883576,0.000131139921435608,0.00293237778894,0.0029316912247296,0.992,0.00874448961109887,0.037533721987911,0.0193668969986465,597.936
"M3",1200,"Optimal (both)",0.22,5.9555423541191e-05,0.000320350115861067,0.00716324635665279,0.00706427856437491,0.948,-4.43169980088743e-05,0.000115661708039541,0.00258627441570148,0.00258946933108041,0.974,0.00716349392507404,0.0285342839391443,0.0128487746257624,1195.146
"M4",1200,"Optimal (both)",0.22,-0.000479954873468469,0.000271568903977732,0.00607246529869321,0.00608530196142568,0.952,-2.02144534051391e-05,9.45573029990783e-05,0.00211436557274984,0.00212131431853346,0.976,0.00609140308011211,0.0248783267918493,0.0116483957796028,1192.168
"M3",300,"Optimal (both) [strata]",0.22,0.000867705579322531,0.000750820334847046,0.0167888530760715,0.015693036490782,0.94,4.5615592826018e-05,0.000300122931744945,0.00671095276988226,0.00545728845961427,0.972,0.0168112611240889,0.0683769146026585,0.0327939914861703,298.8
"M4",300,"Optimal (both) [strata]",0.22,0.000964997061198597,0.000630276286838961,0.0140934062197807,0.0131130994461118,0.944,9.67357010571834e-05,0.000202403494270364,0.00452587972072024,0.0041698976414547,0.986,0.0141264049992868,0.0609923528296696,0.0300165337400312,299.25
"M3",600,"Optimal (both) [strata]",0.22,0.000651687428770031,0.000443241663544871,0.00991118490146422,0.0101173955316328,0.964,-0.000260006299405237,0.000175746099089394,0.00392980224344299,0.00367479707818294,0.978,0.00993258690653292,0.0418405201067238,0.0205532852302501,597.214
"M4",600,"Optimal (both) [strata]",0.22,-0.000255970389765964,0.000389069889583394,0.00869986721106806,0.0085527196170105,0.954,9.44300725744668e-05,0.000143470064255165,0.00320808816410811,0.00287130515555464,0.988,0.00870363201948784,0.0365481137347477,0.0184279382859843,597.936
"M3",1200,"Optimal (both) [strata]",0.22,4.40057647560499e-06,0.000323714116300132,0.00723846769323367,0.00701965223793769,0.942,-5.52634601529538e-05,0.000115734626535488,0.00258790492283902,0.00256984674316715,0.966,0.0072384690308836,0.0284163435500164,0.0126633804822998,1195.146
"M4",1200,"Optimal (both) [strata]",0.22,-0.000479391753307801,0.000271037080279251,0.00606057335927473,0.00602301377315382,0.954,-8.36683527471842e-06,9.54862296513301e-05,0.0021351370041553,0.00211118743752172,0.972,0.00607950375411432,0.0246263297917763,0.0114583034870382,1192.168
"M3",300,"Optimal (both) [wald]",0.22,0.000608110376814214,0.000764525929754721,0.0170953194949278,0.0162825814116239,0.91,0.000245646813420885,0.000294748168150427,0.00659076940227893,0.00587213602958339,0.768,0.0171061318498382,0.0622520107584736,0.0193685199890881,298.8
"M4",300,"Optimal (both) [wald]",0.22,0.000470226618913883,0.000642541946284953,0.0143676747028817,0.0136123397696484,0.896,2.75180702281348e-05,0.000213176730803368,0.00476677661297503,0.00467761871173131,0.86,0.0143753674541197,0.051228808150485,0.0137906788781501,299.25
"M3",600,"Optimal (both) [wald]",0.22,0.000552657267430201,0.000447686012557384,0.0100105635665413,0.0103116995135902,0.942,-0.000154968794368326,0.000162992876357215,0.0036446315138295,0.00379290350750816,0.912,0.0100258073477904,0.0400319057851617,0.0139739323799497,597.214
"M4",600,"Optimal (both) [wald]",0.22,-0.000399029937170753,0.000390658095187742,0.00873538056800375,0.008747661863069,0.926,0.000133951985883576,0.000131139921435608,0.00293237778894,0.0029316912247296,0.912,0.00874448961109887,0.0338022570918715,0.0103355791979018,597.936
"M3",1200,"Optimal (both) [wald]",0.22,5.9555423541191e-05,0.000320350115861067,0.00716324635665279,0.00706427856437491,0.946,-4.43169980088743e-05,0.000115661708039541,0.00258627441570148,0.00258946933108041,0.934,0.00716349392507404,0.0275697734531483,0.0099018662296729,1195.146
"M4",1200,"Optimal (both) [wald]",0.22,-0.000479954873468469,0.000271568903977732,0.00607246529869321,0.00608530196142568,0.948,-2.02144534051391e-05,9.45573029990783e-05,0.00211436557274984,0.00212131431853346,0.938,0.00609140308011211,0.023720037157853,0.00808721627383754,1192.168
"M3",300,"Optimal (treat-all)",0.22,0.000980058393571487,0.000713879024002506,0.0159628202538081,0.015617771623283,0.958,-0.000384864560272672,0.000395410206821914,0.00884164101451051,0.00784247894898508,0.974,0.0159928779433282,0.0674140803888324,0.0417757143352643,298.154
"M4",300,"Optimal (treat-all)",0.22,0.000725805392641971,0.000559006288262136,0.0124997606040398,0.0131366757616976,0.968,-0.000126248729334279,0.000256630201139295,0.00573842574826908,0.00590751394554777,0.986,0.0125208150144587,0.0606807249924875,0.0386359147290005,298.704
"M3",600,"Optimal (treat-all)",0.22,0.000174011776715749,0.000467905777735674,0.0104626912608187,0.0101401332463885,0.944,-0.000131622707027495,0.000227599620113751,0.00508928222227476,0.00490457955835208,0.98,0.0104641382118954,0.0415772929026762,0.029584505170495,598.054
"M4",600,"Optimal (treat-all)",0.22,-0.000663371266625884,0.000371398819026158,0.00830473006105632,0.00854877010972691,0.966,5.08601834503103e-05,0.000171266545309001,0.00382963637582474,0.00386972459359746,0.994,0.00833118255858058,0.0365119778855994,0.0269203689185906,597.702
"M3",1200,"Optimal (treat-all)",0.22,0.000144931291339218,0.000314769997420007,0.00703847111508569,0.00692680958720103,0.958,3.16903404159932e-05,0.000167508262984403,0.00374559862826037,0.00360854333865107,0.984,0.00703996311901595,0.0278443281432667,0.0198264808778088,1194.352
"M4",1200,"Optimal (treat-all)",0.22,-0.000186544808882694,0.00026291055423417,0.0058788587126975,0.00585300927043007,0.958,-8.90925194075159e-05,0.000130455630914657,0.00291707658772795,0.00282913163045207,0.99,0.00588181763824588,0.0240114659668435,0.0174931961968427,1192.836
"M3",300,"Recorded",0.22,0.0221446435897436,9.88295957474179e-05,0.00220989694280051,NA,NA,-0.00318086923076923,6.05285504820414e-05,0.00135345953457372,NA,NA,0.0222546373642567,NA,NA,0
"M4",300,"Recorded",0.22,0.0173645641025641,9.8707343340591e-05,0.00220716329587973,NA,NA,-0.00149120512820513,5.93389591798916e-05,0.00132685946440323,NA,NA,0.0175042753716552,NA,NA,0
"M3",600,"Recorded",0.22,0.0220655025641026,9.54229022082434e-05,0.00213372095947947,NA,NA,-0.00314077948717949,5.85695449698536e-05,0.00130965483963823,NA,NA,0.0221684272906162,NA,NA,0
"M4",600,"Recorded",0.22,0.0173366923076923,0.000101561843771682,0.00227099186593694,NA,NA,-0.0014084358974359,6.05671876278918e-05,0.0013543234874195,NA,NA,0.0174848020928677,NA,NA,0
"M3",1200,"Recorded",0.22,0.0221307923076923,0.000100368924425953,0.0022443173784497,NA,NA,-0.00304792564102564,5.73443786430186e-05,0.00128225928773277,NA,NA,0.0222443010378259,NA,NA,0
"M4",1200,"Recorded",0.22,0.0173593487179487,9.83788304942704e-05,0.00219981752532118,NA,NA,-0.00150770256410256,6.16807037267829e-05,0.00137922246433111,NA,NA,0.0174981766208956,NA,NA,0
"M3",300,"SRS",0.22,-0.000443286232686191,0.000719237887387558,0.0160826480819192,0.0167472544186581,0.964,-4.19365687319376e-05,0.000286316944891907,0.00640224151888365,0.00610922507810468,0.988,0.0160887560740707,0.0723012260444844,0.0349586730334853,298.758
"M4",300,"SRS",0.22,0.000412267634629593,0.000620264404348739,0.013869533721472,0.0136247711526097,0.944,-0.000185912346482674,0.000202091687380896,0.00451890750671321,0.00424293328865163,0.996,0.0138756596330989,0.0640359984734126,0.0314735186548594,299.476
"M3",600,"SRS",0.22,-0.000588343121146917,0.00047824995096068,0.0106939940058402,0.0104054394244107,0.952,-6.51116773389346e-05,0.000171331928599757,0.00383109839065197,0.00372326622851382,0.988,0.0107101659849485,0.0432682256731312,0.0217020026885686,598.522
"M4",600,"SRS",0.22,-0.000385307865017531,0.000399494422946897,0.00893296686341314,0.00876694333165372,0.966,-9.60284710598541e-05,0.000126259889836739,0.00282325696506584,0.00281221576608093,0.994,0.00894127279159301,0.0392948688659034,0.0190838791148802,596.904
"M3",1200,"SRS",0.22,0.000281354273641787,0.000317920921725308,0.00710892792447179,0.00702228542275479,0.956,7.88301186699352e-05,0.000116087238108336,0.00259578955730444,0.00267072351875887,0.98,0.00711449340871374,0.0284815370858351,0.0133056357704132,1195.99
"M4",1200,"SRS",0.22,3.14017398990452e-05,0.0002694487631172,0.00602505750783296,0.00599190815212542,0.954,1.47051992842248e-05,0.000101648083195638,0.00227292023808,0.00213437401823675,0.978,0.00602513933797079,0.0249006001129634,0.0118165095990733,1195.816
"M3",300,"SRS [strata]",0.22,0.000139645542674816,0.000704678168186855,0.0157570828632584,0.0159197180939325,0.966,-0.00036196665730864,0.00027231444110124,0.00608913601557236,0.00545621454867496,0.986,0.0157577016483109,0.069815585530719,0.0337180447471351,298.758
"M4",300,"SRS [strata]",0.22,0.00166636958476757,0.000590910742907057,0.0132131658977508,0.0128599520514639,0.96,-0.000196934127295467,0.000208332788862496,0.00465846277838653,0.00385090501579036,0.986,0.0133178279247978,0.0616833403544894,0.030529831305121,299.476
"M3",600,"SRS [strata]",0.22,-0.000482663418073431,0.000478813338999903,0.0107065917453743,0.0102373616882934,0.944,-5.62265960537631e-05,0.000173344736935101,0.00387610615328703,0.00365551462648173,0.98,0.0107174656881776,0.0426464559954479,0.0209504730273388,598.522
"M4",600,"SRS [strata]",0.22,-0.000180542238406717,0.000396047950983709,0.00885590140749078,0.00852994679621324,0.958,-9.81455091102566e-05,0.000129154568657297,0.0028879839512238,0.00275650794489714,0.996,0.00885774154280007,0.0373466645560784,0.0186115604876665,596.904
"M3",1200,"SRS [strata]",0.22,0.000310384487581972,0.000316975003861284,0.00708777655802089,0.00699207333421451,0.96,6.94382475458499e-05,0.000116345545771457,0.0026015654922429,0.002655597714738,0.978,0.00709456940670553,0.0283988703135471,0.0131383603064974,1195.99
"M4",1200,"SRS [strata]",0.22,0.000104212473698045,0.000273604203982556,0.00611797599034714,0.00593186937346733,0.948,2.94844531352478e-06,0.000101282311150755,0.00226474132651374,0.00212497114408583,0.976,0.00611886349399448,0.0245790303244294,0.0117134600599845,1195.816
"M3",300,"SRS [wald]",0.22,-0.000443286232686191,0.000719237887387558,0.0160826480819192,0.0167472544186581,0.936,-4.19365687319376e-05,0.000286316944891907,0.00640224151888365,0.00610922507810468,0.766,0.0160887560740707,0.0643601075478603,0.0199814615531323,298.758
"M4",300,"SRS [wald]",0.22,0.000412267634629593,0.000620264404348739,0.013869533721472,0.0136247711526097,0.908,-0.000185912346482674,0.000202091687380896,0.00451890750671321,0.00424293328865163,0.87,0.0138756596330989,0.0517647895079811,0.0125666647810438,299.476
"M3",600,"SRS [wald]",0.22,-0.000588343121146917,0.00047824995096068,0.0106939940058402,0.0104054394244107,0.926,-6.51116773389346e-05,0.000171331928599757,0.00383109839065197,0.00372326622851382,0.862,0.0107101659849485,0.0404873814101458,0.0137463735442805,598.522
"M4",600,"SRS [wald]",0.22,-0.000385307865017531,0.000399494422946897,0.00893296686341314,0.00876694333165372,0.94,-9.60284710598541e-05,0.000126259889836739,0.00282325696506584,0.00281221576608093,0.926,0.00894127279159301,0.0340299438956574,0.0101492002639105,596.904
"M3",1200,"SRS [wald]",0.22,0.000281354273641787,0.000317920921725308,0.00710892792447179,0.00702228542275479,0.948,7.88301186699352e-05,0.000116087238108336,0.00259578955730444,0.00267072351875887,0.95,0.00711449340871374,0.0274538657562974,0.010307650556822,1195.99
"M4",1200,"SRS [wald]",0.22,3.14017398990452e-05,0.0002694487631172,0.00602505750783296,0.00599190815212542,0.944,1.47051992842248e-05,0.000101648083195638,0.00227292023808,0.00213437401823675,0.934,0.00602513933797079,0.0233998749479554,0.00817360117339395,1195.816
"M3",300,"Balanced",0.24,0.0017984519134204,0.00109761094075469,0.0245433267637499,0.0230868311684508,0.818,-0.000184593719076873,0.00014135066234444,0.00316069689666788,0.00346751970727505,0.992,0.0246091307834529,0.099708002903155,0.0179712110994821,298.352
"M4",300,"Balanced",0.24,0.00120370455915206,0.000884192892466911,0.0197711541277817,0.0203621745034866,0.95,0.00022721523306001,0.000120368955679796,0.00269153167280684,0.00278635859465259,0.984,0.0198077621201948,0.0905696607997486,0.0164012227893658,298.628
"M3",600,"Balanced",0.24,-0.000276129489130555,0.000695852115585196,0.0155597263273554,0.0152292516306664,0.938,-6.88614515658402e-06,0.000109572552425278,0.00245011675691082,0.00239671674512193,0.964,0.0155621762898691,0.0628172791827883,0.0111182150161835,596.444
"M4",600,"Balanced",0.24,-0.000265226052703432,0.000629844018852003,0.0140837404137474,0.0133357750202172,0.902,0.000115210355812389,8.49419680688146e-05,0.00189936014744486,0.00192568780991639,0.976,0.0140862375707942,0.0572605267075132,0.00966580382699567,597.224
"M3",1200,"Balanced",0.24,-0.000149039093483516,0.000468564092775276,0.0104774116326104,0.010431699744919,0.948,-1.51027401369339e-05,8.31944399440742e-05,0.00186028423064974,0.0017986670050084,0.952,0.010478471604702,0.0419102964387301,0.00752544305194576,1193.964
"M4",1200,"Balanced",0.24,-0.000221017354767594,0.000389196077067208,0.00870268884898525,0.00910570516160777,0.95,1.51038508210029e-05,7.14572915294463e-05,0.00159783361347862,0.00155326430911115,0.96,0.00870549492409022,0.0373270003477282,0.00675762758571821,1191.572
"M3",300,"Equal-rate correction",0.24,0.00670836622187085,0.000684508227078976,0.0153060692690645,NA,NA,0.00908699009376922,0.000249933813098836,0.00558868995964724,NA,NA,0.0167116107493006,NA,NA,299.046
"M4",300,"Equal-rate correction",0.24,0.00425544601959438,0.000487329753888668,0.010897024571533,NA,NA,0.00604365844928836,0.000173573897394601,0.00388123033693901,NA,NA,0.0116984599558351,NA,NA,299.444
"M3",600,"Equal-rate correction",0.24,0.00820922125929305,0.000453182967558148,0.010133479217051,NA,NA,0.00890110244259449,0.00016344266459547,0.00365468908459168,NA,NA,0.0130414230330295,NA,NA,598.268
"M4",600,"Equal-rate correction",0.24,0.0043325232367584,0.000346691187358799,0.00775225062134391,NA,NA,0.00606756224794797,0.000134092617959135,0.00299840209037534,NA,NA,0.0088807740255666,NA,NA,598.344
"M3",1200,"Equal-rate correction",0.24,0.00879378471612163,0.000341309950556902,0.00763192250842325,NA,NA,0.00871701120686307,0.000130137057913414,0.0029099530788622,NA,NA,0.0116437490014201,NA,NA,1195.786
"M4",1200,"Equal-rate correction",0.24,0.0055643774348042,0.000252097582094304,0.00563707330526198,NA,NA,0.00560950388556176,0.000103342724801622,0.0023108135763648,NA,NA,0.00792078857727281,NA,NA,1193.344
"M3",300,"Optimal (both)",0.24,0.000401868239587544,0.000801381827812652,0.0179194424292212,0.0169582272164569,0.938,2.98661613680959e-05,0.000260245542579797,0.00581926724049743,0.00529340161916807,0.984,0.0179239480878562,0.0727644881514355,0.032037704137044,298.8
"M4",300,"Optimal (both)",0.24,0.000373158700476717,0.000670324921862021,0.0149889209229571,0.0140742983328197,0.932,-8.12000731744405e-05,0.00020866385028713,0.00466586553688862,0.0044894963002645,0.988,0.0149935652147981,0.0647721408715556,0.0295015650353941,299.25
"M3",600,"Optimal (both)",0.24,0.000698713012439595,0.000469217791524609,0.0104920287810135,0.0107211727574241,0.954,-2.75347878273442e-05,0.00014517557880238,0.00324622462875,0.00349655799530118,0.986,0.0105152683187529,0.0442178869511215,0.0201315922596333,597.214
"M4",600,"Optimal (both)",0.24,-0.000508958854736785,0.000403228487205566,0.00901646307856049,0.00907296106823699,0.954,3.80489083979391e-05,0.000123592654361764,0.00276361576672541,0.00271186173721373,0.99,0.00903081643943999,0.0389136909160867,0.018199073661648,597.936
"M3",1200,"Optimal (both)",0.24,-2.91820938232989e-05,0.000328799871163227,0.00735218862914149,0.00735807732416707,0.954,-0.000135788000151005,0.000103120160136288,0.00230583687915404,0.00234646027741941,0.986,0.00735224654327352,0.0297163624764602,0.0123349278615467,1195.146
"M4",1200,"Optimal (both)",0.24,-0.0005752883070895,0.000281465464253583,0.00629375911389548,0.00631592884294481,0.954,-0.000103449454919229,8.85141477166987e-05,0.00197923651264996,0.00196778873629029,0.98,0.00631999686867141,0.0258220160337475,0.0113656680688263,1192.168
"M3",300,"Optimal (both) [strata]",0.24,0.000696118052938899,0.000785845320765154,0.0175720355703101,0.0163513824816267,0.938,-0.000147605880570677,0.000266371766578621,0.00595625377356503,0.00484014895089777,0.976,0.0175858185600748,0.0711083660791329,0.0308439314260456,298.8
"M4",300,"Optimal (both) [strata]",0.24,0.00088961085793493,0.000656182816946253,0.0146726938435912,0.0135580404446963,0.932,-1.49948536810711e-06,0.000189647651408769,0.00424065040323192,0.00395415559228156,0.99,0.0146996378222838,0.0631730418389962,0.0288791442990887,299.25
"M3",600,"Optimal (both) [strata]",0.24,0.000798735281969748,0.00046571106837585,0.0104136160676245,0.0105176715875597,0.958,-0.000136950386420647,0.000158090530917192,0.00353501173729873,0.00338203222465304,0.984,0.0104442030645977,0.0434950528074497,0.0196950896308154,597.214
"M4",600,"Optimal (both) [strata]",0.24,-0.000360744823938108,0.000401083503559752,0.00896849978613385,0.00887213559936107,0.954,-1.12329679923841e-06,0.000136931991003279,0.00306189240177722,0.00265265761101601,0.99,0.0089757520711014,0.0378960836238954,0.017998969907161,597.936
"M3",1200,"Optimal (both) [strata]",0.24,-8.09080576928967e-05,0.000331967650829334,0.00742302233585305,0.00731173970159318,0.954,-0.000142142200548513,0.000103039128877438,0.00230402496512313,0.00232742218690224,0.984,0.0074234632559455,0.0295905569119893,0.0121336425722103,1195.146
"M4",1200,"Optimal (both) [strata]",0.24,-0.000574517715689254,0.0002807706699586,0.00627822304115588,0.00625220315156147,0.948,-9.10974050763458e-05,8.92075395844734e-05,0.00199474122616386,0.0019579341790748,0.976,0.00630445518345093,0.0255568583719021,0.0112800598351632,1192.168
"M3",300,"Optimal (both) [wald]",0.24,0.000401868239587544,0.000801381827812652,0.0179194424292212,0.0169582272164569,0.906,2.98661613680959e-05,0.000260245542579797,0.00581926724049743,0.00529340161916807,0.776,0.0179239480878562,0.0649085135872888,0.0167977243575104,298.8
"M4",300,"Optimal (both) [wald]",0.24,0.000373158700476717,0.000670324921862021,0.0149889209229571,0.0140742983328197,0.89,-8.12000731744405e-05,0.00020866385028713,0.00466586553688862,0.0044894963002645,0.852,0.0149935652147981,0.053014906213083,0.0129221032135047,299.25
"M3",600,"Optimal (both) [wald]",0.24,0.000698713012439595,0.000469217791524609,0.0104920287810135,0.0107211727574241,0.928,-2.75347878273442e-05,0.00014517557880238,0.00324622462875,0.00349655799530118,0.906,0.0105152683187529,0.0416192914245435,0.0127281492324476,597.214
"M4",600,"Optimal (both) [wald]",0.24,-0.000508958854736785,0.000403228487205566,0.00901646307856049,0.00907296106823699,0.924,3.80489083979391e-05,0.000123592654361764,0.00276361576672541,0.00271186173721373,0.902,0.00903081643943999,0.035064375249604,0.00938590325906578,597.936
"M3",1200,"Optimal (both) [wald]",0.24,-2.91820938232989e-05,0.000328799871163227,0.00735218862914149,0.00735807732416707,0.944,-0.000135788000151005,0.000103120160136288,0.00230583687915404,0.00234646027741941,0.926,0.00735224654327352,0.0287174777810168,0.00894134791794811,1195.146
"M4",1200,"Optimal (both) [wald]",0.24,-0.0005752883070895,0.000281465464253583,0.00629375911389548,0.00631592884294481,0.942,-0.000103449454919229,8.85141477166987e-05,0.00197923651264996,0.00196778873629029,0.93,0.00631999686867141,0.0246227904894965,0.00744207801693723,1192.168
"M3",300,"Optimal (treat-all)",0.24,0.00113251006620799,0.000737352787175424,0.0164877095552318,0.0162792486664397,0.964,-0.000268331912737323,0.000378453717101195,0.00846248237775748,0.00753044985685128,0.976,0.0165265587896496,0.0704286753564665,0.0399589092301901,298.154
"M4",300,"Optimal (treat-all)",0.24,0.000789147395362622,0.000578718200468081,0.0129405323606298,0.0135764101498936,0.974,-8.53292035077387e-05,0.000262368150991243,0.00586673020747348,0.0058507081784808,0.988,0.0129645721637127,0.0629972464453544,0.0379421280127785,298.704
"M3",600,"Optimal (treat-all)",0.24,0.000167544223019456,0.000482551395720132,0.0107901772346762,0.0105910095435627,0.952,-0.000146133273453879,0.000216198130846998,0.00483433717182281,0.00463586363892681,0.988,0.0107914779257704,0.0434768274973463,0.0293756707482541,598.054
"M4",600,"Optimal (treat-all)",0.24,-0.000814719064929886,0.00039118894988642,0.00874725083992793,0.0088770306123608,0.964,-8.16920503779722e-05,0.000163426878263027,0.00365433609146712,0.00373743895664445,0.996,0.00878511038128606,0.037963372949628,0.0273258096441571,597.702
"M3",1200,"Optimal (treat-all)",0.24,7.77387773825966e-05,0.000329203333855865,0.00736121032921272,0.00723484366802611,0.954,-3.84821985649052e-05,0.000162706508814555,0.00363822814091013,0.00345408519338745,0.99,0.00736162080172682,0.0291071430943336,0.0199818558292862,1194.352
"M4",1200,"Optimal (treat-all)",0.24,-0.000184356858892815,0.000268962484148304,0.00601418397952817,0.00608078797402445,0.96,-8.43400354840953e-05,0.00012604886358491,0.00281853827462456,0.00274873010317188,1,0.00601700892396165,0.0249634593395144,0.0182081981967262,1192.836
"M3",300,"Recorded",0.24,0.0234329736842105,0.000104161668865352,0.00232912572232751,NA,NA,-0.002559,5.53102016730856e-05,0.00123677370790242,NA,NA,0.0235484411865268,NA,NA,0
"M4",300,"Recorded",0.24,0.0179565157894737,0.000104312217851765,0.00233249210000315,NA,NA,-0.00139545789473684,5.63100187665631e-05,0.00125913029776324,NA,NA,0.0181073736001165,NA,NA,0
"M3",600,"Recorded",0.24,0.0233670315789474,0.000100375776560541,0.002244470596837,NA,NA,-0.00250257368421053,5.49820066861659e-05,0.00122943504489615,NA,NA,0.0234745780169014,NA,NA,0
"M4",600,"Recorded",0.24,0.0179102842105263,0.000108062865335719,0.00241635912734073,NA,NA,-0.00132813684210526,5.73020359173158e-05,0.00128131247560253,NA,NA,0.0180725502332712,NA,NA,0
"M3",1200,"Recorded",0.24,0.0234085157894737,0.0001059036214351,0.00236807696592287,NA,NA,-0.0024328,5.31346107796083e-05,0.00118812601661197,NA,NA,0.0235279918391386,NA,NA,0
"M4",1200,"Recorded",0.24,0.0179732105263158,0.000104922143404618,0.00234613044997706,NA,NA,-0.00139034210526316,5.59665057215766e-05,0.00125144911256576,NA,NA,0.0181256896340961,NA,NA,0
"M3",300,"SRS",0.24,-0.000396337945417879,0.000749752457778624,0.0167649746189054,0.0174092022260116,0.964,1.55735517983254e-05,0.000258615229999087,0.00578281234294702,0.00562804809476987,0.986,0.0167696588438621,0.0754330439340101,0.032757217047561,298.758
"M4",300,"SRS",0.24,0.000408856768427751,0.000644281260073823,0.0144065669415429,0.0140828532116761,0.946,-0.000205064791134808,0.000195895517907658,0.00438035694529051,0.00402314217194748,0.996,0.0144123674286443,0.0665334018552179,0.030079521892666,299.476
"M3",600,"SRS",0.24,-0.000601069638277912,0.00049560693519064,0.011082107972066,0.0108199410012703,0.95,-6.40689459486671e-05,0.000152669983725721,0.00341380461734498,0.00340510790862057,0.984,0.0110983963622944,0.0450121318258191,0.0207122877764172,598.522
"M4",600,"SRS",0.24,-0.000403746563319735,0.00041216781817006,0.00921635259566027,0.00906267040285352,0.966,-0.000106854553731588,0.000116917244232698,0.00261434905846258,0.00267814966340583,0.998,0.00922519194677955,0.0407469315253854,0.0186407173721861,596.904
"M3",1200,"SRS",0.24,0.00028288700976245,0.000331032835481407,0.0074021192292093,0.00731372419371518,0.958,7.50332717650258e-05,0.000110363330667878,0.00246779909596662,0.002445756985106,0.986,0.00740752280750605,0.0296677513353134,0.0129989588053017,1195.99
"M4",1200,"SRS",0.24,-1.71517533688326e-05,0.000281508872768175,0.00629472975778979,0.00621528214326041,0.954,-3.42876766314185e-05,9.38306143451239e-05,0.00209811632046264,0.00200081173934453,0.986,0.00629475312512317,0.025817579716437,0.0114881517261713,1195.816
"M3",300,"SRS [strata]",0.24,0.000226875576770563,0.000735785151873444,0.0164526561642403,0.0165548580584232,0.968,-0.000287936944265089,0.000247623117311499,0.00553702123108916,0.0049256934348916,0.988,0.016454220351814,0.0726294735354983,0.0321573985924369,298.758
"M4",300,"SRS [strata]",0.24,0.00164532629387185,0.000612173169722477,0.0136886082150097,0.013300168768698,0.958,-0.000267011726403364,0.000200395748272508,0.00448098515539264,0.00359735397731685,0.982,0.0137871350714113,0.0640261124752502,0.0293981470226134,299.476
"M3",600,"SRS [strata]",0.24,-0.000521746361742598,0.000498281544433605,0.0111419140528712,0.0106473409905384,0.944,-8.40875180908272e-05,0.000152686289110953,0.00341416921684277,0.00333456784140843,0.986,0.0111541233643689,0.0443606592203012,0.0200298226263778,598.522
"M4",600,"SRS [strata]",0.24,-0.00017803859807744,0.000407888944149161,0.00912067406388138,0.00881956619913304,0.96,-9.34735337994857e-05,0.000119692570220875,0.00267640723415543,0.00262199223459944,0.994,0.00912241158477099,0.0387342302860509,0.0184330789379607,596.904
"M3",1200,"SRS [strata]",0.24,0.00032193015777543,0.000330339574093374,0.00738661743331112,0.00728241065629835,0.96,7.46432272120401e-05,0.000110976036559585,0.00248149961620733,0.00243059258368237,0.98,0.00739362942894632,0.0295801407343784,0.0125933496350726,1195.99
"M4",1200,"SRS [strata]",0.24,5.2996464052768e-05,0.000285736811648849,0.0063892693452088,0.00615386241437627,0.948,-5.09324071839828e-05,9.36972660884314e-05,0.00209513456279618,0.00199169339294887,0.988,0.00638948913379051,0.0254873056652894,0.0113602079752411,1195.816
"M3",300,"SRS [wald]",0.24,-0.000396337945417879,0.000749752457778624,0.0167649746189054,0.0174092022260116,0.938,1.55735517983254e-05,0.000258615229999087,0.00578281234294702,0.00562804809476987,0.774,0.0167696588438621,0.0669533807296361,0.0176322254567717,298.758
"M4",300,"SRS [wald]",0.24,0.000408856768427751,0.000644281260073823,0.0144065669415429,0.0140828532116761,0.906,-0.000205064791134808,0.000195895517907658,0.00438035694529051,0.00402314217194748,0.864,0.0144123674286443,0.0535384562359207,0.0115698049821254,299.476
"M3",600,"SRS [wald]",0.24,-0.000601069638277912,0.00049560693519064,0.011082107972066,0.0108199410012703,0.928,-6.40689459486671e-05,0.000152669983725721,0.00341380461734498,0.00340510790862057,0.884,0.0110983963622944,0.0421111671629427,0.0123730429761041,598.522
"M4",600,"SRS [wald]",0.24,-0.000403746563319735,0.00041216781817006,0.00921635259566027,0.00906267040285352,0.938,-0.000106854553731588,0.000116917244232698,0.00261434905846258,0.00267814966340583,0.922,0.00922519194677955,0.0351907594869811,0.00955100125928935,596.904
"M3",1200,"SRS [wald]",0.24,0.00028288700976245,0.000331032835481407,0.0074021192292093,0.00731372419371518,0.952,7.50332717650258e-05,0.000110363330667878,0.00246779909596662,0.002445756985106,0.932,0.00740752280750605,0.0285959659016846,0.00940729157722126,1195.99
"M4",1200,"SRS [wald]",0.24,-1.71517533688326e-05,0.000281508872768175,0.00629472975778979,0.00621528214326041,0.948,-3.42876766314185e-05,9.38306143451239e-05,0.00209811632046264,0.00200081173934453,0.938,0.00629475312512317,0.0242751723963255,0.00762933542681749,1195.816
"M3",300,"Balanced",0.26,0.00182628609745045,0.0011313725976342,0.0252982603619059,0.023794796094863,0.822,-0.000210355362952152,0.000115659601504021,0.00258622731213528,0.00295178531022175,0.996,0.0253640946664477,0.1015772749823,0.0159941637930207,298.352
"M4",300,"Balanced",0.26,0.00104748664265922,0.000917870262659266,0.0205242030183171,0.0209664358889897,0.946,4.46057131592518e-05,0.0001074718771555,0.00240314422989205,0.00243979530343225,0.984,0.0205509157412424,0.0928958405645397,0.0149131174057279,298.628
"M3",600,"Balanced",0.26,-0.000326374310126193,0.000717767821198281,0.0160497764026127,0.0156972442110721,0.932,-4.98541190177984e-05,9.32794980673674e-05,0.00208579298585694,0.00207660290085536,0.97,0.0160530944918472,0.0645630090173572,0.00979362195600069,596.444
"M4",600,"Balanced",0.26,-0.000358740764306142,0.000648290397563139,0.0144962139811154,0.0137291387537806,0.896,3.19777093046774e-05,7.81752657844732e-05,0.00174805208453195,0.00174017183995589,0.974,0.0145006522171336,0.0587702439298101,0.00878990076610359,597.224
"M3",1200,"Balanced",0.26,-9.29569427489119e-05,0.000484365885073041,0.0108307504500517,0.0107528350947398,0.948,4.45993120394613e-05,7.48850921625366e-05,0.00167448156576768,0.00160911726138325,0.94,0.010831149352885,0.0431545880345207,0.00678668011446903,1193.964
"M4",1200,"Balanced",0.26,-0.000265410343501971,0.00040133175989025,0.00897405096644223,0.00938060612087319,0.948,-2.2907483708293e-05,6.43393202635631e-05,0.00143867093735457,0.00142288024961195,0.966,0.00897797490521891,0.0384136641734435,0.00617642212319481,1191.572
"M3",300,"Equal-rate correction",0.26,0.00578543899807538,0.000733902955961763,0.0164105689841854,NA,NA,0.00822835000164671,0.000219735400049845,0.00491343291574565,NA,NA,0.0174005194975655,NA,NA,299.046
"M4",300,"Equal-rate correction",0.26,0.00335501554081127,0.000521524583127579,0.0116616441981051,NA,NA,0.00519155803617263,0.000153914474687117,0.00344163228121565,NA,NA,0.0121346641767411,NA,NA,299.444
"M3",600,"Equal-rate correction",0.26,0.00732196268054539,0.000485807756154048,0.0108629916675709,NA,NA,0.00803254335528744,0.000143228023574085,0.00320267596994595,NA,NA,0.0131002185273764,NA,NA,598.268
"M4",600,"Equal-rate correction",0.26,0.00344361903509907,0.00037127350302334,0.00830192791004663,NA,NA,0.00522555099253698,0.00011954599769572,0.00267312977285663,NA,NA,0.0089877983445618,NA,NA,598.344
"M3",1200,"Equal-rate correction",0.26,0.00796337467040159,0.000364705447441885,0.00815506172244531,NA,NA,0.00788452620143336,0.000115077528622366,0.00257321176682288,NA,NA,0.0113982616147414,NA,NA,1195.786
"M4",1200,"Equal-rate correction",0.26,0.00476725974909176,0.000271991180935294,0.00608190769851763,NA,NA,0.00481360583365353,9.10506756217064e-05,0.00203595500087418,NA,NA,0.00772763655774509,NA,NA,1193.344
"M3",300,"Optimal (both)",0.26,0.000263819918836755,0.000837943095440934,0.0187369772268252,0.0175994704071963,0.934,-0.000118236269604847,0.000247224882429285,0.00552811642841274,0.00481382014265561,0.988,0.018738834450097,0.0756718767290321,0.0295561034780419,298.8
"M4",300,"Optimal (both)",0.26,0.00022666223634582,0.000695844794764997,0.0155595626288392,0.0145768756292586,0.934,-0.000239976504160797,0.000200303978518334,0.00447893312130653,0.00421124976348284,0.984,0.0155612134800007,0.0670734640751536,0.0281432848664399,299.25
"M3",600,"Optimal (both)",0.26,0.000585419124964626,0.00049034716592584,0.0109644959558455,0.0111427693513209,0.956,-0.000160456994228435,0.000133773318044783,0.00299126232723835,0.00316192766819388,0.998,0.0109801132561384,0.0459346865583757,0.0195902241339806,597.214
"M4",600,"Optimal (both)",0.26,-0.000600960283911683,0.000417358188295117,0.0093324127999404,0.00939008258992658,0.946,-3.91685271787573e-05,0.000117237054544451,0.00262150023443243,0.00253612121964686,0.992,0.00935174218695803,0.0403028960523812,0.0174979052859765,597.936
"M3",1200,"Optimal (both)",0.26,3.94147224610508e-05,0.000341926042793359,0.00764569874963453,0.00763032410777357,0.948,-7.00724245782233e-05,9.32918162745583e-05,0.00208606842934334,0.002170593006935,0.988,0.00764580034335907,0.0308321288876181,0.0119080567811314,1195.146
"M4",1200,"Optimal (both)",0.26,-0.000650049708101952,0.000291456119609609,0.00651715695905396,0.00654020340091939,0.95,-0.000165458454521723,8.46380849824149e-05,0.00189256511506084,0.00184564783916092,0.992,0.00654949612198899,0.0267471502235377,0.0110116057237058,1192.168
"M3",300,"Optimal (both) [strata]",0.26,0.000636762142791764,0.000825229514638775,0.0184526929177146,0.016976911883516,0.934,-0.000229765140272125,0.000247810794202009,0.00554121781393903,0.00430485632224578,0.984,0.0184636762845855,0.0740029372307855,0.0287572723665819,298.8
"M4",300,"Optimal (both) [strata]",0.26,0.00073508373709183,0.00067959726856949,0.0151962568984456,0.0140496944410629,0.934,-0.000180110669543759,0.000183931724149019,0.00411283838415946,0.00360717250537372,0.986,0.0152140254970239,0.0654092518652872,0.0273856601254603,299.25
"M3",600,"Optimal (both) [strata]",0.26,0.000700704804922431,0.000487123546891391,0.0108924136428996,0.0109365287253678,0.96,-0.000260269665316339,0.000148719140769932,0.00332546108316928,0.0030268292857061,0.988,0.0109149284098278,0.0452270022552891,0.0187223208159467,597.214
"M4",600,"Optimal (both) [strata]",0.26,-0.000448747479389305,0.000414257322265665,0.00926307532763065,0.00918428310154972,0.948,-7.94064515169815e-05,0.000130570656601401,0.00291964864027515,0.0024735424447074,0.986,0.00927393868998593,0.0392385232790556,0.0173399151916841,597.936
"M3",1200,"Optimal (both) [strata]",0.26,-1.8555312196411e-05,0.000345539481479363,0.00772649769497885,0.00758193112121333,0.95,-8.14444318859801e-05,9.32041344471866e-05,0.00208410780407939,0.0021533425646769,0.988,0.00772651997539152,0.0307035428609071,0.0116995564898034,1195.146
"M4",1200,"Optimal (both) [strata]",0.26,-0.000650980198675433,0.000290644189890426,0.0064990016586035,0.00647508797706235,0.952,-0.000154494474262218,8.53920431787039e-05,0.00190942413285179,0.00183530258249317,0.986,0.00653152338873547,0.0264720662463146,0.0108461106975057,1192.168
"M3",300,"Optimal (both) [wald]",0.26,0.000263819918836755,0.000837943095440934,0.0187369772268252,0.0175994704071963,0.908,-0.000118236269604847,0.000247224882429285,0.00552811642841274,0.00481382014265561,0.81,0.018738834450097,0.0673727955982978,0.014729911818702,298.8
"M4",300,"Optimal (both) [wald]",0.26,0.00022666223634582,0.000695844794764997,0.0155595626288392,0.0145768756292586,0.888,-0.000239976504160797,0.000200303978518334,0.00447893312130653,0.00421124976348284,0.85,0.0155612134800007,0.0549978055379944,0.0116283162583441,299.25
"M3",600,"Optimal (both) [wald]",0.26,0.000585419124964626,0.00049034716592584,0.0109644959558455,0.0111427693513209,0.928,-0.000160456994228435,0.000133773318044783,0.00299126232723835,0.00316192766819388,0.908,0.0109801132561384,0.0432634213966752,0.0112488873822478,597.214
"M4",600,"Optimal (both) [wald]",0.26,-0.000600960283911683,0.000417358188295117,0.0093324127999404,0.00939008258992658,0.928,-3.91685271787573e-05,0.000117237054544451,0.00262150023443243,0.00253612121964686,0.886,0.00935174218695803,0.0363072046093659,0.00853357238344641,597.936
"M3",1200,"Optimal (both) [wald]",0.26,3.94147224610508e-05,0.000341926042793359,0.00764569874963453,0.00763032410777357,0.946,-7.00724245782233e-05,9.32918162745583e-05,0.00208606842934334,0.002170593006935,0.93,0.00764580034335907,0.0297840549424144,0.00821643756426219,1195.146
"M4",1200,"Optimal (both) [wald]",0.26,-0.000650049708101952,0.000291456119609609,0.00651715695905396,0.00654020340091939,0.946,-0.000165458454521723,8.46380849824149e-05,0.00189256511506084,0.00184564783916092,0.918,0.00654949612198899,0.0255012443847751,0.00691934879702548,1192.168
"M3",300,"Optimal (treat-all)",0.26,0.00127643888629847,0.000767792991283141,0.0171683732115701,0.0169445160634099,0.96,-0.000162263686672397,0.000376983791950709,0.00842961385217423,0.00722828454020603,0.97,0.0172157583324758,0.073586033815221,0.0376860664358654,298.154
"M4",300,"Optimal (treat-all)",0.26,0.000794870177482088,0.000597596970446572,0.0133626744906647,0.0140593728820228,0.978,-0.000103240924060465,0.000259539909596384,0.00580348880731665,0.00573377419625823,0.99,0.0133862947876741,0.0654545764753768,0.0361561989703383,298.704
"M3",600,"Optimal (treat-all)",0.26,0.000260955562403159,0.000505022135436202,0.0112926382497745,0.0110266530620584,0.958,-6.11997042451193e-05,0.000204858669307537,0.00458077910351803,0.00440615145426437,0.992,0.0112956529889077,0.0452877745058436,0.0288782914538435,598.054
"M4",600,"Optimal (treat-all)",0.26,-0.000849270677435982,0.000403549097318371,0.00902363213862557,0.00920146813667031,0.966,-9.64321219502776e-05,0.00016093781278933,0.00359867889547077,0.00363377723694322,0.994,0.00906350912488032,0.0394187465934799,0.0274628329506102,597.702
"M3",1200,"Optimal (treat-all)",0.26,0.000149590778670411,0.000339708315898806,0.00759610886871702,0.00753239137536148,0.954,3.02286952648624e-05,0.000155930084307639,0.00348670268249155,0.00332809034286966,0.988,0.0075975816775119,0.0303362675384755,0.0202828577703775,1194.352
"M4",1200,"Optimal (treat-all)",0.26,-0.000226953241752093,0.000279510376498091,0.00625004202266292,0.00631056803656383,0.956,-0.000124233260953963,0.000123177175856406,0.00275432538491369,0.00267720005234822,0.998,0.00625416125943313,0.0259283934128569,0.0189167424902929,1192.836
"M3",300,"Recorded",0.26,0.0246768702702703,0.00010839062808236,0.00242368812516055,NA,NA,-0.00201758918918919,4.95301381310314e-05,0.00110752755795941,NA,NA,0.0247956082898523,NA,NA,0
"M4",300,"Recorded",0.26,0.0185881810810811,0.000109138446118849,0.00244040984480445,NA,NA,-0.00128681891891892,5.24176048498324e-05,0.00117209327661948,NA,NA,0.018747695221378,NA,NA,0
"M3",600,"Recorded",0.26,0.0245766378378378,0.000105911669428165,0.00236825692451862,NA,NA,-0.00199214594594595,5.05741033138748e-05,0.00113087132910921,NA,NA,0.0246904793042333,NA,NA,0
"M4",600,"Recorded",0.26,0.0185461837837838,0.000112706308088535,0.00252018966378999,NA,NA,-0.00121219459459459,5.33653915713064e-05,0.00119328643199335,NA,NA,0.0187166313444316,NA,NA,0
"M3",1200,"Recorded",0.26,0.0246181351351351,0.00011167418906283,0.0024971107807665,NA,NA,-0.0019215945945946,4.86384130299609e-05,0.00108758797852704,NA,NA,0.0247444567485972,NA,NA,0
"M4",1200,"Recorded",0.26,0.0186047891891892,0.000110927231588363,0.00248040830387442,NA,NA,-0.0012821027027027,5.15694214731534e-05,0.00115312731974308,NA,NA,0.0187694061208153,NA,NA,0
"M3",300,"SRS",0.26,-0.000264466064870267,0.000774456911813504,0.0173173830045955,0.0180120066258161,0.96,0.000158578175513951,0.000253124238226641,0.00566003003427621,0.00535524372072134,0.986,0.0173194023114922,0.0782476326301892,0.0307002551369023,298.758
"M4",300,"SRS",0.26,0.000363089280902312,0.000666048317921464,0.0148932931517178,0.0145578785340205,0.944,-0.000267424753243067,0.000187663976615302,0.00419629408639746,0.00378852482144708,0.996,0.0148977184403825,0.0689345425677341,0.0287033906216952,299.476
"M3",600,"SRS",0.26,-0.000686984212288744,0.000516083652388962,0.0115399812881809,0.0112345987148505,0.948,-0.000135469987734367,0.000132172296380831,0.00295546239449789,0.00308541488766921,0.988,0.0115604115601262,0.0467482198980538,0.0195713950512712,598.522
"M4",600,"SRS",0.26,-0.000426694030787655,0.00042926863056082,0.00959873838542237,0.00938121952090073,0.972,-0.000121777912832285,0.00010978566772376,0.00245488215985532,0.00249170935673113,1,0.00960821764885094,0.0421780750971937,0.0178705427666329,596.904
"M3",1200,"SRS",0.26,0.000301514754451615,0.00034319121595536,0.00767398888156994,0.00759996445485045,0.962,8.80433478596754e-05,0.000102261667212209,0.0022866403937896,0.00223388248394783,0.994,0.00767990992796212,0.0308248149947064,0.0122596869010463,1195.99
"M4",1200,"SRS",0.26,-6.31099463341001e-05,0.000291608180259603,0.00652055713855484,0.0064394940518064,0.96,-8.0709002657867e-05,8.4846250754213e-05,0.00189721984322413,0.0018764752872527,0.994,0.00652086253976303,0.0267341744437256,0.0110614157473468,1195.816
"M3",300,"SRS [strata]",0.26,0.000439693269935676,0.000762714663979279,0.0170548183609358,0.0171401373148426,0.964,-8.90331030198536e-05,0.00023832238914486,0.00532905062688065,0.00457174365132313,0.988,0.0170604853241676,0.0753631496698911,0.0298152026318131,298.758
"M4",300,"SRS [strata]",0.26,0.00159789206499136,0.000633532854315044,0.0141662252822791,0.0137588153301358,0.96,-0.000366130766642686,0.000194950917984675,0.0043592350488972,0.00330939358456281,0.986,0.0142560582840996,0.0663021325328007,0.0278315346770874,299.476
"M3",600,"SRS [strata]",0.26,-0.000598182877237563,0.00051929206215193,0.0116117235114776,0.0110554327640257,0.946,-0.00014869541618979,0.000131211553964774,0.00293397954098616,0.00301721466526285,0.986,0.0116271211252667,0.0460684328991815,0.0191830265992786,598.522
"M4",600,"SRS [strata]",0.26,-0.000219860066050931,0.00042519995478438,0.00950776002927711,0.0091308763331718,0.966,-0.000133009459495213,0.000112144587377059,0.0025076292068377,0.00243807618366288,0.998,0.00951030174195138,0.0399913849852647,0.017767145459171,596.904
"M3",1200,"SRS [strata]",0.26,0.000346161307943516,0.000342624611941248,0.00766131923065117,0.00756760867110296,0.956,9.21909468243349e-05,0.00010273640667757,0.00229725589095111,0.00221828747498122,0.992,0.00766913554483571,0.0307363174762702,0.0119765092149872,1195.99
"M4",1200,"SRS [strata]",0.26,4.27025234012168e-06,0.000296278513156896,0.00662498895691384,0.00637654949528076,0.95,-0.000102467507308472,8.46765096314883e-05,0.00189342431633423,0.00186769799363647,0.992,0.00662499033314656,0.0263955725253757,0.0110987462787958,1195.816
"M3",300,"SRS [wald]",0.26,-0.000264466064870267,0.000774456911813504,0.0173173830045955,0.0180120066258161,0.936,0.000158578175513951,0.000253124238226641,0.00566003003427621,0.00535524372072134,0.784,0.0173194023114922,0.0692947075357468,0.0161559733944092,298.758
"M4",300,"SRS [wald]",0.26,0.000363089280902312,0.000666048317921464,0.0148932931517178,0.0145578785340205,0.908,-0.000267424753243067,0.000187663976615302,0.00419629408639746,0.00378852482144708,0.848,0.0148977184403825,0.0553643369993598,0.0104741215864542,299.476
"M3",600,"SRS [wald]",0.26,-0.000686984212288744,0.000516083652388962,0.0115399812881809,0.0112345987148505,0.92,-0.000135469987734367,0.000132172296380831,0.00295546239449789,0.00308541488766921,0.894,0.0115604115601262,0.0437284092845578,0.0110641258472295,598.522
"M4",600,"SRS [wald]",0.26,-0.000426694030787655,0.00042926863056082,0.00959873838542237,0.00938121952090073,0.938,-0.000121777912832285,0.00010978566772376,0.00245488215985532,0.00249170935673113,0.908,0.00960821764885094,0.0364353721843366,0.00868747358826888,596.904
"M3",1200,"SRS [wald]",0.26,0.000301514754451615,0.00034319121595536,0.00767398888156994,0.00759996445485045,0.952,8.80433478596754e-05,0.000102261667212209,0.0022866403937896,0.00223388248394783,0.916,0.00767990992796212,0.0297166443792704,0.00853586863004207,1195.99
"M4",1200,"SRS [wald]",0.26,-6.31099463341001e-05,0.000291608180259603,0.00652055713855484,0.0064394940518064,0.952,-8.0709002657867e-05,8.4846250754213e-05,0.00189721984322413,0.0018764752872527,0.928,0.00652086253976303,0.0251528934638451,0.00712124204914945,1195.816
"M3",300,"Balanced",0.28,0.00204114869956043,0.00116427411905879,0.0260339607465914,0.0245117533212144,0.83,-5.20661347422468e-05,0.000102832954606341,0.00229941476826928,0.00254572300389213,0.99,0.0261138545635986,0.104422114952572,0.0140323519121968,298.352
"M4",300,"Balanced",0.28,0.00101847365590702,0.000945497866336136,0.0211419750170861,0.0215854855360463,0.934,-1.22650771901441e-05,9.69960344411474e-05,0.00216889726558316,0.00217440094085099,0.984,0.0211664922982262,0.095487269516854,0.0133604853409529,298.628
"M3",600,"Balanced",0.28,-0.00021183811813294,0.000740080713016804,0.0165487078314209,0.0161730940322669,0.928,7.23631893951547e-05,8.25379614487831e-05,0.00184560492523736,0.00181320627692505,0.97,0.0165500636336548,0.066405297564301,0.0087601753761823,596.444
"M4",600,"Balanced",0.28,-0.000468447528167437,0.000668894962200478,0.0149569460528742,0.0141395081958416,0.906,-6.68757636229627e-05,6.98012576391595e-05,0.00156080356996137,0.00154956549618636,0.98,0.0149642800800852,0.0604196672814636,0.00795556755180108,597.224
"M3",1200,"Balanced",0.28,-5.3515637191387e-05,0.000503470824001038,0.0112579498715415,0.0110856447292443,0.942,8.78616246744691e-05,6.717508008137e-05,0.00150208045455935,0.00141435435092921,0.946,0.0112580770664251,0.044453196966344,0.00612541895345295,1193.964
"M4",1200,"Balanced",0.28,-0.000266012242341157,0.000415203248145259,0.00928422687331514,0.00966658783370356,0.952,-1.67731919976247e-05,5.74657901768056e-05,0.00128497413216077,0.00129122506289538,0.974,0.00928803699111186,0.0395522925573722,0.00564440060516054,1191.572
"M3",300,"Equal-rate correction",0.28,0.00489950741894671,0.000783974695590422,0.0175302071197989,NA,NA,0.00741027706150615,0.000191699627074117,0.00428653397399085,NA,NA,0.0182020145756276,NA,NA,299.046
"M4",300,"Equal-rate correction",0.28,0.00256379157481781,0.000557319297241335,0.0124620383380404,NA,NA,0.0044513491394948,0.000135319145568571,0.00302582808148514,NA,NA,0.0127230274218794,NA,NA,299.444
"M3",600,"Equal-rate correction",0.28,0.0065435041272742,0.000516792862439036,0.0115558397070038,NA,NA,0.00727382315409241,0.000128767346507749,0.00287932540073596,NA,NA,0.0132798673787663,NA,NA,598.268
"M4",600,"Equal-rate correction",0.28,0.00261396561625518,0.000396512784031686,0.00886629539042544,NA,NA,0.00444539568362197,0.000104937649899379,0.00234647718574085,NA,NA,0.00924359292662997,NA,NA,598.344
"M3",1200,"Equal-rate correction",0.28,0.00718081538422047,0.000389333361000997,0.00870575861106694,NA,NA,0.00709977668000314,0.000103690186801211,0.0023185830628716,NA,NA,0.0112851381283715,NA,NA,1195.786
"M4",1200,"Equal-rate correction",0.28,0.00411013566670429,0.000290306447582939,0.00649144951101931,NA,NA,0.00415776914250393,8.14242718522956e-05,0.00182070206880156,NA,NA,0.00768323707514141,NA,NA,1193.344
"M3",300,"Optimal (both)",0.28,0.00019942979443402,0.000872464825442705,0.0195089065766738,0.0182369506344128,0.93,-0.000193239065908741,0.000230032618706318,0.00514368572469617,0.0043707994770122,0.986,0.0195099258855664,0.0784760226247429,0.0273838174261535,298.8
"M4",300,"Optimal (both)",0.28,0.000203949462828701,0.000719486521736428,0.0160882077149753,0.0151058996366849,0.934,-0.000275651464914184,0.000188995615031495,0.00422607042659804,0.00387558756821161,0.986,0.0160895003919817,0.0694675736535977,0.0264329157695831,299.25
"M3",600,"Optimal (both)",0.28,0.000695012387765731,0.000508183850679407,0.0113633363518676,0.011549939381324,0.954,-7.15825125160094e-05,0.000125289753050344,0.0028015640470473,0.00288701134153102,0.996,0.011384570930203,0.0476070598078626,0.0183412474154375,597.214
"M4",600,"Optimal (both)",0.28,-0.000690446036064829,0.000427613003103435,0.00956171743002109,0.00971465604837681,0.944,-0.000113048952755964,0.000109036776636953,0.00243813644607687,0.00236246617898711,0.994,0.00958661337179542,0.0418025954256434,0.0170015915545968,597.936
"M3",1200,"Optimal (both)",0.28,2.07189896081483e-05,0.000357325823713041,0.00799004831938465,0.00791107635400291,0.944,-9.18094670710858e-05,8.54392121658351e-05,0.00191047886346834,0.00197878940819382,0.98,0.00799007518253939,0.031972487106817,0.0117651128716885,1195.146
"M4",1200,"Optimal (both)",0.28,-0.000687125592556959,0.000300271412628194,0.00671427290336531,0.00677330890891135,0.946,-0.00018907347082169,7.68302411237625e-05,0.00171797641880433,0.00171010497829464,0.994,0.00674934087158238,0.0276986071305578,0.0105687598518451,1192.168
"M3",300,"Optimal (both) [strata]",0.28,0.000633780831345881,0.000860747428555252,0.0192468976170769,0.0175927410292992,0.928,-0.000256816654025326,0.000228718863216443,0.00511430925888442,0.00381366065827346,0.98,0.0192573296701391,0.076579368531397,0.0266089968594311,298.8
"M4",300,"Optimal (both) [strata]",0.28,0.000715495006511857,0.000705764085512076,0.0157813647128298,0.0145375740106474,0.932,-0.000225121466974669,0.000170652229170956,0.00381589984938131,0.00330711549512547,0.988,0.0157975759312526,0.0677539517564965,0.0259442852150096,299.25
"M3",600,"Optimal (both) [strata]",0.28,0.000832248146368009,0.000503235278437614,0.0112526829126254,0.0113325526273391,0.952,-0.000155420059155178,0.000141135673692055,0.00315588960425664,0.00275966191101851,0.986,0.0112834174658755,0.0468745638427647,0.0178861266198042,597.214
"M4",600,"Optimal (both) [strata]",0.28,-0.000528052802809958,0.000425646092166401,0.00951773596441214,0.00950223502414617,0.944,-0.000148452301941153,0.000123338776411067,0.00275793888316793,0.00230091368799369,0.99,0.00953237313845927,0.0406261862244004,0.0167366064999627,597.936
"M3",1200,"Optimal (both) [strata]",0.28,-3.2872805730666e-05,0.00036093281652899,0.00807070313069282,0.00786122606257233,0.944,-9.7508845411585e-05,8.52568243899178e-05,0.00190640054881618,0.00196094992441638,0.982,0.0080707700775782,0.0318406983752806,0.0113215347138862,1195.146
"M4",1200,"Optimal (both) [strata]",0.28,-0.000682652106048426,0.000300008585967892,0.00670839592057797,0.00670610895856701,0.948,-0.00017237511151259,7.74533641687872e-05,0.00173190987367455,0.00170136709949669,0.986,0.00674304009517365,0.0274158056619448,0.0104538806599851,1192.168
"M3",300,"Optimal (both) [wald]",0.28,0.00019942979443402,0.000872464825442705,0.0195089065766738,0.0182369506344128,0.904,-0.000193239065908741,0.000230032618706318,0.00514368572469617,0.0043707994770122,0.82,0.0195099258855664,0.0698358392448099,0.0128123033955784,298.8
"M4",300,"Optimal (both) [wald]",0.28,0.000203949462828701,0.000719486521736428,0.0160882077149753,0.0151058996366849,0.894,-0.000275651464914184,0.000188995615031495,0.00422607042659804,0.00387558756821161,0.836,0.0160895003919817,0.057068556649241,0.0102036857301978,299.25
"M3",600,"Optimal (both) [wald]",0.28,0.000695012387765731,0.000508183850679407,0.0113633363518676,0.011549939381324,0.93,-7.15825125160094e-05,0.000125289753050344,0.0028015640470473,0.00288701134153102,0.92,0.011384570930203,0.0448564826006167,0.0100611677672357,597.214
"M4",600,"Optimal (both) [wald]",0.28,-0.000690446036064829,0.000427613003103435,0.00956171743002109,0.00971465604837681,0.936,-0.000113048952755964,0.000109036776636953,0.00243813644607687,0.00236246617898711,0.878,0.00958661337179542,0.0375675909062851,0.00776170900610002,597.936
"M3",1200,"Optimal (both) [wald]",0.28,2.07189896081483e-05,0.000357325823713041,0.00799004831938465,0.00791107635400291,0.938,-9.18094670710858e-05,8.54392121658351e-05,0.00191047886346834,0.00197878940819382,0.942,0.00799007518253939,0.0308826459704017,0.00741974584495924,1195.146
"M4",1200,"Optimal (both) [wald]",0.28,-0.000687125592556959,0.000300271412628194,0.00671427290336531,0.00677330890891135,0.944,-0.00018907347082169,7.68302411237625e-05,0.00171797641880433,0.00171010497829464,0.928,0.00674934087158238,0.0264155075183501,0.0063615141091731,1192.168
"M3",300,"Optimal (treat-all)",0.28,0.00126681128937084,0.000803681161645365,0.0179708570967503,0.0176526552480294,0.956,-0.000211855243960329,0.000365255837149696,0.00816736881045314,0.00684744953197923,0.976,0.0180154521351727,0.0769673573493772,0.0348143623680834,298.154
"M4",300,"Optimal (treat-all)",0.28,0.000756959464032314,0.000621088148064261,0.0138879531909114,0.0146250306198553,0.976,-0.000166099168108605,0.000244537483754101,0.0054680243672092,0.00544589952456945,0.99,0.013908566837138,0.0681415628693752,0.0341924079547477,298.704
"M3",600,"Optimal (treat-all)",0.28,0.00034882170195169,0.000526100646339345,0.0117639680822135,0.0114475080402585,0.962,1.77176778965154e-05,0.00019581536313746,0.00437856463014167,0.00423297424457911,0.99,0.0117691385249342,0.0470993625153963,0.0283544867617522,598.054
"M4",600,"Optimal (treat-all)",0.28,-0.000941640232371393,0.000418203417831618,0.00935131270694245,0.00955021278145148,0.962,-0.000167889494788825,0.000157736626132396,0.00352709818573507,0.00349268798149155,1,0.00939860285735299,0.0409611665732064,0.0275045388059987,597.702
"M3",1200,"Optimal (treat-all)",0.28,0.000169276261565543,0.000351776888258492,0.00786597035059335,0.00784416913313309,0.95,4.65985647320807e-05,0.000149799301416226,0.00334961420948662,0.00318171970284978,0.992,0.00786779155857241,0.0316208267088629,0.0209616703910556,1194.352
"M4",1200,"Optimal (treat-all)",0.28,-0.000274765311871178,0.000288486623309422,0.00645075700319242,0.00656118627370189,0.952,-0.000169191998273082,0.000118899509457026,0.00265867385637289,0.00257082754588354,0.996,0.00645660606594856,0.0269693074938022,0.0197935096806007,1192.836
"M3",300,"Recorded",0.28,0.0259003833333333,0.000114225414983445,0.00255415792661106,NA,NA,-0.00153558888888889,4.83023293316677e-05,0.00108007291857191,NA,NA,0.0260260173581683,NA,NA,0
"M4",300,"Recorded",0.28,0.0192572944444444,0.000116322028420835,0.0026010396282965,NA,NA,-0.00116978888888889,4.88356304479062e-05,0.00109199789405577,NA,NA,0.0194321588216029,NA,NA,0
"M3",600,"Recorded",0.28,0.0258015388888889,0.000111162139923331,0.00248566101392912,NA,NA,-0.00150526666666667,4.87668340697413e-05,0.00109045956027394,NA,NA,0.0259209938025341,NA,NA,0
"M4",600,"Recorded",0.28,0.0191793722222222,0.000118326039086725,0.00264585066906214,NA,NA,-0.00112785,4.88143826964916e-05,0.00109152277989045,NA,NA,0.0193610135220635,NA,NA,0
"M3",1200,"Recorded",0.28,0.0258045611111111,0.000118038732698975,0.00263942630292835,NA,NA,-0.00147238333333333,4.66064652115994e-05,0.00104215224404115,NA,NA,0.0259391970836735,NA,NA,0
"M4",1200,"Recorded",0.28,0.0193009,0.000117175945533133,0.00262013379539897,NA,NA,-0.00113840555555556,4.80325129975169e-05,0.0010740396419259,NA,NA,0.0194779321776155,NA,NA,0
"M3",300,"SRS",0.28,-0.000212666236391545,0.000805966720205662,0.0180219637398241,0.0186545826124125,0.962,0.000222129232892256,0.000240290472145207,0.00537305830062203,0.00500271319871068,0.988,0.0180232184686209,0.0812056277771522,0.0285215604548193,298.758
"M4",300,"SRS",0.28,0.000326101971369508,0.000690183216142354,0.0154329658822373,0.0150434709359873,0.946,-0.000321926341502085,0.000176470964933866,0.00394601073647105,0.00357016572015037,0.996,0.015436410801026,0.0713615084963097,0.0269475260787076,299.476
"M3",600,"SRS",0.28,-0.000683610314653721,0.000535966907779851,0.0119845843948611,0.0116361161614033,0.946,-0.000116776250528402,0.000124741911053405,0.00278931392758646,0.00282912334237012,0.994,0.0120040654021814,0.0484309649601463,0.0187805858220372,598.522
"M4",600,"SRS",0.28,-0.000497363151687857,0.000444810704236247,0.00994626971791801,0.00970915072767916,0.972,-0.000183977141567031,0.000105861609115966,0.00236713754190811,0.00229702561724169,1,0.00995869727455503,0.0436267927612043,0.0173480521262959,596.904
"M3",1200,"SRS",0.28,0.00034809065248273,0.000356028241472271,0.00796103349841709,0.00788333913419061,0.956,0.000128689484596562,9.17570454589445e-05,0.00205174991060738,0.00203910176222736,0.988,0.00796863987549098,0.0319658044592252,0.0116349453989979,1195.99
"M4",1200,"SRS",0.28,-6.7264388858318e-05,0.000303721605349878,0.00679142155797691,0.00666910733773221,0.96,-8.53523078577093e-05,7.93266048656506e-05,0.0017737968090386,0.00175070459286304,0.99,0.00679175465370783,0.0276969609626264,0.0108995739808751,1195.816
"M3",300,"SRS [strata]",0.28,0.000571105699306462,0.000797038967347035,0.0178223331170421,0.0177536099155756,0.964,2.76924826577377e-05,0.000224899300178778,0.00502890123291878,0.0041519573551095,0.984,0.017831481134628,0.0781452298226753,0.0276154485401154,298.758
"M4",300,"SRS [strata]",0.28,0.00159923719383956,0.000655731313996583,0.0146625979307162,0.0142193459032575,0.958,-0.000419341827562062,0.000185029638416611,0.0041373884935175,0.00306088407959295,0.986,0.0147495538129125,0.0685988926629676,0.0263384900927625,299.476
"M3",600,"SRS [strata]",0.28,-0.000583762535750737,0.000539943526673941,0.012073504296539,0.0114520816085831,0.942,-0.000121789311896068,0.000122066123625141,0.00272948150175709,0.0027558389751754,0.994,0.0120876087253308,0.0477364827271438,0.0181469616335293,598.522
"M4",600,"SRS [strata]",0.28,-0.000278901130223219,0.00044066829958107,0.00985364273392515,0.00945182054909681,0.966,-0.000189638006818702,0.000108149912936009,0.00241830557085601,0.002243261512862,0.998,0.00985758900382217,0.0413821060870392,0.0170587760851323,596.904
"M3",1200,"SRS [strata]",0.28,0.000399180303167879,0.000355803367978648,0.00795600517423629,0.007849741907862,0.952,0.000138155209795406,9.26340753688505e-05,0.00207136089557589,0.00202352328590683,0.99,0.00796601300820629,0.031876849789446,0.0114137581091413,1195.99
"M4",1200,"SRS [strata]",0.28,9.99108032001539e-07,0.000308568930408952,0.00689981104138818,0.00660449397135571,0.954,-0.000108703589384559,7.97223427233483e-05,0.00178264577654943,0.00174237311742878,0.994,0.00689981111372471,0.0273285902586846,0.0107462559762486,1195.816
"M3",300,"SRS [wald]",0.28,-0.000212666236391545,0.000805966720205662,0.0180219637398241,0.0186545826124125,0.942,0.000222129232892256,0.000240290472145207,0.00537305830062203,0.00500271319871068,0.802,0.0180232184686209,0.0717812579097495,0.0144804118963167,298.758
"M4",300,"SRS [wald]",0.28,0.000326101971369508,0.000690183216142354,0.0154329658822373,0.0150434709359873,0.91,-0.000321926341502085,0.000176470964933866,0.00394601073647105,0.00357016572015037,0.84,0.015436410801026,0.0572422545448519,0.00949490123592015,299.476
"M3",600,"SRS [wald]",0.28,-0.000683610314653721,0.000535966907779851,0.0119845843948611,0.0116361161614033,0.922,-0.000116776250528402,0.000124741911053405,0.00278931392758646,0.00282912334237012,0.886,0.0120040654021814,0.0452938303939977,0.00995205414812817,598.522
"M4",600,"SRS [wald]",0.28,-0.000497363151687857,0.000444810704236247,0.00994626971791801,0.00970915072767916,0.94,-0.000183977141567031,0.000105861609115966,0.00236713754190811,0.00229702561724169,0.904,0.00995869727455503,0.0377165065350422,0.00784379917461129,596.904
"M3",1200,"SRS [wald]",0.28,0.00034809065248273,0.000356028241472271,0.00796103349841709,0.00788333913419061,0.952,0.000128689484596562,9.17570454589445e-05,0.00205174991060738,0.00203910176222736,0.95,0.00796863987549098,0.0308271445219527,0.00775221071768072,1195.99
"M4",1200,"SRS [wald]",0.28,-6.7264388858318e-05,0.000303721605349878,0.00679142155797691,0.00666910733773221,0.942,-8.53523078577093e-05,7.93266048656506e-05,0.0017737968090386,0.00175070459286304,0.93,0.00679175465370783,0.0260522066332913,0.00659843806012192,1195.816
"M3",300,"Balanced",0.3,0.00197638064925992,0.0011992118377421,0.0268151918861379,0.0252596774469904,0.836,-0.00017664032316565,8.44830200540821e-05,0.00188909775785406,0.00211560438562116,0.99,0.0268879265909657,0.107572010546487,0.0124345142504596,298.352
"M4",300,"Balanced",0.3,0.00101926598034546,0.000973533018471765,0.0217688600764342,0.0222355384735631,0.94,-4.09224308401852e-05,8.60149117153589e-05,0.00192335189674185,0.00188246655818568,0.99,0.0217927091515961,0.0982312090219128,0.0121469530896092,298.628
"M3",600,"Balanced",0.3,-0.000330736145678689,0.000763353292166879,0.017069098521334,0.0166703406686449,0.926,-3.84148007926428e-05,6.94862581032596e-05,0.00155375996620984,0.00152566016704319,0.978,0.0170723024436971,0.0683689637955243,0.00769233622486731,596.444
"M4",600,"Balanced",0.3,-0.000460028965818871,0.000690566098042173,0.0154415273817908,0.014566311438897,0.91,-4.69837222873701e-05,5.94202811336288e-05,0.00132867787856942,0.00137732747232268,0.986,0.0154483783787163,0.0621660958304717,0.00702451524175475,597.224
"M3",1200,"Balanced",0.3,-0.000209350645775097,0.000518761681265491,0.0115998638343172,0.0114308405546789,0.942,-6.39340335701925e-05,5.43580532276046e-05,0.00121548302141476,0.0012198269145402,0.974,0.0116017528273785,0.0458084256412569,0.00526282789692192,1193.964
"M4",1200,"Balanced",0.3,-0.00023012878252171,0.00042624904495653,0.00953121839867164,0.00996473740272802,0.956,2.6231383545937e-05,5.02441464349475e-05,0.00112349326899996,0.00116058878912894,0.972,0.00953399619360747,0.0407376806430132,0.0050095912480777,1191.572
"M3",300,"Equal-rate correction",0.3,0.00383984824055744,0.000833433476817242,0.0186361390888735,NA,NA,0.00642235415861858,0.000166921145050084,0.0037324702721409,NA,NA,0.0190276145286358,NA,NA,299.046
"M4",300,"Equal-rate correction",0.3,0.00189414867590926,0.000590473534974343,0.0132033896311723,NA,NA,0.00383563645671989,0.000120315753549061,0.00269034203699812,NA,NA,0.0133385642765253,NA,NA,299.444
"M3",600,"Equal-rate correction",0.3,0.00557126140633002,0.000547417731725828,0.0122406326022769,NA,NA,0.00632244669105735,0.00011369909823908,0.00254238912643009,NA,NA,0.0134488676163307,NA,NA,598.268
"M4",600,"Equal-rate correction",0.3,0.00196559287882664,0.000422430702103507,0.00944583765686404,NA,NA,0.00384934951954677,9.13625852406677e-05,0.00204292951198252,NA,NA,0.00964818140403282,NA,NA,598.344
"M3",1200,"Equal-rate correction",0.3,0.00626140982466594,0.000409888280523029,0.00916538058429996,NA,NA,0.00617805572889958,9.20802860119944e-05,0.00205897778910443,NA,NA,0.0110999754165262,NA,NA,1195.786
"M4",1200,"Equal-rate correction",0.3,0.00358388641066515,0.000306447395616077,0.00685237208125319,NA,NA,0.00363288084291623,7.18348267107677e-05,0.00160627555677194,NA,NA,0.00773299715146,NA,NA,1193.344
"M3",300,"Optimal (both)",0.3,0.000115820501127184,0.000900955711031901,0.0201459821458399,0.0188494752057076,0.934,-0.000288067469511077,0.000229338296744872,0.00512816021365553,0.00409776766777957,0.984,0.0201463150727119,0.08123355887888,0.0252042466560977,298.8
"M4",300,"Optimal (both)",0.3,0.000289500663634257,0.000741386575370065,0.0165779078013324,0.0155894428480466,0.934,-0.000203803147758409,0.000181496551711743,0.00405838627309264,0.00378072061410155,0.99,0.0165804353894498,0.0717529718129616,0.0247828116685782,299.25
"M3",600,"Optimal (both)",0.3,0.000616265536357241,0.000525754858945972,0.0117562360410401,0.0119540994083808,0.956,-0.000172232075361081,0.00011816293620002,0.00264220357764214,0.00265909717523074,0.994,0.0117723773751928,0.049311840415083,0.017259632428789,597.214
"M4",600,"Optimal (both)",0.3,-0.000690315126800622,0.000441659156017309,0.00987579895739887,0.0100452055977937,0.946,-9.64209839686208e-05,9.84563388461869e-05,0.00220155066475827,0.00220547895318068,0.996,0.00989989596012253,0.0432560350375913,0.0164091263233523,597.936
"M3",1200,"Optimal (both)",0.3,-5.80896019516386e-05,0.000370394996224357,0.0082822839008344,0.00819157625140121,0.942,-0.000173833157393148,7.70225876831425e-05,0.00172227741862445,0.00180914781888438,0.992,0.00828248761036656,0.0331103676406493,0.0111085029049122,1195.146
"M4",1200,"Optimal (both)",0.3,-0.000608429701910773,0.000309933435249048,0.00693032229716901,0.00700708772569264,0.942,-9.61475195544997e-05,6.99904537003181e-05,0.00156503412249963,0.00159703512989573,0.996,0.00695697878714641,0.0286554261894303,0.0103018493074648,1192.168
"M3",300,"Optimal (both) [strata]",0.3,0.000581644443000351,0.000888261066697876,0.0198621212690293,0.0181785531566254,0.93,-0.000334398684810005,0.000228646422861141,0.00511268944329674,0.00352001373242933,0.974,0.0198706359124135,0.0791942342953587,0.0245343394556643,298.8
"M4",300,"Optimal (both) [strata]",0.3,0.000819686380999884,0.000726798997227873,0.016251719637802,0.0150076669375852,0.932,-0.000147804848871978,0.000165754327168235,0.00370637943112913,0.00315450377945255,0.99,0.0162723777288053,0.0699935486414237,0.0242683200094723,299.25
"M3",600,"Optimal (both) [strata]",0.3,0.000768415516651411,0.000520495518829664,0.0116386336208715,0.0117298654270238,0.96,-0.00024747178045814,0.000137342273208096,0.0030710665907765,0.00252152020209257,0.986,0.0116639725208486,0.048552037023179,0.01654076611489,597.214
"M4",600,"Optimal (both) [strata]",0.3,-0.000519857785964584,0.000439918226841668,0.00983687059759143,0.00982665961680352,0.946,-0.00012941155649949,0.000114389588805181,0.00255782896486634,0.00214120829845558,0.992,0.00985059771137705,0.0420228798092269,0.0160564643023177,597.936
"M3",1200,"Optimal (both) [strata]",0.3,-0.000101407431135625,0.000373713347204375,0.00835648448447964,0.00814000327942718,0.942,-0.000167890214807395,7.70883029327336e-05,0.00172374685627689,0.00179130561220127,0.994,0.00835709976046944,0.0329699803802771,0.0105990915011683,1195.146
"M4",1200,"Optimal (both) [strata]",0.3,-0.00059947755159212,0.000309667105412436,0.006924366980978,0.00693806748368449,0.944,-7.46212143552406e-05,7.1518249221764e-05,0.00159919666891636,0.00158839476914242,0.992,0.00695026844245035,0.0283626214251601,0.0101368642430767,1192.168
"M3",300,"Optimal (both) [wald]",0.3,0.000115820501127184,0.000900955711031901,0.0201459821458399,0.0188494752057076,0.91,-0.000288067469511077,0.000229338296744872,0.00512816021365553,0.00409776766777957,0.79,0.0201463150727119,0.0721873941398402,0.0113585050867141,298.8
"M4",300,"Optimal (both) [wald]",0.3,0.000289500663634257,0.000741386575370065,0.0165779078013324,0.0155894428480466,0.896,-0.000203803147758409,0.000181496551711743,0.00405838627309264,0.00378072061410155,0.85,0.0165804353894498,0.0589133017971003,0.00950894693235362,299.25
"M3",600,"Optimal (both) [wald]",0.3,0.000616265536357241,0.000525754858945972,0.0117562360410401,0.0119540994083808,0.928,-0.000172232075361081,0.00011816293620002,0.00264220357764214,0.00265909717523074,0.916,0.0117723773751928,0.0464309824240752,0.00902043953580117,597.214
"M4",600,"Optimal (both) [wald]",0.3,-0.000690315126800622,0.000441659156017309,0.00987579895739887,0.0100452055977937,0.938,-9.64209839686208e-05,9.84563388461869e-05,0.00220155066475827,0.00220547895318068,0.882,0.00989989596012253,0.0388486231804563,0.00708948468818359,597.936
"M3",1200,"Optimal (both) [wald]",0.3,-5.80896019516386e-05,0.000370394996224357,0.0082822839008344,0.00819157625140121,0.946,-0.000173833157393148,7.70225876831425e-05,0.00172227741862445,0.00180914781888438,0.948,0.00828248761036656,0.0319800306499563,0.00674509732898173,1195.146
"M4",1200,"Optimal (both) [wald]",0.3,-0.000608429701910773,0.000309933435249048,0.00693032229716901,0.00700708772569264,0.944,-9.61475195544997e-05,6.99904537003181e-05,0.00156503412249963,0.00159703512989573,0.926,0.00695697878714641,0.0273316088228213,0.00588207139619054,1192.168
"M3",300,"Optimal (treat-all)",0.3,0.00101944702333706,0.000828333947116757,0.0185221101382378,0.0183775220998859,0.956,-0.000501467125232086,0.000359994609412714,0.00804972418180313,0.00644792621063877,0.972,0.0185501438324991,0.0801280429498413,0.0315428182859709,298.154
"M4",300,"Optimal (treat-all)",0.3,0.000642364870100998,0.000648178306206493,0.0144937075421839,0.015248475215133,0.976,-0.000307066865815384,0.000228801488429738,0.00511615681482026,0.00501749363559771,0.994,0.0145079354473577,0.0711846511926309,0.0315225745746239,298.704
"M3",600,"Optimal (treat-all)",0.3,0.000145311066495568,0.000544241477483402,0.0121696093982781,0.0119078439722873,0.96,-0.000195253072532577,0.000187468561719166,0.0041919244764817,0.00397795328740394,0.988,0.01217047690983,0.0490588187200516,0.0271877782158392,598.054
"M4",600,"Optimal (treat-all)",0.3,-0.000907686332339508,0.000432945554658856,0.00968095690773554,0.00990419279013723,0.96,-0.000111828430826011,0.000152098942497027,0.00340103574729183,0.00336537825537745,1,0.00972341612435405,0.0425094375097703,0.0267084138840445,597.702
"M3",1200,"Optimal (treat-all)",0.3,1.32211134802884e-05,0.000365645537869311,0.00817608278345252,0.00816915708771208,0.952,-0.000112961660405562,0.000140783438750979,0.00314801339153367,0.00301564474937896,0.996,0.00817609347302918,0.0329632859744386,0.0207898252756141,1194.352
"M4",1200,"Optimal (treat-all)",0.3,-0.000157881309401253,0.000296995595503629,0.00664102340564145,0.00682123195104393,0.952,-4.92916154146176e-05,0.000111692939553671,0.00249753005448782,0.00245471809599089,0.998,0.00664289984736605,0.0280680945491382,0.0199184331386461,1192.836
"M3",300,"Recorded",0.3,0.0268760857142857,0.000119538930192901,0.0026729717386893,NA,NA,-0.00134377142857143,4.55855237488956e-05,0.00101932329892462,NA,NA,0.02700867936863,NA,NA,0
"M4",300,"Recorded",0.3,0.0199949142857143,0.000120515631994817,0.0026948114549176,NA,NA,-0.0010158,4.61444623776501e-05,0.00103182154661607,NA,NA,0.0201756934470817,NA,NA,0
"M3",600,"Recorded",0.3,0.0267739857142857,0.000117180169075049,0.00262022823666728,NA,NA,-0.00131301428571429,4.47350391603925e-05,0.00100030588538753,NA,NA,0.0269018941162328,NA,NA,0
"M4",600,"Recorded",0.3,0.0199261,0.000124903291453269,0.00279292250302978,NA,NA,-0.000961328571428572,4.40267222060635e-05,0.000984467436792576,NA,NA,0.0201208816237741,NA,NA,0
"M3",1200,"Recorded",0.3,0.0267713428571428,0.00012280061769998,0.00274590528856119,NA,NA,-0.00128494285714286,4.19146545484941e-05,0.000937240168238535,NA,NA,0.0269117965626311,NA,NA,0
"M4",1200,"Recorded",0.3,0.0200748285714286,0.000121616269906821,0.00271942246681615,NA,NA,-0.000948457142857143,4.30487968528042e-05,0.000962600361124493,NA,NA,0.0202581835495009,NA,NA,0
"M3",300,"SRS",0.3,-0.000336408168260527,0.000832591906309701,0.0186173210002463,0.0193132215457188,0.964,0.000110810028717136,0.000228800960292478,0.00511614500531211,0.00465404304726526,0.986,0.0186203601383508,0.0841866541963099,0.0264247906670189,298.758
"M4",300,"SRS",0.3,0.000375258280381985,0.000715395747123854,0.0159967352138319,0.0155327867297705,0.944,-0.000291285127143065,0.00017091661443273,0.00382181168355706,0.00341483660949996,0.992,0.0160011360933668,0.0739045509082781,0.0251455213142513,299.476
"M3",600,"SRS",0.3,-0.000794306083219176,0.000561374031010821,0.0125527049414327,0.012054540050543,0.944,-0.000211276760118811,0.000112814937168283,0.00252261868385648,0.0025343117510691,0.998,0.0125778107594489,0.0501813737899994,0.0174073309945362,598.522
"M4",600,"SRS",0.3,-0.00045578002554908,0.000457393350460835,0.0102276262408681,0.0100371736785211,0.966,-0.000133440129424809,9.85305400537708e-05,0.00220320985419997,0.00214217735199438,1,0.0102377768072264,0.0451475339759081,0.0165466512954602,596.904
"M3",1200,"SRS",0.3,0.000199765617666103,0.000367606617603578,0.00821993385940371,0.00816959475214599,0.952,-2.590415501676e-05,8.15982155391172e-05,0.00182459156788146,0.00185129215892987,0.998,0.00822236091125737,0.0331259811572302,0.0112236431706726,1195.99
"M4",1200,"SRS",0.3,-3.23547880593522e-05,0.000314906267048217,0.00704151819660514,0.00690644906162024,0.956,-5.09595047444161e-05,7.21589102226854e-05,0.00161352228440229,0.00161834696288898,0.998,0.00704159252906839,0.028670626883947,0.0105978212066026,1195.816
"M3",300,"SRS [strata]",0.3,0.000487809099840308,0.000825525422793827,0.0184593096252125,0.0183819248758307,0.962,-7.11302087126539e-05,0.00020994221769535,0.00469445070113862,0.00371778616241189,0.982,0.0184657539666636,0.0809981985931891,0.0254864891080187,298.758
"M4",300,"SRS [strata]",0.3,0.00168623089117081,0.000679700422879503,0.0151985634989392,0.0146847400183944,0.956,-0.00039002181655657,0.000181301122097962,0.00405401633408032,0.00286367200036627,0.982,0.0152918183042314,0.0709081669354557,0.0246605964697546,299.476
"M3",600,"SRS [strata]",0.3,-0.00069624153461012,0.000567420025072916,0.0126878974785768,0.011864143515854,0.94,-0.000221069075788141,0.000111385519881921,0.00249065594165129,0.00245938149902671,0.996,0.0127069860589123,0.0494518278636019,0.0168303474513647,598.522
"M4",600,"SRS [strata]",0.3,-0.000235737023867422,0.000453374917040828,0.0101377713379662,0.0097731259151307,0.96,-0.000143923525508512,0.00010140925958125,0.00226757997971596,0.00208453830085246,0.998,0.0101405118039136,0.0427797355201637,0.0163167769245402,596.904
"M3",1200,"SRS [strata]",0.3,0.000254740940849041,0.000367025906793777,0.00820694877094387,0.00813487097729889,0.952,-1.37420123340424e-05,8.32525736430613e-05,0.00186158413967692,0.00183499055059641,0.994,0.00821090135587085,0.0330318433202001,0.010812684671447,1195.99
"M4",1200,"SRS [strata]",0.3,4.22812769674819e-05,0.000320230160046213,0.00716056406308969,0.00683991159566853,0.954,-7.05557832324207e-05,7.28580404175764e-05,0.00162915531081128,0.00161105539216933,0.998,0.0071606888919987,0.028292913775279,0.0103615444394937,1195.816
"M3",300,"SRS [wald]",0.3,-0.000336408168260527,0.000832591906309701,0.0186173210002463,0.0193132215457188,0.938,0.000110810028717136,0.000228800960292478,0.00511614500531211,0.00465404304726526,0.788,0.0186203601383508,0.0743442713915854,0.0126169893588835,298.758
"M4",300,"SRS [wald]",0.3,0.000375258280381985,0.000715395747123854,0.0159967352138319,0.0155327867297705,0.91,-0.000291285127143065,0.00017091661443273,0.00382181168355706,0.00341483660949996,0.846,0.0160011360933668,0.0591238285384747,0.00868095478626856,299.476
"M3",600,"SRS [wald]",0.3,-0.000794306083219176,0.000561374031010821,0.0125527049414327,0.012054540050543,0.92,-0.000211276760118811,0.000112814937168283,0.00252261868385648,0.0025343117510691,0.868,0.0125778107594489,0.04691911234759,0.00876019912227827,598.522
"M4",600,"SRS [wald]",0.3,-0.00045578002554908,0.000457393350460835,0.0102276262408681,0.0100371736785211,0.938,-0.000133440129424809,9.85305400537708e-05,0.00220320985419997,0.00214217735199438,0.916,0.0102377768072264,0.0389988873256862,0.00717038035815213,596.904
"M3",1200,"SRS [wald]",0.3,0.000199765617666103,0.000367606617603578,0.00821993385940371,0.00816959475214599,0.954,-2.590415501676e-05,8.15982155391172e-05,0.00182459156788146,0.00185129215892987,0.95,0.00822236091125737,0.0319471653599831,0.0069948983255642,1195.99
"M4",1200,"SRS [wald]",0.3,-3.23547880593522e-05,0.000314906267048217,0.00704151819660514,0.00690644906162024,0.934,-5.09595047444161e-05,7.21589102226854e-05,0.00161352228440229,0.00161834696288898,0.932,0.00704159252906839,0.0269810432516028,0.00605346136177332,1195.816
